-- Could NOT find WrapVulkanHeaders (missing: Vulkan_INCLUDE_DIR) 
-- Could NOT find WrapVulkanHeaders (missing: Vulkan_INCLUDE_DIR) 
-- Configuring done (1.2s)
-- Generating done (0.3s)
-- Build files have been written to: /Users/bytedance/Downloads/国产资产作业/qt-video-workbench/build-release
[  1%] Built target qvw_domain_autogen_timestamp_deps
[  1%] Built target qvw_infra_autogen_timestamp_deps
[  1%] Built target qt_video_workbench_qmlimportscan
[  2%] Automatic MOC for target qvw_domain
[  3%] Automatic MOC for target qvw_infra
[  3%] Built target qvw_domain_autogen
[  3%] Built target qvw_infra_autogen
[ 10%] Built target qvw_domain
[ 10%] Built target qvw_ui_autogen_timestamp_deps
[ 20%] Built target qvw_infra
[ 20%] Built target qvw_backend_autogen_timestamp_deps
[ 20%] Built target qvw_services_autogen_timestamp_deps
[ 22%] Automatic MOC for target qvw_ui
[ 23%] Automatic MOC for target qvw_services
[ 24%] Automatic MOC for target qvw_backend
[ 24%] Built target qvw_services_autogen
[ 24%] Built target qvw_backend_autogen
[ 32%] Built target qvw_backend
[ 46%] Built target qvw_services
[ 46%] Built target qvw_controllers_autogen_timestamp_deps
[ 48%] Automatic MOC for target qvw_controllers
[ 48%] Built target qvw_controllers_autogen
[ 58%] Built target qvw_controllers
[ 58%] Built target qvw_agent_autogen_timestamp_deps
[ 59%] Automatic MOC for target qvw_agent
[ 59%] Built target qvw_agent_autogen
[ 61%] Building CXX object app/CMakeFiles/qvw_agent.dir/agent/ContextBuilder.cpp.o
[ 61%] Built target qvw_ui_autogen
[ 62%] Building CXX object app/CMakeFiles/qvw_ui.dir/qvw_ui_autogen/mocs_compilation.cpp.o
[ 64%] Building CXX object app/CMakeFiles/qvw_ui.dir/ui/ComponentBrowser.cpp.o
[ 64%] Building CXX object app/CMakeFiles/qvw_ui.dir/ui/MainWindow.cpp.o
[ 66%] Linking CXX static library libqvw_agent.a
[ 75%] Built target qvw_agent
[ 76%] Linking CXX static library libqvw_ui.a
[ 89%] Built target qvw_ui
[ 89%] Built target qvw_workflow_autogen_timestamp_deps
[ 90%] Automatic MOC for target qvw_workflow
[ 90%] Built target qvw_workflow_autogen
[ 92%] Building CXX object app/CMakeFiles/qvw_workflow.dir/workflow/AgentWorkbenchBridge.cpp.o
[ 93%] Linking CXX static library libqvw_workflow.a
[ 94%] Built target qvw_workflow
[ 94%] Built target qt_video_workbench_autogen_timestamp_deps
[ 96%] Automatic MOC for target qt_video_workbench
[ 96%] Built target qt_video_workbench_autogen
[ 97%] Building CXX object app/CMakeFiles/qt_video_workbench.dir/qt_video_workbench_autogen/mocs_compilation.cpp.o
[ 98%] Building CXX object app/CMakeFiles/qt_video_workbench.dir/main.cpp.o
[100%] Linking CXX executable qt-video-workbench.app/Contents/MacOS/qt-video-workbench
Copy original templates beside application runtime
[100%] Built target qt_video_workbench
Log:
Log: Deploying Qt frameworks found inside: QList("/Users/bytedance/Downloads/国产资产作业/qt-video-workbench/.workbench/release-macos-arm64-1.7.0/QtVideoWorkbench.app/Contents/MacOS/qt-video-workbench")
Log:  copied: "/opt/homebrew/opt/qtwebengine/lib/QtWebEngineWidgets.framework/Versions/A/QtWebEngineWidgets"
Log:  to "/Users/bytedance/Downloads/国产资产作业/qt-video-workbench/.workbench/release-macos-arm64-1.7.0/QtVideoWorkbench.app/Contents/Frameworks/QtWebEngineWidgets.framework/Versions/A/QtWebEngineWidgets"
Log: copy: "/opt/homebrew/opt/qtwebengine/lib/QtWebEngineWidgets.framework/Resources" "/Users/bytedance/Downloads/国产资产作业/qt-video-workbench/.workbench/release-macos-arm64-1.7.0/QtVideoWorkbench.app/Contents/Frameworks/QtWebEngineWidgets.framework/Versions/A/Resources"
Log:  copied: "/opt/homebrew/opt/qtwebengine/lib/QtWebEngineWidgets.framework/Resources/Info.plist"
Log:  to "/Users/bytedance/Downloads/国产资产作业/qt-video-workbench/.workbench/release-macos-arm64-1.7.0/QtVideoWorkbench.app/Contents/Frameworks/QtWebEngineWidgets.framework/Versions/A/Resources/Info.plist"
Log:  copied: "/opt/homebrew/opt/qtwebengine/lib/QtWebEngineWidgets.framework/Resources/PrivacyInfo.xcprivacy"
Log:  to "/Users/bytedance/Downloads/国产资产作业/qt-video-workbench/.workbench/release-macos-arm64-1.7.0/QtVideoWorkbench.app/Contents/Frameworks/QtWebEngineWidgets.framework/Versions/A/Resources/PrivacyInfo.xcprivacy"
Log:  symlink "/Users/bytedance/Downloads/国产资产作业/qt-video-workbench/.workbench/release-macos-arm64-1.7.0/QtVideoWorkbench.app/Contents/Frameworks/QtWebEngineWidgets.framework/QtWebEngineWidgets"
Log:  points to "Versions/Current/QtWebEngineWidgets"
Log:  symlink "/Users/bytedance/Downloads/国产资产作业/qt-video-workbench/.workbench/release-macos-arm64-1.7.0/QtVideoWorkbench.app/Contents/Frameworks/QtWebEngineWidgets.framework/Resources"
Log:  points to "Versions/Current/Resources"
Log:  symlink "/Users/bytedance/Downloads/国产资产作业/qt-video-workbench/.workbench/release-macos-arm64-1.7.0/QtVideoWorkbench.app/Contents/Frameworks/QtWebEngineWidgets.framework/Versions/Current"
Log:  points to "A"
Log:  copied: "/opt/homebrew/opt/qtwebengine/lib/QtWebEngineCore.framework/Versions/A/QtWebEngineCore"
Log:  to "/Users/bytedance/Downloads/国产资产作业/qt-video-workbench/.workbench/release-macos-arm64-1.7.0/QtVideoWorkbench.app/Contents/Frameworks/QtWebEngineCore.framework/Versions/A/QtWebEngineCore"
Log: copy: "/opt/homebrew/opt/qtwebengine/lib/QtWebEngineCore.framework/Resources" "/Users/bytedance/Downloads/国产资产作业/qt-video-workbench/.workbench/release-macos-arm64-1.7.0/QtVideoWorkbench.app/Contents/Frameworks/QtWebEngineCore.framework/Versions/A/Resources"
Log:  copied: "/opt/homebrew/opt/qtwebengine/lib/QtWebEngineCore.framework/Resources/icudtl.dat"
Log:  to "/Users/bytedance/Downloads/国产资产作业/qt-video-workbench/.workbench/release-macos-arm64-1.7.0/QtVideoWorkbench.app/Contents/Frameworks/QtWebEngineCore.framework/Versions/A/Resources/icudtl.dat"
Log:  copied: "/opt/homebrew/opt/qtwebengine/lib/QtWebEngineCore.framework/Resources/Info.plist"
Log:  to "/Users/bytedance/Downloads/国产资产作业/qt-video-workbench/.workbench/release-macos-arm64-1.7.0/QtVideoWorkbench.app/Contents/Frameworks/QtWebEngineCore.framework/Versions/A/Resources/Info.plist"
Log:  copied: "/opt/homebrew/opt/qtwebengine/lib/QtWebEngineCore.framework/Resources/PrivacyInfo.xcprivacy"
Log:  to "/Users/bytedance/Downloads/国产资产作业/qt-video-workbench/.workbench/release-macos-arm64-1.7.0/QtVideoWorkbench.app/Contents/Frameworks/QtWebEngineCore.framework/Versions/A/Resources/PrivacyInfo.xcprivacy"
Log:  copied: "/opt/homebrew/opt/qtwebengine/lib/QtWebEngineCore.framework/Resources/qtwebengine_devtools_resources.pak"
Log:  to "/Users/bytedance/Downloads/国产资产作业/qt-video-workbench/.workbench/release-macos-arm64-1.7.0/QtVideoWorkbench.app/Contents/Frameworks/QtWebEngineCore.framework/Versions/A/Resources/qtwebengine_devtools_resources.pak"
Log:  copied: "/opt/homebrew/opt/qtwebengine/lib/QtWebEngineCore.framework/Resources/qtwebengine_resources.pak"
Log:  to "/Users/bytedance/Downloads/国产资产作业/qt-video-workbench/.workbench/release-macos-arm64-1.7.0/QtVideoWorkbench.app/Contents/Frameworks/QtWebEngineCore.framework/Versions/A/Resources/qtwebengine_resources.pak"
Log:  copied: "/opt/homebrew/opt/qtwebengine/lib/QtWebEngineCore.framework/Resources/qtwebengine_resources_100p.pak"
Log:  to "/Users/bytedance/Downloads/国产资产作业/qt-video-workbench/.workbench/release-macos-arm64-1.7.0/QtVideoWorkbench.app/Contents/Frameworks/QtWebEngineCore.framework/Versions/A/Resources/qtwebengine_resources_100p.pak"
Log:  copied: "/opt/homebrew/opt/qtwebengine/lib/QtWebEngineCore.framework/Resources/qtwebengine_resources_200p.pak"
Log:  to "/Users/bytedance/Downloads/国产资产作业/qt-video-workbench/.workbench/release-macos-arm64-1.7.0/QtVideoWorkbench.app/Contents/Frameworks/QtWebEngineCore.framework/Versions/A/Resources/qtwebengine_resources_200p.pak"
Log:  copied: "/opt/homebrew/opt/qtwebengine/lib/QtWebEngineCore.framework/Resources/v8_context_snapshot.arm64.bin"
Log:  to "/Users/bytedance/Downloads/国产资产作业/qt-video-workbench/.workbench/release-macos-arm64-1.7.0/QtVideoWorkbench.app/Contents/Frameworks/QtWebEngineCore.framework/Versions/A/Resources/v8_context_snapshot.arm64.bin"
Log: copy: "/opt/homebrew/opt/qtwebengine/lib/QtWebEngineCore.framework/Resources/qtwebengine_locales" "/Users/bytedance/Downloads/国产资产作业/qt-video-workbench/.workbench/release-macos-arm64-1.7.0/QtVideoWorkbench.app/Contents/Frameworks/QtWebEngineCore.framework/Versions/A/Resources/qtwebengine_locales"
Log:  copied: "/opt/homebrew/opt/qtwebengine/lib/QtWebEngineCore.framework/Resources/qtwebengine_locales/am.pak"
Log:  to "/Users/bytedance/Downloads/国产资产作业/qt-video-workbench/.workbench/release-macos-arm64-1.7.0/QtVideoWorkbench.app/Contents/Frameworks/QtWebEngineCore.framework/Versions/A/Resources/qtwebengine_locales/am.pak"
Log:  copied: "/opt/homebrew/opt/qtwebengine/lib/QtWebEngineCore.framework/Resources/qtwebengine_locales/ar.pak"
Log:  to "/Users/bytedance/Downloads/国产资产作业/qt-video-workbench/.workbench/release-macos-arm64-1.7.0/QtVideoWorkbench.app/Contents/Frameworks/QtWebEngineCore.framework/Versions/A/Resources/qtwebengine_locales/ar.pak"
Log:  copied: "/opt/homebrew/opt/qtwebengine/lib/QtWebEngineCore.framework/Resources/qtwebengine_locales/bg.pak"
Log:  to "/Users/bytedance/Downloads/国产资产作业/qt-video-workbench/.workbench/release-macos-arm64-1.7.0/QtVideoWorkbench.app/Contents/Frameworks/QtWebEngineCore.framework/Versions/A/Resources/qtwebengine_locales/bg.pak"
Log:  copied: "/opt/homebrew/opt/qtwebengine/lib/QtWebEngineCore.framework/Resources/qtwebengine_locales/bn.pak"
Log:  to "/Users/bytedance/Downloads/国产资产作业/qt-video-workbench/.workbench/release-macos-arm64-1.7.0/QtVideoWorkbench.app/Contents/Frameworks/QtWebEngineCore.framework/Versions/A/Resources/qtwebengine_locales/bn.pak"
Log:  copied: "/opt/homebrew/opt/qtwebengine/lib/QtWebEngineCore.framework/Resources/qtwebengine_locales/ca.pak"
Log:  to "/Users/bytedance/Downloads/国产资产作业/qt-video-workbench/.workbench/release-macos-arm64-1.7.0/QtVideoWorkbench.app/Contents/Frameworks/QtWebEngineCore.framework/Versions/A/Resources/qtwebengine_locales/ca.pak"
Log:  copied: "/opt/homebrew/opt/qtwebengine/lib/QtWebEngineCore.framework/Resources/qtwebengine_locales/cs.pak"
Log:  to "/Users/bytedance/Downloads/国产资产作业/qt-video-workbench/.workbench/release-macos-arm64-1.7.0/QtVideoWorkbench.app/Contents/Frameworks/QtWebEngineCore.framework/Versions/A/Resources/qtwebengine_locales/cs.pak"
Log:  copied: "/opt/homebrew/opt/qtwebengine/lib/QtWebEngineCore.framework/Resources/qtwebengine_locales/da.pak"
Log:  to "/Users/bytedance/Downloads/国产资产作业/qt-video-workbench/.workbench/release-macos-arm64-1.7.0/QtVideoWorkbench.app/Contents/Frameworks/QtWebEngineCore.framework/Versions/A/Resources/qtwebengine_locales/da.pak"
Log:  copied: "/opt/homebrew/opt/qtwebengine/lib/QtWebEngineCore.framework/Resources/qtwebengine_locales/de.pak"
Log:  to "/Users/bytedance/Downloads/国产资产作业/qt-video-workbench/.workbench/release-macos-arm64-1.7.0/QtVideoWorkbench.app/Contents/Frameworks/QtWebEngineCore.framework/Versions/A/Resources/qtwebengine_locales/de.pak"
Log:  copied: "/opt/homebrew/opt/qtwebengine/lib/QtWebEngineCore.framework/Resources/qtwebengine_locales/el.pak"
Log:  to "/Users/bytedance/Downloads/国产资产作业/qt-video-workbench/.workbench/release-macos-arm64-1.7.0/QtVideoWorkbench.app/Contents/Frameworks/QtWebEngineCore.framework/Versions/A/Resources/qtwebengine_locales/el.pak"
Log:  copied: "/opt/homebrew/opt/qtwebengine/lib/QtWebEngineCore.framework/Resources/qtwebengine_locales/en-GB.pak"
Log:  to "/Users/bytedance/Downloads/国产资产作业/qt-video-workbench/.workbench/release-macos-arm64-1.7.0/QtVideoWorkbench.app/Contents/Frameworks/QtWebEngineCore.framework/Versions/A/Resources/qtwebengine_locales/en-GB.pak"
Log:  copied: "/opt/homebrew/opt/qtwebengine/lib/QtWebEngineCore.framework/Resources/qtwebengine_locales/en-US.pak"
Log:  to "/Users/bytedance/Downloads/国产资产作业/qt-video-workbench/.workbench/release-macos-arm64-1.7.0/QtVideoWorkbench.app/Contents/Frameworks/QtWebEngineCore.framework/Versions/A/Resources/qtwebengine_locales/en-US.pak"
Log:  copied: "/opt/homebrew/opt/qtwebengine/lib/QtWebEngineCore.framework/Resources/qtwebengine_locales/es-419.pak"
Log:  to "/Users/bytedance/Downloads/国产资产作业/qt-video-workbench/.workbench/release-macos-arm64-1.7.0/QtVideoWorkbench.app/Contents/Frameworks/QtWebEngineCore.framework/Versions/A/Resources/qtwebengine_locales/es-419.pak"
Log:  copied: "/opt/homebrew/opt/qtwebengine/lib/QtWebEngineCore.framework/Resources/qtwebengine_locales/es.pak"
Log:  to "/Users/bytedance/Downloads/国产资产作业/qt-video-workbench/.workbench/release-macos-arm64-1.7.0/QtVideoWorkbench.app/Contents/Frameworks/QtWebEngineCore.framework/Versions/A/Resources/qtwebengine_locales/es.pak"
Log:  copied: "/opt/homebrew/opt/qtwebengine/lib/QtWebEngineCore.framework/Resources/qtwebengine_locales/et.pak"
Log:  to "/Users/bytedance/Downloads/国产资产作业/qt-video-workbench/.workbench/release-macos-arm64-1.7.0/QtVideoWorkbench.app/Contents/Frameworks/QtWebEngineCore.framework/Versions/A/Resources/qtwebengine_locales/et.pak"
Log:  copied: "/opt/homebrew/opt/qtwebengine/lib/QtWebEngineCore.framework/Resources/qtwebengine_locales/fa.pak"
Log:  to "/Users/bytedance/Downloads/国产资产作业/qt-video-workbench/.workbench/release-macos-arm64-1.7.0/QtVideoWorkbench.app/Contents/Frameworks/QtWebEngineCore.framework/Versions/A/Resources/qtwebengine_locales/fa.pak"
Log:  copied: "/opt/homebrew/opt/qtwebengine/lib/QtWebEngineCore.framework/Resources/qtwebengine_locales/fi.pak"
Log:  to "/Users/bytedance/Downloads/国产资产作业/qt-video-workbench/.workbench/release-macos-arm64-1.7.0/QtVideoWorkbench.app/Contents/Frameworks/QtWebEngineCore.framework/Versions/A/Resources/qtwebengine_locales/fi.pak"
Log:  copied: "/opt/homebrew/opt/qtwebengine/lib/QtWebEngineCore.framework/Resources/qtwebengine_locales/fil.pak"
Log:  to "/Users/bytedance/Downloads/国产资产作业/qt-video-workbench/.workbench/release-macos-arm64-1.7.0/QtVideoWorkbench.app/Contents/Frameworks/QtWebEngineCore.framework/Versions/A/Resources/qtwebengine_locales/fil.pak"
Log:  copied: "/opt/homebrew/opt/qtwebengine/lib/QtWebEngineCore.framework/Resources/qtwebengine_locales/fr.pak"
Log:  to "/Users/bytedance/Downloads/国产资产作业/qt-video-workbench/.workbench/release-macos-arm64-1.7.0/QtVideoWorkbench.app/Contents/Frameworks/QtWebEngineCore.framework/Versions/A/Resources/qtwebengine_locales/fr.pak"
Log:  copied: "/opt/homebrew/opt/qtwebengine/lib/QtWebEngineCore.framework/Resources/qtwebengine_locales/gu.pak"
Log:  to "/Users/bytedance/Downloads/国产资产作业/qt-video-workbench/.workbench/release-macos-arm64-1.7.0/QtVideoWorkbench.app/Contents/Frameworks/QtWebEngineCore.framework/Versions/A/Resources/qtwebengine_locales/gu.pak"
Log:  copied: "/opt/homebrew/opt/qtwebengine/lib/QtWebEngineCore.framework/Resources/qtwebengine_locales/he.pak"
Log:  to "/Users/bytedance/Downloads/国产资产作业/qt-video-workbench/.workbench/release-macos-arm64-1.7.0/QtVideoWorkbench.app/Contents/Frameworks/QtWebEngineCore.framework/Versions/A/Resources/qtwebengine_locales/he.pak"
Log:  copied: "/opt/homebrew/opt/qtwebengine/lib/QtWebEngineCore.framework/Resources/qtwebengine_locales/hi.pak"
Log:  to "/Users/bytedance/Downloads/国产资产作业/qt-video-workbench/.workbench/release-macos-arm64-1.7.0/QtVideoWorkbench.app/Contents/Frameworks/QtWebEngineCore.framework/Versions/A/Resources/qtwebengine_locales/hi.pak"
Log:  copied: "/opt/homebrew/opt/qtwebengine/lib/QtWebEngineCore.framework/Resources/qtwebengine_locales/hr.pak"
Log:  to "/Users/bytedance/Downloads/国产资产作业/qt-video-workbench/.workbench/release-macos-arm64-1.7.0/QtVideoWorkbench.app/Contents/Frameworks/QtWebEngineCore.framework/Versions/A/Resources/qtwebengine_locales/hr.pak"
Log:  copied: "/opt/homebrew/opt/qtwebengine/lib/QtWebEngineCore.framework/Resources/qtwebengine_locales/hu.pak"
Log:  to "/Users/bytedance/Downloads/国产资产作业/qt-video-workbench/.workbench/release-macos-arm64-1.7.0/QtVideoWorkbench.app/Contents/Frameworks/QtWebEngineCore.framework/Versions/A/Resources/qtwebengine_locales/hu.pak"
Log:  copied: "/opt/homebrew/opt/qtwebengine/lib/QtWebEngineCore.framework/Resources/qtwebengine_locales/id.pak"
Log:  to "/Users/bytedance/Downloads/国产资产作业/qt-video-workbench/.workbench/release-macos-arm64-1.7.0/QtVideoWorkbench.app/Contents/Frameworks/QtWebEngineCore.framework/Versions/A/Resources/qtwebengine_locales/id.pak"
Log:  copied: "/opt/homebrew/opt/qtwebengine/lib/QtWebEngineCore.framework/Resources/qtwebengine_locales/it.pak"
Log:  to "/Users/bytedance/Downloads/国产资产作业/qt-video-workbench/.workbench/release-macos-arm64-1.7.0/QtVideoWorkbench.app/Contents/Frameworks/QtWebEngineCore.framework/Versions/A/Resources/qtwebengine_locales/it.pak"
Log:  copied: "/opt/homebrew/opt/qtwebengine/lib/QtWebEngineCore.framework/Resources/qtwebengine_locales/ja.pak"
Log:  to "/Users/bytedance/Downloads/国产资产作业/qt-video-workbench/.workbench/release-macos-arm64-1.7.0/QtVideoWorkbench.app/Contents/Frameworks/QtWebEngineCore.framework/Versions/A/Resources/qtwebengine_locales/ja.pak"
Log:  copied: "/opt/homebrew/opt/qtwebengine/lib/QtWebEngineCore.framework/Resources/qtwebengine_locales/kn.pak"
Log:  to "/Users/bytedance/Downloads/国产资产作业/qt-video-workbench/.workbench/release-macos-arm64-1.7.0/QtVideoWorkbench.app/Contents/Frameworks/QtWebEngineCore.framework/Versions/A/Resources/qtwebengine_locales/kn.pak"
Log:  copied: "/opt/homebrew/opt/qtwebengine/lib/QtWebEngineCore.framework/Resources/qtwebengine_locales/ko.pak"
Log:  to "/Users/bytedance/Downloads/国产资产作业/qt-video-workbench/.workbench/release-macos-arm64-1.7.0/QtVideoWorkbench.app/Contents/Frameworks/QtWebEngineCore.framework/Versions/A/Resources/qtwebengine_locales/ko.pak"
Log:  copied: "/opt/homebrew/opt/qtwebengine/lib/QtWebEngineCore.framework/Resources/qtwebengine_locales/lt.pak"
Log:  to "/Users/bytedance/Downloads/国产资产作业/qt-video-workbench/.workbench/release-macos-arm64-1.7.0/QtVideoWorkbench.app/Contents/Frameworks/QtWebEngineCore.framework/Versions/A/Resources/qtwebengine_locales/lt.pak"
Log:  copied: "/opt/homebrew/opt/qtwebengine/lib/QtWebEngineCore.framework/Resources/qtwebengine_locales/lv.pak"
Log:  to "/Users/bytedance/Downloads/国产资产作业/qt-video-workbench/.workbench/release-macos-arm64-1.7.0/QtVideoWorkbench.app/Contents/Frameworks/QtWebEngineCore.framework/Versions/A/Resources/qtwebengine_locales/lv.pak"
Log:  copied: "/opt/homebrew/opt/qtwebengine/lib/QtWebEngineCore.framework/Resources/qtwebengine_locales/ml.pak"
Log:  to "/Users/bytedance/Downloads/国产资产作业/qt-video-workbench/.workbench/release-macos-arm64-1.7.0/QtVideoWorkbench.app/Contents/Frameworks/QtWebEngineCore.framework/Versions/A/Resources/qtwebengine_locales/ml.pak"
Log:  copied: "/opt/homebrew/opt/qtwebengine/lib/QtWebEngineCore.framework/Resources/qtwebengine_locales/mr.pak"
Log:  to "/Users/bytedance/Downloads/国产资产作业/qt-video-workbench/.workbench/release-macos-arm64-1.7.0/QtVideoWorkbench.app/Contents/Frameworks/QtWebEngineCore.framework/Versions/A/Resources/qtwebengine_locales/mr.pak"
Log:  copied: "/opt/homebrew/opt/qtwebengine/lib/QtWebEngineCore.framework/Resources/qtwebengine_locales/ms.pak"
Log:  to "/Users/bytedance/Downloads/国产资产作业/qt-video-workbench/.workbench/release-macos-arm64-1.7.0/QtVideoWorkbench.app/Contents/Frameworks/QtWebEngineCore.framework/Versions/A/Resources/qtwebengine_locales/ms.pak"
Log:  copied: "/opt/homebrew/opt/qtwebengine/lib/QtWebEngineCore.framework/Resources/qtwebengine_locales/nb.pak"
Log:  to "/Users/bytedance/Downloads/国产资产作业/qt-video-workbench/.workbench/release-macos-arm64-1.7.0/QtVideoWorkbench.app/Contents/Frameworks/QtWebEngineCore.framework/Versions/A/Resources/qtwebengine_locales/nb.pak"
Log:  copied: "/opt/homebrew/opt/qtwebengine/lib/QtWebEngineCore.framework/Resources/qtwebengine_locales/nl.pak"
Log:  to "/Users/bytedance/Downloads/国产资产作业/qt-video-workbench/.workbench/release-macos-arm64-1.7.0/QtVideoWorkbench.app/Contents/Frameworks/QtWebEngineCore.framework/Versions/A/Resources/qtwebengine_locales/nl.pak"
Log:  copied: "/opt/homebrew/opt/qtwebengine/lib/QtWebEngineCore.framework/Resources/qtwebengine_locales/pl.pak"
Log:  to "/Users/bytedance/Downloads/国产资产作业/qt-video-workbench/.workbench/release-macos-arm64-1.7.0/QtVideoWorkbench.app/Contents/Frameworks/QtWebEngineCore.framework/Versions/A/Resources/qtwebengine_locales/pl.pak"
Log:  copied: "/opt/homebrew/opt/qtwebengine/lib/QtWebEngineCore.framework/Resources/qtwebengine_locales/pt-BR.pak"
Log:  to "/Users/bytedance/Downloads/国产资产作业/qt-video-workbench/.workbench/release-macos-arm64-1.7.0/QtVideoWorkbench.app/Contents/Frameworks/QtWebEngineCore.framework/Versions/A/Resources/qtwebengine_locales/pt-BR.pak"
Log:  copied: "/opt/homebrew/opt/qtwebengine/lib/QtWebEngineCore.framework/Resources/qtwebengine_locales/pt-PT.pak"
Log:  to "/Users/bytedance/Downloads/国产资产作业/qt-video-workbench/.workbench/release-macos-arm64-1.7.0/QtVideoWorkbench.app/Contents/Frameworks/QtWebEngineCore.framework/Versions/A/Resources/qtwebengine_locales/pt-PT.pak"
Log:  copied: "/opt/homebrew/opt/qtwebengine/lib/QtWebEngineCore.framework/Resources/qtwebengine_locales/ro.pak"
Log:  to "/Users/bytedance/Downloads/国产资产作业/qt-video-workbench/.workbench/release-macos-arm64-1.7.0/QtVideoWorkbench.app/Contents/Frameworks/QtWebEngineCore.framework/Versions/A/Resources/qtwebengine_locales/ro.pak"
Log:  copied: "/opt/homebrew/opt/qtwebengine/lib/QtWebEngineCore.framework/Resources/qtwebengine_locales/ru.pak"
Log:  to "/Users/bytedance/Downloads/国产资产作业/qt-video-workbench/.workbench/release-macos-arm64-1.7.0/QtVideoWorkbench.app/Contents/Frameworks/QtWebEngineCore.framework/Versions/A/Resources/qtwebengine_locales/ru.pak"
Log:  copied: "/opt/homebrew/opt/qtwebengine/lib/QtWebEngineCore.framework/Resources/qtwebengine_locales/sk.pak"
Log:  to "/Users/bytedance/Downloads/国产资产作业/qt-video-workbench/.workbench/release-macos-arm64-1.7.0/QtVideoWorkbench.app/Contents/Frameworks/QtWebEngineCore.framework/Versions/A/Resources/qtwebengine_locales/sk.pak"
Log:  copied: "/opt/homebrew/opt/qtwebengine/lib/QtWebEngineCore.framework/Resources/qtwebengine_locales/sl.pak"
Log:  to "/Users/bytedance/Downloads/国产资产作业/qt-video-workbench/.workbench/release-macos-arm64-1.7.0/QtVideoWorkbench.app/Contents/Frameworks/QtWebEngineCore.framework/Versions/A/Resources/qtwebengine_locales/sl.pak"
Log:  copied: "/opt/homebrew/opt/qtwebengine/lib/QtWebEngineCore.framework/Resources/qtwebengine_locales/sr.pak"
Log:  to "/Users/bytedance/Downloads/国产资产作业/qt-video-workbench/.workbench/release-macos-arm64-1.7.0/QtVideoWorkbench.app/Contents/Frameworks/QtWebEngineCore.framework/Versions/A/Resources/qtwebengine_locales/sr.pak"
Log:  copied: "/opt/homebrew/opt/qtwebengine/lib/QtWebEngineCore.framework/Resources/qtwebengine_locales/sv.pak"
Log:  to "/Users/bytedance/Downloads/国产资产作业/qt-video-workbench/.workbench/release-macos-arm64-1.7.0/QtVideoWorkbench.app/Contents/Frameworks/QtWebEngineCore.framework/Versions/A/Resources/qtwebengine_locales/sv.pak"
Log:  copied: "/opt/homebrew/opt/qtwebengine/lib/QtWebEngineCore.framework/Resources/qtwebengine_locales/sw.pak"
Log:  to "/Users/bytedance/Downloads/国产资产作业/qt-video-workbench/.workbench/release-macos-arm64-1.7.0/QtVideoWorkbench.app/Contents/Frameworks/QtWebEngineCore.framework/Versions/A/Resources/qtwebengine_locales/sw.pak"
Log:  copied: "/opt/homebrew/opt/qtwebengine/lib/QtWebEngineCore.framework/Resources/qtwebengine_locales/ta.pak"
Log:  to "/Users/bytedance/Downloads/国产资产作业/qt-video-workbench/.workbench/release-macos-arm64-1.7.0/QtVideoWorkbench.app/Contents/Frameworks/QtWebEngineCore.framework/Versions/A/Resources/qtwebengine_locales/ta.pak"
Log:  copied: "/opt/homebrew/opt/qtwebengine/lib/QtWebEngineCore.framework/Resources/qtwebengine_locales/te.pak"
Log:  to "/Users/bytedance/Downloads/国产资产作业/qt-video-workbench/.workbench/release-macos-arm64-1.7.0/QtVideoWorkbench.app/Contents/Frameworks/QtWebEngineCore.framework/Versions/A/Resources/qtwebengine_locales/te.pak"
Log:  copied: "/opt/homebrew/opt/qtwebengine/lib/QtWebEngineCore.framework/Resources/qtwebengine_locales/th.pak"
Log:  to "/Users/bytedance/Downloads/国产资产作业/qt-video-workbench/.workbench/release-macos-arm64-1.7.0/QtVideoWorkbench.app/Contents/Frameworks/QtWebEngineCore.framework/Versions/A/Resources/qtwebengine_locales/th.pak"
Log:  copied: "/opt/homebrew/opt/qtwebengine/lib/QtWebEngineCore.framework/Resources/qtwebengine_locales/tr.pak"
Log:  to "/Users/bytedance/Downloads/国产资产作业/qt-video-workbench/.workbench/release-macos-arm64-1.7.0/QtVideoWorkbench.app/Contents/Frameworks/QtWebEngineCore.framework/Versions/A/Resources/qtwebengine_locales/tr.pak"
Log:  copied: "/opt/homebrew/opt/qtwebengine/lib/QtWebEngineCore.framework/Resources/qtwebengine_locales/uk.pak"
Log:  to "/Users/bytedance/Downloads/国产资产作业/qt-video-workbench/.workbench/release-macos-arm64-1.7.0/QtVideoWorkbench.app/Contents/Frameworks/QtWebEngineCore.framework/Versions/A/Resources/qtwebengine_locales/uk.pak"
Log:  copied: "/opt/homebrew/opt/qtwebengine/lib/QtWebEngineCore.framework/Resources/qtwebengine_locales/vi.pak"
Log:  to "/Users/bytedance/Downloads/国产资产作业/qt-video-workbench/.workbench/release-macos-arm64-1.7.0/QtVideoWorkbench.app/Contents/Frameworks/QtWebEngineCore.framework/Versions/A/Resources/qtwebengine_locales/vi.pak"
Log:  copied: "/opt/homebrew/opt/qtwebengine/lib/QtWebEngineCore.framework/Resources/qtwebengine_locales/zh-CN.pak"
Log:  to "/Users/bytedance/Downloads/国产资产作业/qt-video-workbench/.workbench/release-macos-arm64-1.7.0/QtVideoWorkbench.app/Contents/Frameworks/QtWebEngineCore.framework/Versions/A/Resources/qtwebengine_locales/zh-CN.pak"
Log:  copied: "/opt/homebrew/opt/qtwebengine/lib/QtWebEngineCore.framework/Resources/qtwebengine_locales/zh-TW.pak"
Log:  to "/Users/bytedance/Downloads/国产资产作业/qt-video-workbench/.workbench/release-macos-arm64-1.7.0/QtVideoWorkbench.app/Contents/Frameworks/QtWebEngineCore.framework/Versions/A/Resources/qtwebengine_locales/zh-TW.pak"
Log: copy: "/opt/homebrew/opt/qtwebengine/lib/QtWebEngineCore.framework/Helpers" "/Users/bytedance/Downloads/国产资产作业/qt-video-workbench/.workbench/release-macos-arm64-1.7.0/QtVideoWorkbench.app/Contents/Frameworks/QtWebEngineCore.framework/Versions/A/Helpers"
Log: copy: "/opt/homebrew/opt/qtwebengine/lib/QtWebEngineCore.framework/Helpers/QtWebEngineProcess.app" "/Users/bytedance/Downloads/国产资产作业/qt-video-workbench/.workbench/release-macos-arm64-1.7.0/QtVideoWorkbench.app/Contents/Frameworks/QtWebEngineCore.framework/Versions/A/Helpers/QtWebEngineProcess.app"
Log: copy: "/opt/homebrew/opt/qtwebengine/lib/QtWebEngineCore.framework/Helpers/QtWebEngineProcess.app/Contents" "/Users/bytedance/Downloads/国产资产作业/qt-video-workbench/.workbench/release-macos-arm64-1.7.0/QtVideoWorkbench.app/Contents/Frameworks/QtWebEngineCore.framework/Versions/A/Helpers/QtWebEngineProcess.app/Contents"
Log:  copied: "/opt/homebrew/opt/qtwebengine/lib/QtWebEngineCore.framework/Helpers/QtWebEngineProcess.app/Contents/Info.plist"
Log:  to "/Users/bytedance/Downloads/国产资产作业/qt-video-workbench/.workbench/release-macos-arm64-1.7.0/QtVideoWorkbench.app/Contents/Frameworks/QtWebEngineCore.framework/Versions/A/Helpers/QtWebEngineProcess.app/Contents/Info.plist"
Log: copy: "/opt/homebrew/opt/qtwebengine/lib/QtWebEngineCore.framework/Helpers/QtWebEngineProcess.app/Contents/MacOS" "/Users/bytedance/Downloads/国产资产作业/qt-video-workbench/.workbench/release-macos-arm64-1.7.0/QtVideoWorkbench.app/Contents/Frameworks/QtWebEngineCore.framework/Versions/A/Helpers/QtWebEngineProcess.app/Contents/MacOS"
Log:  copied: "/opt/homebrew/opt/qtwebengine/lib/QtWebEngineCore.framework/Helpers/QtWebEngineProcess.app/Contents/MacOS/QtWebEngineProcess"
Log:  to "/Users/bytedance/Downloads/国产资产作业/qt-video-workbench/.workbench/release-macos-arm64-1.7.0/QtVideoWorkbench.app/Contents/Frameworks/QtWebEngineCore.framework/Versions/A/Helpers/QtWebEngineProcess.app/Contents/MacOS/QtWebEngineProcess"
Log: copy: "/opt/homebrew/opt/qtwebengine/lib/QtWebEngineCore.framework/Helpers/QtWebEngineProcess.app/Contents/Resources" "/Users/bytedance/Downloads/国产资产作业/qt-video-workbench/.workbench/release-macos-arm64-1.7.0/QtVideoWorkbench.app/Contents/Frameworks/QtWebEngineCore.framework/Versions/A/Helpers/QtWebEngineProcess.app/Contents/Resources"
Log:  copied: "/opt/homebrew/opt/qtwebengine/lib/QtWebEngineCore.framework/Helpers/QtWebEngineProcess.app/Contents/Resources/QtWebEngineProcess.entitlements"
Log:  to "/Users/bytedance/Downloads/国产资产作业/qt-video-workbench/.workbench/release-macos-arm64-1.7.0/QtVideoWorkbench.app/Contents/Frameworks/QtWebEngineCore.framework/Versions/A/Helpers/QtWebEngineProcess.app/Contents/Resources/QtWebEngineProcess.entitlements"
Log:  symlink "/Users/bytedance/Downloads/国产资产作业/qt-video-workbench/.workbench/release-macos-arm64-1.7.0/QtVideoWorkbench.app/Contents/Frameworks/QtWebEngineCore.framework/QtWebEngineCore"
Log:  points to "Versions/Current/QtWebEngineCore"
Log:  symlink "/Users/bytedance/Downloads/国产资产作业/qt-video-workbench/.workbench/release-macos-arm64-1.7.0/QtVideoWorkbench.app/Contents/Frameworks/QtWebEngineCore.framework/Resources"
Log:  points to "Versions/Current/Resources"
Log:  symlink "/Users/bytedance/Downloads/国产资产作业/qt-video-workbench/.workbench/release-macos-arm64-1.7.0/QtVideoWorkbench.app/Contents/Frameworks/QtWebEngineCore.framework/Helpers"
Log:  points to "Versions/Current/Helpers"
Log:  symlink "/Users/bytedance/Downloads/国产资产作业/qt-video-workbench/.workbench/release-macos-arm64-1.7.0/QtVideoWorkbench.app/Contents/Frameworks/QtWebEngineCore.framework/Versions/Current"
Log:  points to "A"
Log:  copied: "/opt/homebrew/opt/qtwebchannel/lib/QtWebChannel.framework/Versions/A/QtWebChannel"
Log:  to "/Users/bytedance/Downloads/国产资产作业/qt-video-workbench/.workbench/release-macos-arm64-1.7.0/QtVideoWorkbench.app/Contents/Frameworks/QtWebChannel.framework/Versions/A/QtWebChannel"
Log: copy: "/opt/homebrew/opt/qtwebchannel/lib/QtWebChannel.framework/Resources" "/Users/bytedance/Downloads/国产资产作业/qt-video-workbench/.workbench/release-macos-arm64-1.7.0/QtVideoWorkbench.app/Contents/Frameworks/QtWebChannel.framework/Versions/A/Resources"
Log:  copied: "/opt/homebrew/opt/qtwebchannel/lib/QtWebChannel.framework/Resources/Info.plist"
Log:  to "/Users/bytedance/Downloads/国产资产作业/qt-video-workbench/.workbench/release-macos-arm64-1.7.0/QtVideoWorkbench.app/Contents/Frameworks/QtWebChannel.framework/Versions/A/Resources/Info.plist"
Log:  copied: "/opt/homebrew/opt/qtwebchannel/lib/QtWebChannel.framework/Resources/PrivacyInfo.xcprivacy"
Log:  to "/Users/bytedance/Downloads/国产资产作业/qt-video-workbench/.workbench/release-macos-arm64-1.7.0/QtVideoWorkbench.app/Contents/Frameworks/QtWebChannel.framework/Versions/A/Resources/PrivacyInfo.xcprivacy"
Log:  symlink "/Users/bytedance/Downloads/国产资产作业/qt-video-workbench/.workbench/release-macos-arm64-1.7.0/QtVideoWorkbench.app/Contents/Frameworks/QtWebChannel.framework/QtWebChannel"
Log:  points to "Versions/Current/QtWebChannel"
Log:  symlink "/Users/bytedance/Downloads/国产资产作业/qt-video-workbench/.workbench/release-macos-arm64-1.7.0/QtVideoWorkbench.app/Contents/Frameworks/QtWebChannel.framework/Resources"
Log:  points to "Versions/Current/Resources"
Log:  symlink "/Users/bytedance/Downloads/国产资产作业/qt-video-workbench/.workbench/release-macos-arm64-1.7.0/QtVideoWorkbench.app/Contents/Frameworks/QtWebChannel.framework/Versions/Current"
Log:  points to "A"
Log:  copied: "/opt/homebrew/opt/qtpositioning/lib/QtPositioning.framework/Versions/A/QtPositioning"
Log:  to "/Users/bytedance/Downloads/国产资产作业/qt-video-workbench/.workbench/release-macos-arm64-1.7.0/QtVideoWorkbench.app/Contents/Frameworks/QtPositioning.framework/Versions/A/QtPositioning"
Log: copy: "/opt/homebrew/opt/qtpositioning/lib/QtPositioning.framework/Resources" "/Users/bytedance/Downloads/国产资产作业/qt-video-workbench/.workbench/release-macos-arm64-1.7.0/QtVideoWorkbench.app/Contents/Frameworks/QtPositioning.framework/Versions/A/Resources"
Log:  copied: "/opt/homebrew/opt/qtpositioning/lib/QtPositioning.framework/Resources/Info.plist"
Log:  to "/Users/bytedance/Downloads/国产资产作业/qt-video-workbench/.workbench/release-macos-arm64-1.7.0/QtVideoWorkbench.app/Contents/Frameworks/QtPositioning.framework/Versions/A/Resources/Info.plist"
Log:  copied: "/opt/homebrew/opt/qtpositioning/lib/QtPositioning.framework/Resources/PrivacyInfo.xcprivacy"
Log:  to "/Users/bytedance/Downloads/国产资产作业/qt-video-workbench/.workbench/release-macos-arm64-1.7.0/QtVideoWorkbench.app/Contents/Frameworks/QtPositioning.framework/Versions/A/Resources/PrivacyInfo.xcprivacy"
Log:  symlink "/Users/bytedance/Downloads/国产资产作业/qt-video-workbench/.workbench/release-macos-arm64-1.7.0/QtVideoWorkbench.app/Contents/Frameworks/QtPositioning.framework/QtPositioning"
Log:  points to "Versions/Current/QtPositioning"
Log:  symlink "/Users/bytedance/Downloads/国产资产作业/qt-video-workbench/.workbench/release-macos-arm64-1.7.0/QtVideoWorkbench.app/Contents/Frameworks/QtPositioning.framework/Resources"
Log:  points to "Versions/Current/Resources"
Log:  symlink "/Users/bytedance/Downloads/国产资产作业/qt-video-workbench/.workbench/release-macos-arm64-1.7.0/QtVideoWorkbench.app/Contents/Frameworks/QtPositioning.framework/Versions/Current"
Log:  points to "A"
Log:  copied: "/opt/homebrew/opt/qtbase/lib/QtPrintSupport.framework/Versions/A/QtPrintSupport"
Log:  to "/Users/bytedance/Downloads/国产资产作业/qt-video-workbench/.workbench/release-macos-arm64-1.7.0/QtVideoWorkbench.app/Contents/Frameworks/QtPrintSupport.framework/Versions/A/QtPrintSupport"
Log: copy: "/opt/homebrew/opt/qtbase/lib/QtPrintSupport.framework/Resources" "/Users/bytedance/Downloads/国产资产作业/qt-video-workbench/.workbench/release-macos-arm64-1.7.0/QtVideoWorkbench.app/Contents/Frameworks/QtPrintSupport.framework/Versions/A/Resources"
Log:  copied: "/opt/homebrew/opt/qtbase/lib/QtPrintSupport.framework/Resources/Info.plist"
Log:  to "/Users/bytedance/Downloads/国产资产作业/qt-video-workbench/.workbench/release-macos-arm64-1.7.0/QtVideoWorkbench.app/Contents/Frameworks/QtPrintSupport.framework/Versions/A/Resources/Info.plist"
Log:  copied: "/opt/homebrew/opt/qtbase/lib/QtPrintSupport.framework/Resources/PrivacyInfo.xcprivacy"
Log:  to "/Users/bytedance/Downloads/国产资产作业/qt-video-workbench/.workbench/release-macos-arm64-1.7.0/QtVideoWorkbench.app/Contents/Frameworks/QtPrintSupport.framework/Versions/A/Resources/PrivacyInfo.xcprivacy"
Log:  symlink "/Users/bytedance/Downloads/国产资产作业/qt-video-workbench/.workbench/release-macos-arm64-1.7.0/QtVideoWorkbench.app/Contents/Frameworks/QtPrintSupport.framework/QtPrintSupport"
Log:  points to "Versions/Current/QtPrintSupport"
Log:  symlink "/Users/bytedance/Downloads/国产资产作业/qt-video-workbench/.workbench/release-macos-arm64-1.7.0/QtVideoWorkbench.app/Contents/Frameworks/QtPrintSupport.framework/Resources"
Log:  points to "Versions/Current/Resources"
Log:  symlink "/Users/bytedance/Downloads/国产资产作业/qt-video-workbench/.workbench/release-macos-arm64-1.7.0/QtVideoWorkbench.app/Contents/Frameworks/QtPrintSupport.framework/Versions/Current"
Log:  points to "A"
Log:  copied: "/opt/homebrew/opt/qtbase/lib/QtWidgets.framework/Versions/A/QtWidgets"
Log:  to "/Users/bytedance/Downloads/国产资产作业/qt-video-workbench/.workbench/release-macos-arm64-1.7.0/QtVideoWorkbench.app/Contents/Frameworks/QtWidgets.framework/Versions/A/QtWidgets"
Log: copy: "/opt/homebrew/opt/qtbase/lib/QtWidgets.framework/Resources" "/Users/bytedance/Downloads/国产资产作业/qt-video-workbench/.workbench/release-macos-arm64-1.7.0/QtVideoWorkbench.app/Contents/Frameworks/QtWidgets.framework/Versions/A/Resources"
Log:  copied: "/opt/homebrew/opt/qtbase/lib/QtWidgets.framework/Resources/Info.plist"
Log:  to "/Users/bytedance/Downloads/国产资产作业/qt-video-workbench/.workbench/release-macos-arm64-1.7.0/QtVideoWorkbench.app/Contents/Frameworks/QtWidgets.framework/Versions/A/Resources/Info.plist"
Log:  copied: "/opt/homebrew/opt/qtbase/lib/QtWidgets.framework/Resources/PrivacyInfo.xcprivacy"
Log:  to "/Users/bytedance/Downloads/国产资产作业/qt-video-workbench/.workbench/release-macos-arm64-1.7.0/QtVideoWorkbench.app/Contents/Frameworks/QtWidgets.framework/Versions/A/Resources/PrivacyInfo.xcprivacy"
Log:  symlink "/Users/bytedance/Downloads/国产资产作业/qt-video-workbench/.workbench/release-macos-arm64-1.7.0/QtVideoWorkbench.app/Contents/Frameworks/QtWidgets.framework/QtWidgets"
Log:  points to "Versions/Current/QtWidgets"
Log:  symlink "/Users/bytedance/Downloads/国产资产作业/qt-video-workbench/.workbench/release-macos-arm64-1.7.0/QtVideoWorkbench.app/Contents/Frameworks/QtWidgets.framework/Resources"
Log:  points to "Versions/Current/Resources"
Log:  symlink "/Users/bytedance/Downloads/国产资产作业/qt-video-workbench/.workbench/release-macos-arm64-1.7.0/QtVideoWorkbench.app/Contents/Frameworks/QtWidgets.framework/Versions/Current"
Log:  points to "A"
Log:  copied: "/opt/homebrew/opt/qtdeclarative/lib/QtQuick.framework/Versions/A/QtQuick"
Log:  to "/Users/bytedance/Downloads/国产资产作业/qt-video-workbench/.workbench/release-macos-arm64-1.7.0/QtVideoWorkbench.app/Contents/Frameworks/QtQuick.framework/Versions/A/QtQuick"
Log: copy: "/opt/homebrew/opt/qtdeclarative/lib/QtQuick.framework/Resources" "/Users/bytedance/Downloads/国产资产作业/qt-video-workbench/.workbench/release-macos-arm64-1.7.0/QtVideoWorkbench.app/Contents/Frameworks/QtQuick.framework/Versions/A/Resources"
Log:  copied: "/opt/homebrew/opt/qtdeclarative/lib/QtQuick.framework/Resources/Info.plist"
Log:  to "/Users/bytedance/Downloads/国产资产作业/qt-video-workbench/.workbench/release-macos-arm64-1.7.0/QtVideoWorkbench.app/Contents/Frameworks/QtQuick.framework/Versions/A/Resources/Info.plist"
Log:  copied: "/opt/homebrew/opt/qtdeclarative/lib/QtQuick.framework/Resources/PrivacyInfo.xcprivacy"
Log:  to "/Users/bytedance/Downloads/国产资产作业/qt-video-workbench/.workbench/release-macos-arm64-1.7.0/QtVideoWorkbench.app/Contents/Frameworks/QtQuick.framework/Versions/A/Resources/PrivacyInfo.xcprivacy"
Log:  symlink "/Users/bytedance/Downloads/国产资产作业/qt-video-workbench/.workbench/release-macos-arm64-1.7.0/QtVideoWorkbench.app/Contents/Frameworks/QtQuick.framework/QtQuick"
Log:  points to "Versions/Current/QtQuick"
Log:  symlink "/Users/bytedance/Downloads/国产资产作业/qt-video-workbench/.workbench/release-macos-arm64-1.7.0/QtVideoWorkbench.app/Contents/Frameworks/QtQuick.framework/Resources"
Log:  points to "Versions/Current/Resources"
Log:  symlink "/Users/bytedance/Downloads/国产资产作业/qt-video-workbench/.workbench/release-macos-arm64-1.7.0/QtVideoWorkbench.app/Contents/Frameworks/QtQuick.framework/Versions/Current"
Log:  points to "A"
Log:  copied: "/opt/homebrew/opt/qtbase/lib/QtOpenGL.framework/Versions/A/QtOpenGL"
Log:  to "/Users/bytedance/Downloads/国产资产作业/qt-video-workbench/.workbench/release-macos-arm64-1.7.0/QtVideoWorkbench.app/Contents/Frameworks/QtOpenGL.framework/Versions/A/QtOpenGL"
Log: copy: "/opt/homebrew/opt/qtbase/lib/QtOpenGL.framework/Resources" "/Users/bytedance/Downloads/国产资产作业/qt-video-workbench/.workbench/release-macos-arm64-1.7.0/QtVideoWorkbench.app/Contents/Frameworks/QtOpenGL.framework/Versions/A/Resources"
Log:  copied: "/opt/homebrew/opt/qtbase/lib/QtOpenGL.framework/Resources/Info.plist"
Log:  to "/Users/bytedance/Downloads/国产资产作业/qt-video-workbench/.workbench/release-macos-arm64-1.7.0/QtVideoWorkbench.app/Contents/Frameworks/QtOpenGL.framework/Versions/A/Resources/Info.plist"
Log:  copied: "/opt/homebrew/opt/qtbase/lib/QtOpenGL.framework/Resources/PrivacyInfo.xcprivacy"
Log:  to "/Users/bytedance/Downloads/国产资产作业/qt-video-workbench/.workbench/release-macos-arm64-1.7.0/QtVideoWorkbench.app/Contents/Frameworks/QtOpenGL.framework/Versions/A/Resources/PrivacyInfo.xcprivacy"
Log:  symlink "/Users/bytedance/Downloads/国产资产作业/qt-video-workbench/.workbench/release-macos-arm64-1.7.0/QtVideoWorkbench.app/Contents/Frameworks/QtOpenGL.framework/QtOpenGL"
Log:  points to "Versions/Current/QtOpenGL"
Log:  symlink "/Users/bytedance/Downloads/国产资产作业/qt-video-workbench/.workbench/release-macos-arm64-1.7.0/QtVideoWorkbench.app/Contents/Frameworks/QtOpenGL.framework/Resources"
Log:  points to "Versions/Current/Resources"
Log:  symlink "/Users/bytedance/Downloads/国产资产作业/qt-video-workbench/.workbench/release-macos-arm64-1.7.0/QtVideoWorkbench.app/Contents/Frameworks/QtOpenGL.framework/Versions/Current"
Log:  points to "A"
Log:  copied: "/opt/homebrew/opt/qtdeclarative/lib/QtQml.framework/Versions/A/QtQml"
Log:  to "/Users/bytedance/Downloads/国产资产作业/qt-video-workbench/.workbench/release-macos-arm64-1.7.0/QtVideoWorkbench.app/Contents/Frameworks/QtQml.framework/Versions/A/QtQml"
Log: copy: "/opt/homebrew/opt/qtdeclarative/lib/QtQml.framework/Resources" "/Users/bytedance/Downloads/国产资产作业/qt-video-workbench/.workbench/release-macos-arm64-1.7.0/QtVideoWorkbench.app/Contents/Frameworks/QtQml.framework/Versions/A/Resources"
Log:  copied: "/opt/homebrew/opt/qtdeclarative/lib/QtQml.framework/Resources/Info.plist"
Log:  to "/Users/bytedance/Downloads/国产资产作业/qt-video-workbench/.workbench/release-macos-arm64-1.7.0/QtVideoWorkbench.app/Contents/Frameworks/QtQml.framework/Versions/A/Resources/Info.plist"
Log:  copied: "/opt/homebrew/opt/qtdeclarative/lib/QtQml.framework/Resources/PrivacyInfo.xcprivacy"
Log:  to "/Users/bytedance/Downloads/国产资产作业/qt-video-workbench/.workbench/release-macos-arm64-1.7.0/QtVideoWorkbench.app/Contents/Frameworks/QtQml.framework/Versions/A/Resources/PrivacyInfo.xcprivacy"
Log:  symlink "/Users/bytedance/Downloads/国产资产作业/qt-video-workbench/.workbench/release-macos-arm64-1.7.0/QtVideoWorkbench.app/Contents/Frameworks/QtQml.framework/QtQml"
Log:  points to "Versions/Current/QtQml"
Log:  symlink "/Users/bytedance/Downloads/国产资产作业/qt-video-workbench/.workbench/release-macos-arm64-1.7.0/QtVideoWorkbench.app/Contents/Frameworks/QtQml.framework/Resources"
Log:  points to "Versions/Current/Resources"
Log:  symlink "/Users/bytedance/Downloads/国产资产作业/qt-video-workbench/.workbench/release-macos-arm64-1.7.0/QtVideoWorkbench.app/Contents/Frameworks/QtQml.framework/Versions/Current"
Log:  points to "A"
Log:  copied: "/opt/homebrew/opt/qtbase/lib/QtNetwork.framework/Versions/A/QtNetwork"
Log:  to "/Users/bytedance/Downloads/国产资产作业/qt-video-workbench/.workbench/release-macos-arm64-1.7.0/QtVideoWorkbench.app/Contents/Frameworks/QtNetwork.framework/Versions/A/QtNetwork"
Log: copy: "/opt/homebrew/opt/qtbase/lib/QtNetwork.framework/Resources" "/Users/bytedance/Downloads/国产资产作业/qt-video-workbench/.workbench/release-macos-arm64-1.7.0/QtVideoWorkbench.app/Contents/Frameworks/QtNetwork.framework/Versions/A/Resources"
Log:  copied: "/opt/homebrew/opt/qtbase/lib/QtNetwork.framework/Resources/Info.plist"
Log:  to "/Users/bytedance/Downloads/国产资产作业/qt-video-workbench/.workbench/release-macos-arm64-1.7.0/QtVideoWorkbench.app/Contents/Frameworks/QtNetwork.framework/Versions/A/Resources/Info.plist"
Log:  copied: "/opt/homebrew/opt/qtbase/lib/QtNetwork.framework/Resources/PrivacyInfo.xcprivacy"
Log:  to "/Users/bytedance/Downloads/国产资产作业/qt-video-workbench/.workbench/release-macos-arm64-1.7.0/QtVideoWorkbench.app/Contents/Frameworks/QtNetwork.framework/Versions/A/Resources/PrivacyInfo.xcprivacy"
Log:  symlink "/Users/bytedance/Downloads/国产资产作业/qt-video-workbench/.workbench/release-macos-arm64-1.7.0/QtVideoWorkbench.app/Contents/Frameworks/QtNetwork.framework/QtNetwork"
Log:  points to "Versions/Current/QtNetwork"
Log:  symlink "/Users/bytedance/Downloads/国产资产作业/qt-video-workbench/.workbench/release-macos-arm64-1.7.0/QtVideoWorkbench.app/Contents/Frameworks/QtNetwork.framework/Resources"
Log:  points to "Versions/Current/Resources"
Log:  symlink "/Users/bytedance/Downloads/国产资产作业/qt-video-workbench/.workbench/release-macos-arm64-1.7.0/QtVideoWorkbench.app/Contents/Frameworks/QtNetwork.framework/Versions/Current"
Log:  points to "A"
Log:  copied: "/opt/homebrew/opt/qtbase/lib/QtGui.framework/Versions/A/QtGui"
Log:  to "/Users/bytedance/Downloads/国产资产作业/qt-video-workbench/.workbench/release-macos-arm64-1.7.0/QtVideoWorkbench.app/Contents/Frameworks/QtGui.framework/Versions/A/QtGui"
Log: copy: "/opt/homebrew/opt/qtbase/lib/QtGui.framework/Resources" "/Users/bytedance/Downloads/国产资产作业/qt-video-workbench/.workbench/release-macos-arm64-1.7.0/QtVideoWorkbench.app/Contents/Frameworks/QtGui.framework/Versions/A/Resources"
Log:  copied: "/opt/homebrew/opt/qtbase/lib/QtGui.framework/Resources/Info.plist"
Log:  to "/Users/bytedance/Downloads/国产资产作业/qt-video-workbench/.workbench/release-macos-arm64-1.7.0/QtVideoWorkbench.app/Contents/Frameworks/QtGui.framework/Versions/A/Resources/Info.plist"
Log:  copied: "/opt/homebrew/opt/qtbase/lib/QtGui.framework/Resources/PrivacyInfo.xcprivacy"
Log:  to "/Users/bytedance/Downloads/国产资产作业/qt-video-workbench/.workbench/release-macos-arm64-1.7.0/QtVideoWorkbench.app/Contents/Frameworks/QtGui.framework/Versions/A/Resources/PrivacyInfo.xcprivacy"
Log:  symlink "/Users/bytedance/Downloads/国产资产作业/qt-video-workbench/.workbench/release-macos-arm64-1.7.0/QtVideoWorkbench.app/Contents/Frameworks/QtGui.framework/QtGui"
Log:  points to "Versions/Current/QtGui"
Log:  symlink "/Users/bytedance/Downloads/国产资产作业/qt-video-workbench/.workbench/release-macos-arm64-1.7.0/QtVideoWorkbench.app/Contents/Frameworks/QtGui.framework/Resources"
Log:  points to "Versions/Current/Resources"
Log:  symlink "/Users/bytedance/Downloads/国产资产作业/qt-video-workbench/.workbench/release-macos-arm64-1.7.0/QtVideoWorkbench.app/Contents/Frameworks/QtGui.framework/Versions/Current"
Log:  points to "A"
Log:  copied: "/opt/homebrew/opt/qtbase/lib/QtCore.framework/Versions/A/QtCore"
Log:  to "/Users/bytedance/Downloads/国产资产作业/qt-video-workbench/.workbench/release-macos-arm64-1.7.0/QtVideoWorkbench.app/Contents/Frameworks/QtCore.framework/Versions/A/QtCore"
Log: copy: "/opt/homebrew/opt/qtbase/lib/QtCore.framework/Resources" "/Users/bytedance/Downloads/国产资产作业/qt-video-workbench/.workbench/release-macos-arm64-1.7.0/QtVideoWorkbench.app/Contents/Frameworks/QtCore.framework/Versions/A/Resources"
Log:  copied: "/opt/homebrew/opt/qtbase/lib/QtCore.framework/Resources/Info.plist"
Log:  to "/Users/bytedance/Downloads/国产资产作业/qt-video-workbench/.workbench/release-macos-arm64-1.7.0/QtVideoWorkbench.app/Contents/Frameworks/QtCore.framework/Versions/A/Resources/Info.plist"
Log:  copied: "/opt/homebrew/opt/qtbase/lib/QtCore.framework/Resources/PrivacyInfo.xcprivacy"
Log:  to "/Users/bytedance/Downloads/国产资产作业/qt-video-workbench/.workbench/release-macos-arm64-1.7.0/QtVideoWorkbench.app/Contents/Frameworks/QtCore.framework/Versions/A/Resources/PrivacyInfo.xcprivacy"
Log:  symlink "/Users/bytedance/Downloads/国产资产作业/qt-video-workbench/.workbench/release-macos-arm64-1.7.0/QtVideoWorkbench.app/Contents/Frameworks/QtCore.framework/QtCore"
Log:  points to "Versions/Current/QtCore"
Log:  symlink "/Users/bytedance/Downloads/国产资产作业/qt-video-workbench/.workbench/release-macos-arm64-1.7.0/QtVideoWorkbench.app/Contents/Frameworks/QtCore.framework/Resources"
Log:  points to "Versions/Current/Resources"
Log:  symlink "/Users/bytedance/Downloads/国产资产作业/qt-video-workbench/.workbench/release-macos-arm64-1.7.0/QtVideoWorkbench.app/Contents/Frameworks/QtCore.framework/Versions/Current"
Log:  points to "A"
Log:  copied: "/opt/homebrew/opt/qtdeclarative/lib/QtQuickWidgets.framework/Versions/A/QtQuickWidgets"
Log:  to "/Users/bytedance/Downloads/国产资产作业/qt-video-workbench/.workbench/release-macos-arm64-1.7.0/QtVideoWorkbench.app/Contents/Frameworks/QtQuickWidgets.framework/Versions/A/QtQuickWidgets"
Log: copy: "/opt/homebrew/opt/qtdeclarative/lib/QtQuickWidgets.framework/Resources" "/Users/bytedance/Downloads/国产资产作业/qt-video-workbench/.workbench/release-macos-arm64-1.7.0/QtVideoWorkbench.app/Contents/Frameworks/QtQuickWidgets.framework/Versions/A/Resources"
Log:  copied: "/opt/homebrew/opt/qtdeclarative/lib/QtQuickWidgets.framework/Resources/Info.plist"
Log:  to "/Users/bytedance/Downloads/国产资产作业/qt-video-workbench/.workbench/release-macos-arm64-1.7.0/QtVideoWorkbench.app/Contents/Frameworks/QtQuickWidgets.framework/Versions/A/Resources/Info.plist"
Log:  copied: "/opt/homebrew/opt/qtdeclarative/lib/QtQuickWidgets.framework/Resources/PrivacyInfo.xcprivacy"
Log:  to "/Users/bytedance/Downloads/国产资产作业/qt-video-workbench/.workbench/release-macos-arm64-1.7.0/QtVideoWorkbench.app/Contents/Frameworks/QtQuickWidgets.framework/Versions/A/Resources/PrivacyInfo.xcprivacy"
Log:  symlink "/Users/bytedance/Downloads/国产资产作业/qt-video-workbench/.workbench/release-macos-arm64-1.7.0/QtVideoWorkbench.app/Contents/Frameworks/QtQuickWidgets.framework/QtQuickWidgets"
Log:  points to "Versions/Current/QtQuickWidgets"
Log:  symlink "/Users/bytedance/Downloads/国产资产作业/qt-video-workbench/.workbench/release-macos-arm64-1.7.0/QtVideoWorkbench.app/Contents/Frameworks/QtQuickWidgets.framework/Resources"
Log:  points to "Versions/Current/Resources"
Log:  symlink "/Users/bytedance/Downloads/国产资产作业/qt-video-workbench/.workbench/release-macos-arm64-1.7.0/QtVideoWorkbench.app/Contents/Frameworks/QtQuickWidgets.framework/Versions/Current"
Log:  points to "A"
Log:  copied: "/opt/homebrew/opt/qtdeclarative/lib/QtQmlMeta.framework/Versions/A/QtQmlMeta"
Log:  to "/Users/bytedance/Downloads/国产资产作业/qt-video-workbench/.workbench/release-macos-arm64-1.7.0/QtVideoWorkbench.app/Contents/Frameworks/QtQmlMeta.framework/Versions/A/QtQmlMeta"
Log: copy: "/opt/homebrew/opt/qtdeclarative/lib/QtQmlMeta.framework/Resources" "/Users/bytedance/Downloads/国产资产作业/qt-video-workbench/.workbench/release-macos-arm64-1.7.0/QtVideoWorkbench.app/Contents/Frameworks/QtQmlMeta.framework/Versions/A/Resources"
Log:  copied: "/opt/homebrew/opt/qtdeclarative/lib/QtQmlMeta.framework/Resources/Info.plist"
Log:  to "/Users/bytedance/Downloads/国产资产作业/qt-video-workbench/.workbench/release-macos-arm64-1.7.0/QtVideoWorkbench.app/Contents/Frameworks/QtQmlMeta.framework/Versions/A/Resources/Info.plist"
Log:  copied: "/opt/homebrew/opt/qtdeclarative/lib/QtQmlMeta.framework/Resources/PrivacyInfo.xcprivacy"
Log:  to "/Users/bytedance/Downloads/国产资产作业/qt-video-workbench/.workbench/release-macos-arm64-1.7.0/QtVideoWorkbench.app/Contents/Frameworks/QtQmlMeta.framework/Versions/A/Resources/PrivacyInfo.xcprivacy"
Log:  symlink "/Users/bytedance/Downloads/国产资产作业/qt-video-workbench/.workbench/release-macos-arm64-1.7.0/QtVideoWorkbench.app/Contents/Frameworks/QtQmlMeta.framework/QtQmlMeta"
Log:  points to "Versions/Current/QtQmlMeta"
Log:  symlink "/Users/bytedance/Downloads/国产资产作业/qt-video-workbench/.workbench/release-macos-arm64-1.7.0/QtVideoWorkbench.app/Contents/Frameworks/QtQmlMeta.framework/Resources"
Log:  points to "Versions/Current/Resources"
Log:  symlink "/Users/bytedance/Downloads/国产资产作业/qt-video-workbench/.workbench/release-macos-arm64-1.7.0/QtVideoWorkbench.app/Contents/Frameworks/QtQmlMeta.framework/Versions/Current"
Log:  points to "A"
Log:  copied: "/opt/homebrew/opt/qtdeclarative/lib/QtQmlModels.framework/Versions/A/QtQmlModels"
Log:  to "/Users/bytedance/Downloads/国产资产作业/qt-video-workbench/.workbench/release-macos-arm64-1.7.0/QtVideoWorkbench.app/Contents/Frameworks/QtQmlModels.framework/Versions/A/QtQmlModels"
Log: copy: "/opt/homebrew/opt/qtdeclarative/lib/QtQmlModels.framework/Resources" "/Users/bytedance/Downloads/国产资产作业/qt-video-workbench/.workbench/release-macos-arm64-1.7.0/QtVideoWorkbench.app/Contents/Frameworks/QtQmlModels.framework/Versions/A/Resources"
Log:  copied: "/opt/homebrew/opt/qtdeclarative/lib/QtQmlModels.framework/Resources/Info.plist"
Log:  to "/Users/bytedance/Downloads/国产资产作业/qt-video-workbench/.workbench/release-macos-arm64-1.7.0/QtVideoWorkbench.app/Contents/Frameworks/QtQmlModels.framework/Versions/A/Resources/Info.plist"
Log:  copied: "/opt/homebrew/opt/qtdeclarative/lib/QtQmlModels.framework/Resources/PrivacyInfo.xcprivacy"
Log:  to "/Users/bytedance/Downloads/国产资产作业/qt-video-workbench/.workbench/release-macos-arm64-1.7.0/QtVideoWorkbench.app/Contents/Frameworks/QtQmlModels.framework/Versions/A/Resources/PrivacyInfo.xcprivacy"
Log:  symlink "/Users/bytedance/Downloads/国产资产作业/qt-video-workbench/.workbench/release-macos-arm64-1.7.0/QtVideoWorkbench.app/Contents/Frameworks/QtQmlModels.framework/QtQmlModels"
Log:  points to "Versions/Current/QtQmlModels"
Log:  symlink "/Users/bytedance/Downloads/国产资产作业/qt-video-workbench/.workbench/release-macos-arm64-1.7.0/QtVideoWorkbench.app/Contents/Frameworks/QtQmlModels.framework/Resources"
Log:  points to "Versions/Current/Resources"
Log:  symlink "/Users/bytedance/Downloads/国产资产作业/qt-video-workbench/.workbench/release-macos-arm64-1.7.0/QtVideoWorkbench.app/Contents/Frameworks/QtQmlModels.framework/Versions/Current"
Log:  points to "A"
Log:  copied: "/opt/homebrew/opt/qtdeclarative/lib/QtQmlWorkerScript.framework/Versions/A/QtQmlWorkerScript"
Log:  to "/Users/bytedance/Downloads/国产资产作业/qt-video-workbench/.workbench/release-macos-arm64-1.7.0/QtVideoWorkbench.app/Contents/Frameworks/QtQmlWorkerScript.framework/Versions/A/QtQmlWorkerScript"
Log: copy: "/opt/homebrew/opt/qtdeclarative/lib/QtQmlWorkerScript.framework/Resources" "/Users/bytedance/Downloads/国产资产作业/qt-video-workbench/.workbench/release-macos-arm64-1.7.0/QtVideoWorkbench.app/Contents/Frameworks/QtQmlWorkerScript.framework/Versions/A/Resources"
Log:  copied: "/opt/homebrew/opt/qtdeclarative/lib/QtQmlWorkerScript.framework/Resources/Info.plist"
Log:  to "/Users/bytedance/Downloads/国产资产作业/qt-video-workbench/.workbench/release-macos-arm64-1.7.0/QtVideoWorkbench.app/Contents/Frameworks/QtQmlWorkerScript.framework/Versions/A/Resources/Info.plist"
Log:  copied: "/opt/homebrew/opt/qtdeclarative/lib/QtQmlWorkerScript.framework/Resources/PrivacyInfo.xcprivacy"
Log:  to "/Users/bytedance/Downloads/国产资产作业/qt-video-workbench/.workbench/release-macos-arm64-1.7.0/QtVideoWorkbench.app/Contents/Frameworks/QtQmlWorkerScript.framework/Versions/A/Resources/PrivacyInfo.xcprivacy"
Log:  symlink "/Users/bytedance/Downloads/国产资产作业/qt-video-workbench/.workbench/release-macos-arm64-1.7.0/QtVideoWorkbench.app/Contents/Frameworks/QtQmlWorkerScript.framework/QtQmlWorkerScript"
Log:  points to "Versions/Current/QtQmlWorkerScript"
Log:  symlink "/Users/bytedance/Downloads/国产资产作业/qt-video-workbench/.workbench/release-macos-arm64-1.7.0/QtVideoWorkbench.app/Contents/Frameworks/QtQmlWorkerScript.framework/Resources"
Log:  points to "Versions/Current/Resources"
Log:  symlink "/Users/bytedance/Downloads/国产资产作业/qt-video-workbench/.workbench/release-macos-arm64-1.7.0/QtVideoWorkbench.app/Contents/Frameworks/QtQmlWorkerScript.framework/Versions/Current"
Log:  points to "A"
Log:  copied: "/opt/homebrew/opt/brotli/lib/libbrotlidec.1.dylib"
Log:  to "/Users/bytedance/Downloads/国产资产作业/qt-video-workbench/.workbench/release-macos-arm64-1.7.0/QtVideoWorkbench.app/Contents/Frameworks//libbrotlidec.1.dylib"
Log:  copied: "/opt/homebrew/opt/zstd/lib/libzstd.1.dylib"
Log:  to "/Users/bytedance/Downloads/国产资产作业/qt-video-workbench/.workbench/release-macos-arm64-1.7.0/QtVideoWorkbench.app/Contents/Frameworks//libzstd.1.dylib"
Log:  copied: "/opt/homebrew/opt/openssl@3/lib/libssl.3.dylib"
Log:  to "/Users/bytedance/Downloads/国产资产作业/qt-video-workbench/.workbench/release-macos-arm64-1.7.0/QtVideoWorkbench.app/Contents/Frameworks//libssl.3.dylib"
Log:  copied: "/opt/homebrew/opt/openssl@3/lib/libcrypto.3.dylib"
Log:  to "/Users/bytedance/Downloads/国产资产作业/qt-video-workbench/.workbench/release-macos-arm64-1.7.0/QtVideoWorkbench.app/Contents/Frameworks//libcrypto.3.dylib"
Log:  copied: "/opt/homebrew/opt/glib/lib/libglib-2.0.0.dylib"
Log:  to "/Users/bytedance/Downloads/国产资产作业/qt-video-workbench/.workbench/release-macos-arm64-1.7.0/QtVideoWorkbench.app/Contents/Frameworks//libglib-2.0.0.dylib"
Log:  copied: "/opt/homebrew/opt/qtbase/lib/QtDBus.framework/Versions/A/QtDBus"
Log:  to "/Users/bytedance/Downloads/国产资产作业/qt-video-workbench/.workbench/release-macos-arm64-1.7.0/QtVideoWorkbench.app/Contents/Frameworks/QtDBus.framework/Versions/A/QtDBus"
Log: copy: "/opt/homebrew/opt/qtbase/lib/QtDBus.framework/Resources" "/Users/bytedance/Downloads/国产资产作业/qt-video-workbench/.workbench/release-macos-arm64-1.7.0/QtVideoWorkbench.app/Contents/Frameworks/QtDBus.framework/Versions/A/Resources"
Log:  copied: "/opt/homebrew/opt/qtbase/lib/QtDBus.framework/Resources/Info.plist"
Log:  to "/Users/bytedance/Downloads/国产资产作业/qt-video-workbench/.workbench/release-macos-arm64-1.7.0/QtVideoWorkbench.app/Contents/Frameworks/QtDBus.framework/Versions/A/Resources/Info.plist"
Log:  copied: "/opt/homebrew/opt/qtbase/lib/QtDBus.framework/Resources/PrivacyInfo.xcprivacy"
Log:  to "/Users/bytedance/Downloads/国产资产作业/qt-video-workbench/.workbench/release-macos-arm64-1.7.0/QtVideoWorkbench.app/Contents/Frameworks/QtDBus.framework/Versions/A/Resources/PrivacyInfo.xcprivacy"
Log:  symlink "/Users/bytedance/Downloads/国产资产作业/qt-video-workbench/.workbench/release-macos-arm64-1.7.0/QtVideoWorkbench.app/Contents/Frameworks/QtDBus.framework/QtDBus"
Log:  points to "Versions/Current/QtDBus"
Log:  symlink "/Users/bytedance/Downloads/国产资产作业/qt-video-workbench/.workbench/release-macos-arm64-1.7.0/QtVideoWorkbench.app/Contents/Frameworks/QtDBus.framework/Resources"
Log:  points to "Versions/Current/Resources"
Log:  symlink "/Users/bytedance/Downloads/国产资产作业/qt-video-workbench/.workbench/release-macos-arm64-1.7.0/QtVideoWorkbench.app/Contents/Frameworks/QtDBus.framework/Versions/Current"
Log:  points to "A"
Log:  copied: "/opt/homebrew/opt/libpng/lib/libpng16.16.dylib"
Log:  to "/Users/bytedance/Downloads/国产资产作业/qt-video-workbench/.workbench/release-macos-arm64-1.7.0/QtVideoWorkbench.app/Contents/Frameworks//libpng16.16.dylib"
Log:  copied: "/opt/homebrew/opt/harfbuzz/lib/libharfbuzz.0.dylib"
Log:  to "/Users/bytedance/Downloads/国产资产作业/qt-video-workbench/.workbench/release-macos-arm64-1.7.0/QtVideoWorkbench.app/Contents/Frameworks//libharfbuzz.0.dylib"
Log:  copied: "/opt/homebrew/opt/md4c/lib/libmd4c.0.dylib"
Log:  to "/Users/bytedance/Downloads/国产资产作业/qt-video-workbench/.workbench/release-macos-arm64-1.7.0/QtVideoWorkbench.app/Contents/Frameworks//libmd4c.0.dylib"
Log:  copied: "/opt/homebrew/opt/freetype/lib/libfreetype.6.dylib"
Log:  to "/Users/bytedance/Downloads/国产资产作业/qt-video-workbench/.workbench/release-macos-arm64-1.7.0/QtVideoWorkbench.app/Contents/Frameworks//libfreetype.6.dylib"
Log:  copied: "/opt/homebrew/opt/glib/lib/libgthread-2.0.0.dylib"
Log:  to "/Users/bytedance/Downloads/国产资产作业/qt-video-workbench/.workbench/release-macos-arm64-1.7.0/QtVideoWorkbench.app/Contents/Frameworks//libgthread-2.0.0.dylib"
Log:  copied: "/opt/homebrew/opt/icu4c@78/lib/libicui18n.78.dylib"
Log:  to "/Users/bytedance/Downloads/国产资产作业/qt-video-workbench/.workbench/release-macos-arm64-1.7.0/QtVideoWorkbench.app/Contents/Frameworks//libicui18n.78.dylib"
Log:  copied: "/opt/homebrew/opt/icu4c@78/lib/libicuuc.78.dylib"
Log:  to "/Users/bytedance/Downloads/国产资产作业/qt-video-workbench/.workbench/release-macos-arm64-1.7.0/QtVideoWorkbench.app/Contents/Frameworks//libicuuc.78.dylib"
Log:  copied: "/opt/homebrew/opt/icu4c@78/lib/libicudata.78.dylib"
Log:  to "/Users/bytedance/Downloads/国产资产作业/qt-video-workbench/.workbench/release-macos-arm64-1.7.0/QtVideoWorkbench.app/Contents/Frameworks//libicudata.78.dylib"
Log:  copied: "/opt/homebrew/opt/double-conversion/lib/libdouble-conversion.3.dylib"
Log:  to "/Users/bytedance/Downloads/国产资产作业/qt-video-workbench/.workbench/release-macos-arm64-1.7.0/QtVideoWorkbench.app/Contents/Frameworks//libdouble-conversion.3.dylib"
Log:  copied: "/opt/homebrew/opt/libb2/lib/libb2.1.dylib"
Log:  to "/Users/bytedance/Downloads/国产资产作业/qt-video-workbench/.workbench/release-macos-arm64-1.7.0/QtVideoWorkbench.app/Contents/Frameworks//libb2.1.dylib"
Log:  copied: "/opt/homebrew/opt/pcre2/lib/libpcre2-16.0.dylib"
Log:  to "/Users/bytedance/Downloads/国产资产作业/qt-video-workbench/.workbench/release-macos-arm64-1.7.0/QtVideoWorkbench.app/Contents/Frameworks//libpcre2-16.0.dylib"
Log:  copied: "/opt/homebrew/opt/brotli/lib/libbrotlicommon.1.dylib"
Log:  to "/Users/bytedance/Downloads/国产资产作业/qt-video-workbench/.workbench/release-macos-arm64-1.7.0/QtVideoWorkbench.app/Contents/Frameworks//libbrotlicommon.1.dylib"
Log:  copied: "/opt/homebrew/Cellar/openssl@3/3.6.4/lib/libcrypto.3.dylib"
Log:  to "/Users/bytedance/Downloads/国产资产作业/qt-video-workbench/.workbench/release-macos-arm64-1.7.0/QtVideoWorkbench.app/Contents/Frameworks//libcrypto.3.dylib"
Log:  copied: "/opt/homebrew/opt/gettext/lib/libintl.8.dylib"
Log:  to "/Users/bytedance/Downloads/国产资产作业/qt-video-workbench/.workbench/release-macos-arm64-1.7.0/QtVideoWorkbench.app/Contents/Frameworks//libintl.8.dylib"
Log:  copied: "/opt/homebrew/opt/pcre2/lib/libpcre2-8.0.dylib"
Log:  to "/Users/bytedance/Downloads/国产资产作业/qt-video-workbench/.workbench/release-macos-arm64-1.7.0/QtVideoWorkbench.app/Contents/Frameworks//libpcre2-8.0.dylib"
Log:  copied: "/opt/homebrew/opt/dbus/lib/libdbus-1.3.dylib"
Log:  to "/Users/bytedance/Downloads/国产资产作业/qt-video-workbench/.workbench/release-macos-arm64-1.7.0/QtVideoWorkbench.app/Contents/Frameworks//libdbus-1.3.dylib"
Log:  copied: "/opt/homebrew/opt/graphite2/lib/libgraphite2.3.dylib"
Log:  to "/Users/bytedance/Downloads/国产资产作业/qt-video-workbench/.workbench/release-macos-arm64-1.7.0/QtVideoWorkbench.app/Contents/Frameworks//libgraphite2.3.dylib"
Log:
Log: Deploying plugins from "/opt/homebrew/share/qt/plugins"
Log:  copied: "/opt/homebrew/share/qt/plugins/platforms/libqcocoa.dylib"
Log:  to "/Users/bytedance/Downloads/国产资产作业/qt-video-workbench/.workbench/release-macos-arm64-1.7.0/QtVideoWorkbench.app/Contents/PlugIns/platforms/libqcocoa.dylib"
Log:
Log: Deploying Qt frameworks found inside: QList("/Users/bytedance/Downloads/国产资产作业/qt-video-workbench/.workbench/release-macos-arm64-1.7.0/QtVideoWorkbench.app/Contents/PlugIns/platforms/libqcocoa.dylib")
Log:  copied: "/opt/homebrew/opt/qtbase/lib/QtGui.framework/Versions/A/QtGui"
Log:  to "/Users/bytedance/Downloads/国产资产作业/qt-video-workbench/.workbench/release-macos-arm64-1.7.0/QtVideoWorkbench.app/Contents/Frameworks/QtGui.framework/Versions/A/QtGui"
Log: copy: "/opt/homebrew/opt/qtbase/lib/QtGui.framework/Resources" "/Users/bytedance/Downloads/国产资产作业/qt-video-workbench/.workbench/release-macos-arm64-1.7.0/QtVideoWorkbench.app/Contents/Frameworks/QtGui.framework/Versions/A/Resources"
Log:  copied: "/opt/homebrew/opt/qtbase/lib/QtGui.framework/Resources/Info.plist"
Log:  to "/Users/bytedance/Downloads/国产资产作业/qt-video-workbench/.workbench/release-macos-arm64-1.7.0/QtVideoWorkbench.app/Contents/Frameworks/QtGui.framework/Versions/A/Resources/Info.plist"
Log:  copied: "/opt/homebrew/opt/qtbase/lib/QtGui.framework/Resources/PrivacyInfo.xcprivacy"
Log:  to "/Users/bytedance/Downloads/国产资产作业/qt-video-workbench/.workbench/release-macos-arm64-1.7.0/QtVideoWorkbench.app/Contents/Frameworks/QtGui.framework/Versions/A/Resources/PrivacyInfo.xcprivacy"
Log: Symlink exists, skipping: "/Users/bytedance/Downloads/国产资产作业/qt-video-workbench/.workbench/release-macos-arm64-1.7.0/QtVideoWorkbench.app/Contents/Frameworks/QtGui.framework/QtGui"
Log: Symlink exists, skipping: "/Users/bytedance/Downloads/国产资产作业/qt-video-workbench/.workbench/release-macos-arm64-1.7.0/QtVideoWorkbench.app/Contents/Frameworks/QtGui.framework/Resources"
Log: Symlink exists, skipping: "/Users/bytedance/Downloads/国产资产作业/qt-video-workbench/.workbench/release-macos-arm64-1.7.0/QtVideoWorkbench.app/Contents/Frameworks/QtGui.framework/Versions/Current"
Log:  copied: "/opt/homebrew/opt/qtbase/lib/QtCore.framework/Versions/A/QtCore"
Log:  to "/Users/bytedance/Downloads/国产资产作业/qt-video-workbench/.workbench/release-macos-arm64-1.7.0/QtVideoWorkbench.app/Contents/Frameworks/QtCore.framework/Versions/A/QtCore"
Log: copy: "/opt/homebrew/opt/qtbase/lib/QtCore.framework/Resources" "/Users/bytedance/Downloads/国产资产作业/qt-video-workbench/.workbench/release-macos-arm64-1.7.0/QtVideoWorkbench.app/Contents/Frameworks/QtCore.framework/Versions/A/Resources"
Log:  copied: "/opt/homebrew/opt/qtbase/lib/QtCore.framework/Resources/Info.plist"
Log:  to "/Users/bytedance/Downloads/国产资产作业/qt-video-workbench/.workbench/release-macos-arm64-1.7.0/QtVideoWorkbench.app/Contents/Frameworks/QtCore.framework/Versions/A/Resources/Info.plist"
Log:  copied: "/opt/homebrew/opt/qtbase/lib/QtCore.framework/Resources/PrivacyInfo.xcprivacy"
Log:  to "/Users/bytedance/Downloads/国产资产作业/qt-video-workbench/.workbench/release-macos-arm64-1.7.0/QtVideoWorkbench.app/Contents/Frameworks/QtCore.framework/Versions/A/Resources/PrivacyInfo.xcprivacy"
Log: Symlink exists, skipping: "/Users/bytedance/Downloads/国产资产作业/qt-video-workbench/.workbench/release-macos-arm64-1.7.0/QtVideoWorkbench.app/Contents/Frameworks/QtCore.framework/QtCore"
Log: Symlink exists, skipping: "/Users/bytedance/Downloads/国产资产作业/qt-video-workbench/.workbench/release-macos-arm64-1.7.0/QtVideoWorkbench.app/Contents/Frameworks/QtCore.framework/Resources"
Log: Symlink exists, skipping: "/Users/bytedance/Downloads/国产资产作业/qt-video-workbench/.workbench/release-macos-arm64-1.7.0/QtVideoWorkbench.app/Contents/Frameworks/QtCore.framework/Versions/Current"
Log:  copied: "/opt/homebrew/opt/glib/lib/libglib-2.0.0.dylib"
Log:  to "/Users/bytedance/Downloads/国产资产作业/qt-video-workbench/.workbench/release-macos-arm64-1.7.0/QtVideoWorkbench.app/Contents/Frameworks//libglib-2.0.0.dylib"
Log:  copied: "/opt/homebrew/opt/qtbase/lib/QtDBus.framework/Versions/A/QtDBus"
Log:  to "/Users/bytedance/Downloads/国产资产作业/qt-video-workbench/.workbench/release-macos-arm64-1.7.0/QtVideoWorkbench.app/Contents/Frameworks/QtDBus.framework/Versions/A/QtDBus"
Log: copy: "/opt/homebrew/opt/qtbase/lib/QtDBus.framework/Resources" "/Users/bytedance/Downloads/国产资产作业/qt-video-workbench/.workbench/release-macos-arm64-1.7.0/QtVideoWorkbench.app/Contents/Frameworks/QtDBus.framework/Versions/A/Resources"
Log:  copied: "/opt/homebrew/opt/qtbase/lib/QtDBus.framework/Resources/Info.plist"
Log:  to "/Users/bytedance/Downloads/国产资产作业/qt-video-workbench/.workbench/release-macos-arm64-1.7.0/QtVideoWorkbench.app/Contents/Frameworks/QtDBus.framework/Versions/A/Resources/Info.plist"
Log:  copied: "/opt/homebrew/opt/qtbase/lib/QtDBus.framework/Resources/PrivacyInfo.xcprivacy"
Log:  to "/Users/bytedance/Downloads/国产资产作业/qt-video-workbench/.workbench/release-macos-arm64-1.7.0/QtVideoWorkbench.app/Contents/Frameworks/QtDBus.framework/Versions/A/Resources/PrivacyInfo.xcprivacy"
Log: Symlink exists, skipping: "/Users/bytedance/Downloads/国产资产作业/qt-video-workbench/.workbench/release-macos-arm64-1.7.0/QtVideoWorkbench.app/Contents/Frameworks/QtDBus.framework/QtDBus"
Log: Symlink exists, skipping: "/Users/bytedance/Downloads/国产资产作业/qt-video-workbench/.workbench/release-macos-arm64-1.7.0/QtVideoWorkbench.app/Contents/Frameworks/QtDBus.framework/Resources"
Log: Symlink exists, skipping: "/Users/bytedance/Downloads/国产资产作业/qt-video-workbench/.workbench/release-macos-arm64-1.7.0/QtVideoWorkbench.app/Contents/Frameworks/QtDBus.framework/Versions/Current"
Log:  copied: "/opt/homebrew/opt/libpng/lib/libpng16.16.dylib"
Log:  to "/Users/bytedance/Downloads/国产资产作业/qt-video-workbench/.workbench/release-macos-arm64-1.7.0/QtVideoWorkbench.app/Contents/Frameworks//libpng16.16.dylib"
Log:  copied: "/opt/homebrew/opt/harfbuzz/lib/libharfbuzz.0.dylib"
Log:  to "/Users/bytedance/Downloads/国产资产作业/qt-video-workbench/.workbench/release-macos-arm64-1.7.0/QtVideoWorkbench.app/Contents/Frameworks//libharfbuzz.0.dylib"
Log:  copied: "/opt/homebrew/opt/md4c/lib/libmd4c.0.dylib"
Log:  to "/Users/bytedance/Downloads/国产资产作业/qt-video-workbench/.workbench/release-macos-arm64-1.7.0/QtVideoWorkbench.app/Contents/Frameworks//libmd4c.0.dylib"
Log:  copied: "/opt/homebrew/opt/freetype/lib/libfreetype.6.dylib"
Log:  to "/Users/bytedance/Downloads/国产资产作业/qt-video-workbench/.workbench/release-macos-arm64-1.7.0/QtVideoWorkbench.app/Contents/Frameworks//libfreetype.6.dylib"
Log:  copied: "/opt/homebrew/opt/glib/lib/libgthread-2.0.0.dylib"
Log:  to "/Users/bytedance/Downloads/国产资产作业/qt-video-workbench/.workbench/release-macos-arm64-1.7.0/QtVideoWorkbench.app/Contents/Frameworks//libgthread-2.0.0.dylib"
Log:  copied: "/opt/homebrew/opt/icu4c@78/lib/libicui18n.78.dylib"
Log:  to "/Users/bytedance/Downloads/国产资产作业/qt-video-workbench/.workbench/release-macos-arm64-1.7.0/QtVideoWorkbench.app/Contents/Frameworks//libicui18n.78.dylib"
Log:  copied: "/opt/homebrew/opt/icu4c@78/lib/libicuuc.78.dylib"
Log:  to "/Users/bytedance/Downloads/国产资产作业/qt-video-workbench/.workbench/release-macos-arm64-1.7.0/QtVideoWorkbench.app/Contents/Frameworks//libicuuc.78.dylib"
Log:  copied: "/opt/homebrew/opt/icu4c@78/lib/libicudata.78.dylib"
Log:  to "/Users/bytedance/Downloads/国产资产作业/qt-video-workbench/.workbench/release-macos-arm64-1.7.0/QtVideoWorkbench.app/Contents/Frameworks//libicudata.78.dylib"
Log:  copied: "/opt/homebrew/opt/double-conversion/lib/libdouble-conversion.3.dylib"
Log:  to "/Users/bytedance/Downloads/国产资产作业/qt-video-workbench/.workbench/release-macos-arm64-1.7.0/QtVideoWorkbench.app/Contents/Frameworks//libdouble-conversion.3.dylib"
Log:  copied: "/opt/homebrew/opt/libb2/lib/libb2.1.dylib"
Log:  to "/Users/bytedance/Downloads/国产资产作业/qt-video-workbench/.workbench/release-macos-arm64-1.7.0/QtVideoWorkbench.app/Contents/Frameworks//libb2.1.dylib"
Log:  copied: "/opt/homebrew/opt/pcre2/lib/libpcre2-16.0.dylib"
Log:  to "/Users/bytedance/Downloads/国产资产作业/qt-video-workbench/.workbench/release-macos-arm64-1.7.0/QtVideoWorkbench.app/Contents/Frameworks//libpcre2-16.0.dylib"
Log:  copied: "/opt/homebrew/opt/zstd/lib/libzstd.1.dylib"
Log:  to "/Users/bytedance/Downloads/国产资产作业/qt-video-workbench/.workbench/release-macos-arm64-1.7.0/QtVideoWorkbench.app/Contents/Frameworks//libzstd.1.dylib"
Log:  copied: "/opt/homebrew/opt/gettext/lib/libintl.8.dylib"
Log:  to "/Users/bytedance/Downloads/国产资产作业/qt-video-workbench/.workbench/release-macos-arm64-1.7.0/QtVideoWorkbench.app/Contents/Frameworks//libintl.8.dylib"
Log:  copied: "/opt/homebrew/opt/pcre2/lib/libpcre2-8.0.dylib"
Log:  to "/Users/bytedance/Downloads/国产资产作业/qt-video-workbench/.workbench/release-macos-arm64-1.7.0/QtVideoWorkbench.app/Contents/Frameworks//libpcre2-8.0.dylib"
Log:  copied: "/opt/homebrew/opt/dbus/lib/libdbus-1.3.dylib"
Log:  to "/Users/bytedance/Downloads/国产资产作业/qt-video-workbench/.workbench/release-macos-arm64-1.7.0/QtVideoWorkbench.app/Contents/Frameworks//libdbus-1.3.dylib"
Log:  copied: "/opt/homebrew/opt/graphite2/lib/libgraphite2.3.dylib"
Log:  to "/Users/bytedance/Downloads/国产资产作业/qt-video-workbench/.workbench/release-macos-arm64-1.7.0/QtVideoWorkbench.app/Contents/Frameworks//libgraphite2.3.dylib"
Log:  copied: "/opt/homebrew/share/qt/plugins/styles/libqmacstyle.dylib"
Log:  to "/Users/bytedance/Downloads/国产资产作业/qt-video-workbench/.workbench/release-macos-arm64-1.7.0/QtVideoWorkbench.app/Contents/PlugIns/styles/libqmacstyle.dylib"
Log:
Log: Deploying Qt frameworks found inside: QList("/Users/bytedance/Downloads/国产资产作业/qt-video-workbench/.workbench/release-macos-arm64-1.7.0/QtVideoWorkbench.app/Contents/PlugIns/styles/libqmacstyle.dylib")
Log:  copied: "/opt/homebrew/opt/qtbase/lib/QtWidgets.framework/Versions/A/QtWidgets"
Log:  to "/Users/bytedance/Downloads/国产资产作业/qt-video-workbench/.workbench/release-macos-arm64-1.7.0/QtVideoWorkbench.app/Contents/Frameworks/QtWidgets.framework/Versions/A/QtWidgets"
Log: copy: "/opt/homebrew/opt/qtbase/lib/QtWidgets.framework/Resources" "/Users/bytedance/Downloads/国产资产作业/qt-video-workbench/.workbench/release-macos-arm64-1.7.0/QtVideoWorkbench.app/Contents/Frameworks/QtWidgets.framework/Versions/A/Resources"
Log:  copied: "/opt/homebrew/opt/qtbase/lib/QtWidgets.framework/Resources/Info.plist"
Log:  to "/Users/bytedance/Downloads/国产资产作业/qt-video-workbench/.workbench/release-macos-arm64-1.7.0/QtVideoWorkbench.app/Contents/Frameworks/QtWidgets.framework/Versions/A/Resources/Info.plist"
Log:  copied: "/opt/homebrew/opt/qtbase/lib/QtWidgets.framework/Resources/PrivacyInfo.xcprivacy"
Log:  to "/Users/bytedance/Downloads/国产资产作业/qt-video-workbench/.workbench/release-macos-arm64-1.7.0/QtVideoWorkbench.app/Contents/Frameworks/QtWidgets.framework/Versions/A/Resources/PrivacyInfo.xcprivacy"
Log: Symlink exists, skipping: "/Users/bytedance/Downloads/国产资产作业/qt-video-workbench/.workbench/release-macos-arm64-1.7.0/QtVideoWorkbench.app/Contents/Frameworks/QtWidgets.framework/QtWidgets"
Log: Symlink exists, skipping: "/Users/bytedance/Downloads/国产资产作业/qt-video-workbench/.workbench/release-macos-arm64-1.7.0/QtVideoWorkbench.app/Contents/Frameworks/QtWidgets.framework/Resources"
Log: Symlink exists, skipping: "/Users/bytedance/Downloads/国产资产作业/qt-video-workbench/.workbench/release-macos-arm64-1.7.0/QtVideoWorkbench.app/Contents/Frameworks/QtWidgets.framework/Versions/Current"
Log:  copied: "/opt/homebrew/opt/qtbase/lib/QtGui.framework/Versions/A/QtGui"
Log:  to "/Users/bytedance/Downloads/国产资产作业/qt-video-workbench/.workbench/release-macos-arm64-1.7.0/QtVideoWorkbench.app/Contents/Frameworks/QtGui.framework/Versions/A/QtGui"
Log: copy: "/opt/homebrew/opt/qtbase/lib/QtGui.framework/Resources" "/Users/bytedance/Downloads/国产资产作业/qt-video-workbench/.workbench/release-macos-arm64-1.7.0/QtVideoWorkbench.app/Contents/Frameworks/QtGui.framework/Versions/A/Resources"
Log:  copied: "/opt/homebrew/opt/qtbase/lib/QtGui.framework/Resources/Info.plist"
Log:  to "/Users/bytedance/Downloads/国产资产作业/qt-video-workbench/.workbench/release-macos-arm64-1.7.0/QtVideoWorkbench.app/Contents/Frameworks/QtGui.framework/Versions/A/Resources/Info.plist"
Log:  copied: "/opt/homebrew/opt/qtbase/lib/QtGui.framework/Resources/PrivacyInfo.xcprivacy"
Log:  to "/Users/bytedance/Downloads/国产资产作业/qt-video-workbench/.workbench/release-macos-arm64-1.7.0/QtVideoWorkbench.app/Contents/Frameworks/QtGui.framework/Versions/A/Resources/PrivacyInfo.xcprivacy"
Log: Symlink exists, skipping: "/Users/bytedance/Downloads/国产资产作业/qt-video-workbench/.workbench/release-macos-arm64-1.7.0/QtVideoWorkbench.app/Contents/Frameworks/QtGui.framework/QtGui"
Log: Symlink exists, skipping: "/Users/bytedance/Downloads/国产资产作业/qt-video-workbench/.workbench/release-macos-arm64-1.7.0/QtVideoWorkbench.app/Contents/Frameworks/QtGui.framework/Resources"
Log: Symlink exists, skipping: "/Users/bytedance/Downloads/国产资产作业/qt-video-workbench/.workbench/release-macos-arm64-1.7.0/QtVideoWorkbench.app/Contents/Frameworks/QtGui.framework/Versions/Current"
Log:  copied: "/opt/homebrew/opt/qtbase/lib/QtCore.framework/Versions/A/QtCore"
Log:  to "/Users/bytedance/Downloads/国产资产作业/qt-video-workbench/.workbench/release-macos-arm64-1.7.0/QtVideoWorkbench.app/Contents/Frameworks/QtCore.framework/Versions/A/QtCore"
Log: copy: "/opt/homebrew/opt/qtbase/lib/QtCore.framework/Resources" "/Users/bytedance/Downloads/国产资产作业/qt-video-workbench/.workbench/release-macos-arm64-1.7.0/QtVideoWorkbench.app/Contents/Frameworks/QtCore.framework/Versions/A/Resources"
Log:  copied: "/opt/homebrew/opt/qtbase/lib/QtCore.framework/Resources/Info.plist"
Log:  to "/Users/bytedance/Downloads/国产资产作业/qt-video-workbench/.workbench/release-macos-arm64-1.7.0/QtVideoWorkbench.app/Contents/Frameworks/QtCore.framework/Versions/A/Resources/Info.plist"
Log:  copied: "/opt/homebrew/opt/qtbase/lib/QtCore.framework/Resources/PrivacyInfo.xcprivacy"
Log:  to "/Users/bytedance/Downloads/国产资产作业/qt-video-workbench/.workbench/release-macos-arm64-1.7.0/QtVideoWorkbench.app/Contents/Frameworks/QtCore.framework/Versions/A/Resources/PrivacyInfo.xcprivacy"
Log: Symlink exists, skipping: "/Users/bytedance/Downloads/国产资产作业/qt-video-workbench/.workbench/release-macos-arm64-1.7.0/QtVideoWorkbench.app/Contents/Frameworks/QtCore.framework/QtCore"
Log: Symlink exists, skipping: "/Users/bytedance/Downloads/国产资产作业/qt-video-workbench/.workbench/release-macos-arm64-1.7.0/QtVideoWorkbench.app/Contents/Frameworks/QtCore.framework/Resources"
Log: Symlink exists, skipping: "/Users/bytedance/Downloads/国产资产作业/qt-video-workbench/.workbench/release-macos-arm64-1.7.0/QtVideoWorkbench.app/Contents/Frameworks/QtCore.framework/Versions/Current"
Log:  copied: "/opt/homebrew/opt/glib/lib/libglib-2.0.0.dylib"
Log:  to "/Users/bytedance/Downloads/国产资产作业/qt-video-workbench/.workbench/release-macos-arm64-1.7.0/QtVideoWorkbench.app/Contents/Frameworks//libglib-2.0.0.dylib"
Log:  copied: "/opt/homebrew/opt/qtbase/lib/QtDBus.framework/Versions/A/QtDBus"
Log:  to "/Users/bytedance/Downloads/国产资产作业/qt-video-workbench/.workbench/release-macos-arm64-1.7.0/QtVideoWorkbench.app/Contents/Frameworks/QtDBus.framework/Versions/A/QtDBus"
Log: copy: "/opt/homebrew/opt/qtbase/lib/QtDBus.framework/Resources" "/Users/bytedance/Downloads/国产资产作业/qt-video-workbench/.workbench/release-macos-arm64-1.7.0/QtVideoWorkbench.app/Contents/Frameworks/QtDBus.framework/Versions/A/Resources"
Log:  copied: "/opt/homebrew/opt/qtbase/lib/QtDBus.framework/Resources/Info.plist"
Log:  to "/Users/bytedance/Downloads/国产资产作业/qt-video-workbench/.workbench/release-macos-arm64-1.7.0/QtVideoWorkbench.app/Contents/Frameworks/QtDBus.framework/Versions/A/Resources/Info.plist"
Log:  copied: "/opt/homebrew/opt/qtbase/lib/QtDBus.framework/Resources/PrivacyInfo.xcprivacy"
Log:  to "/Users/bytedance/Downloads/国产资产作业/qt-video-workbench/.workbench/release-macos-arm64-1.7.0/QtVideoWorkbench.app/Contents/Frameworks/QtDBus.framework/Versions/A/Resources/PrivacyInfo.xcprivacy"
Log: Symlink exists, skipping: "/Users/bytedance/Downloads/国产资产作业/qt-video-workbench/.workbench/release-macos-arm64-1.7.0/QtVideoWorkbench.app/Contents/Frameworks/QtDBus.framework/QtDBus"
Log: Symlink exists, skipping: "/Users/bytedance/Downloads/国产资产作业/qt-video-workbench/.workbench/release-macos-arm64-1.7.0/QtVideoWorkbench.app/Contents/Frameworks/QtDBus.framework/Resources"
Log: Symlink exists, skipping: "/Users/bytedance/Downloads/国产资产作业/qt-video-workbench/.workbench/release-macos-arm64-1.7.0/QtVideoWorkbench.app/Contents/Frameworks/QtDBus.framework/Versions/Current"
Log:  copied: "/opt/homebrew/opt/libpng/lib/libpng16.16.dylib"
Log:  to "/Users/bytedance/Downloads/国产资产作业/qt-video-workbench/.workbench/release-macos-arm64-1.7.0/QtVideoWorkbench.app/Contents/Frameworks//libpng16.16.dylib"
Log:  copied: "/opt/homebrew/opt/harfbuzz/lib/libharfbuzz.0.dylib"
Log:  to "/Users/bytedance/Downloads/国产资产作业/qt-video-workbench/.workbench/release-macos-arm64-1.7.0/QtVideoWorkbench.app/Contents/Frameworks//libharfbuzz.0.dylib"
Log:  copied: "/opt/homebrew/opt/md4c/lib/libmd4c.0.dylib"
Log:  to "/Users/bytedance/Downloads/国产资产作业/qt-video-workbench/.workbench/release-macos-arm64-1.7.0/QtVideoWorkbench.app/Contents/Frameworks//libmd4c.0.dylib"
Log:  copied: "/opt/homebrew/opt/freetype/lib/libfreetype.6.dylib"
Log:  to "/Users/bytedance/Downloads/国产资产作业/qt-video-workbench/.workbench/release-macos-arm64-1.7.0/QtVideoWorkbench.app/Contents/Frameworks//libfreetype.6.dylib"
Log:  copied: "/opt/homebrew/opt/glib/lib/libgthread-2.0.0.dylib"
Log:  to "/Users/bytedance/Downloads/国产资产作业/qt-video-workbench/.workbench/release-macos-arm64-1.7.0/QtVideoWorkbench.app/Contents/Frameworks//libgthread-2.0.0.dylib"
Log:  copied: "/opt/homebrew/opt/icu4c@78/lib/libicui18n.78.dylib"
Log:  to "/Users/bytedance/Downloads/国产资产作业/qt-video-workbench/.workbench/release-macos-arm64-1.7.0/QtVideoWorkbench.app/Contents/Frameworks//libicui18n.78.dylib"
Log:  copied: "/opt/homebrew/opt/icu4c@78/lib/libicuuc.78.dylib"
Log:  to "/Users/bytedance/Downloads/国产资产作业/qt-video-workbench/.workbench/release-macos-arm64-1.7.0/QtVideoWorkbench.app/Contents/Frameworks//libicuuc.78.dylib"
Log:  copied: "/opt/homebrew/opt/icu4c@78/lib/libicudata.78.dylib"
Log:  to "/Users/bytedance/Downloads/国产资产作业/qt-video-workbench/.workbench/release-macos-arm64-1.7.0/QtVideoWorkbench.app/Contents/Frameworks//libicudata.78.dylib"
Log:  copied: "/opt/homebrew/opt/double-conversion/lib/libdouble-conversion.3.dylib"
Log:  to "/Users/bytedance/Downloads/国产资产作业/qt-video-workbench/.workbench/release-macos-arm64-1.7.0/QtVideoWorkbench.app/Contents/Frameworks//libdouble-conversion.3.dylib"
Log:  copied: "/opt/homebrew/opt/libb2/lib/libb2.1.dylib"
Log:  to "/Users/bytedance/Downloads/国产资产作业/qt-video-workbench/.workbench/release-macos-arm64-1.7.0/QtVideoWorkbench.app/Contents/Frameworks//libb2.1.dylib"
Log:  copied: "/opt/homebrew/opt/pcre2/lib/libpcre2-16.0.dylib"
Log:  to "/Users/bytedance/Downloads/国产资产作业/qt-video-workbench/.workbench/release-macos-arm64-1.7.0/QtVideoWorkbench.app/Contents/Frameworks//libpcre2-16.0.dylib"
Log:  copied: "/opt/homebrew/opt/zstd/lib/libzstd.1.dylib"
Log:  to "/Users/bytedance/Downloads/国产资产作业/qt-video-workbench/.workbench/release-macos-arm64-1.7.0/QtVideoWorkbench.app/Contents/Frameworks//libzstd.1.dylib"
Log:  copied: "/opt/homebrew/opt/gettext/lib/libintl.8.dylib"
Log:  to "/Users/bytedance/Downloads/国产资产作业/qt-video-workbench/.workbench/release-macos-arm64-1.7.0/QtVideoWorkbench.app/Contents/Frameworks//libintl.8.dylib"
Log:  copied: "/opt/homebrew/opt/pcre2/lib/libpcre2-8.0.dylib"
Log:  to "/Users/bytedance/Downloads/国产资产作业/qt-video-workbench/.workbench/release-macos-arm64-1.7.0/QtVideoWorkbench.app/Contents/Frameworks//libpcre2-8.0.dylib"
Log:  copied: "/opt/homebrew/opt/dbus/lib/libdbus-1.3.dylib"
Log:  to "/Users/bytedance/Downloads/国产资产作业/qt-video-workbench/.workbench/release-macos-arm64-1.7.0/QtVideoWorkbench.app/Contents/Frameworks//libdbus-1.3.dylib"
Log:  copied: "/opt/homebrew/opt/graphite2/lib/libgraphite2.3.dylib"
Log:  to "/Users/bytedance/Downloads/国产资产作业/qt-video-workbench/.workbench/release-macos-arm64-1.7.0/QtVideoWorkbench.app/Contents/Frameworks//libgraphite2.3.dylib"
Log:  copied: "/opt/homebrew/share/qt/plugins/tls/libqcertonlybackend.dylib"
Log:  to "/Users/bytedance/Downloads/国产资产作业/qt-video-workbench/.workbench/release-macos-arm64-1.7.0/QtVideoWorkbench.app/Contents/PlugIns/tls/libqcertonlybackend.dylib"
Log:
Log: Deploying Qt frameworks found inside: QList("/Users/bytedance/Downloads/国产资产作业/qt-video-workbench/.workbench/release-macos-arm64-1.7.0/QtVideoWorkbench.app/Contents/PlugIns/tls/libqcertonlybackend.dylib")
Log:  copied: "/opt/homebrew/opt/qtbase/lib/QtNetwork.framework/Versions/A/QtNetwork"
Log:  to "/Users/bytedance/Downloads/国产资产作业/qt-video-workbench/.workbench/release-macos-arm64-1.7.0/QtVideoWorkbench.app/Contents/Frameworks/QtNetwork.framework/Versions/A/QtNetwork"
Log: copy: "/opt/homebrew/opt/qtbase/lib/QtNetwork.framework/Resources" "/Users/bytedance/Downloads/国产资产作业/qt-video-workbench/.workbench/release-macos-arm64-1.7.0/QtVideoWorkbench.app/Contents/Frameworks/QtNetwork.framework/Versions/A/Resources"
Log:  copied: "/opt/homebrew/opt/qtbase/lib/QtNetwork.framework/Resources/Info.plist"
Log:  to "/Users/bytedance/Downloads/国产资产作业/qt-video-workbench/.workbench/release-macos-arm64-1.7.0/QtVideoWorkbench.app/Contents/Frameworks/QtNetwork.framework/Versions/A/Resources/Info.plist"
Log:  copied: "/opt/homebrew/opt/qtbase/lib/QtNetwork.framework/Resources/PrivacyInfo.xcprivacy"
Log:  to "/Users/bytedance/Downloads/国产资产作业/qt-video-workbench/.workbench/release-macos-arm64-1.7.0/QtVideoWorkbench.app/Contents/Frameworks/QtNetwork.framework/Versions/A/Resources/PrivacyInfo.xcprivacy"
Log: Symlink exists, skipping: "/Users/bytedance/Downloads/国产资产作业/qt-video-workbench/.workbench/release-macos-arm64-1.7.0/QtVideoWorkbench.app/Contents/Frameworks/QtNetwork.framework/QtNetwork"
Log: Symlink exists, skipping: "/Users/bytedance/Downloads/国产资产作业/qt-video-workbench/.workbench/release-macos-arm64-1.7.0/QtVideoWorkbench.app/Contents/Frameworks/QtNetwork.framework/Resources"
Log: Symlink exists, skipping: "/Users/bytedance/Downloads/国产资产作业/qt-video-workbench/.workbench/release-macos-arm64-1.7.0/QtVideoWorkbench.app/Contents/Frameworks/QtNetwork.framework/Versions/Current"
Log:  copied: "/opt/homebrew/opt/qtbase/lib/QtCore.framework/Versions/A/QtCore"
Log:  to "/Users/bytedance/Downloads/国产资产作业/qt-video-workbench/.workbench/release-macos-arm64-1.7.0/QtVideoWorkbench.app/Contents/Frameworks/QtCore.framework/Versions/A/QtCore"
Log: copy: "/opt/homebrew/opt/qtbase/lib/QtCore.framework/Resources" "/Users/bytedance/Downloads/国产资产作业/qt-video-workbench/.workbench/release-macos-arm64-1.7.0/QtVideoWorkbench.app/Contents/Frameworks/QtCore.framework/Versions/A/Resources"
Log:  copied: "/opt/homebrew/opt/qtbase/lib/QtCore.framework/Resources/Info.plist"
Log:  to "/Users/bytedance/Downloads/国产资产作业/qt-video-workbench/.workbench/release-macos-arm64-1.7.0/QtVideoWorkbench.app/Contents/Frameworks/QtCore.framework/Versions/A/Resources/Info.plist"
Log:  copied: "/opt/homebrew/opt/qtbase/lib/QtCore.framework/Resources/PrivacyInfo.xcprivacy"
Log:  to "/Users/bytedance/Downloads/国产资产作业/qt-video-workbench/.workbench/release-macos-arm64-1.7.0/QtVideoWorkbench.app/Contents/Frameworks/QtCore.framework/Versions/A/Resources/PrivacyInfo.xcprivacy"
Log: Symlink exists, skipping: "/Users/bytedance/Downloads/国产资产作业/qt-video-workbench/.workbench/release-macos-arm64-1.7.0/QtVideoWorkbench.app/Contents/Frameworks/QtCore.framework/QtCore"
Log: Symlink exists, skipping: "/Users/bytedance/Downloads/国产资产作业/qt-video-workbench/.workbench/release-macos-arm64-1.7.0/QtVideoWorkbench.app/Contents/Frameworks/QtCore.framework/Resources"
Log: Symlink exists, skipping: "/Users/bytedance/Downloads/国产资产作业/qt-video-workbench/.workbench/release-macos-arm64-1.7.0/QtVideoWorkbench.app/Contents/Frameworks/QtCore.framework/Versions/Current"
Log:  copied: "/opt/homebrew/opt/brotli/lib/libbrotlidec.1.dylib"
Log:  to "/Users/bytedance/Downloads/国产资产作业/qt-video-workbench/.workbench/release-macos-arm64-1.7.0/QtVideoWorkbench.app/Contents/Frameworks//libbrotlidec.1.dylib"
Log:  copied: "/opt/homebrew/opt/zstd/lib/libzstd.1.dylib"
Log:  to "/Users/bytedance/Downloads/国产资产作业/qt-video-workbench/.workbench/release-macos-arm64-1.7.0/QtVideoWorkbench.app/Contents/Frameworks//libzstd.1.dylib"
Log:  copied: "/opt/homebrew/opt/openssl@3/lib/libssl.3.dylib"
Log:  to "/Users/bytedance/Downloads/国产资产作业/qt-video-workbench/.workbench/release-macos-arm64-1.7.0/QtVideoWorkbench.app/Contents/Frameworks//libssl.3.dylib"
Log:  copied: "/opt/homebrew/opt/openssl@3/lib/libcrypto.3.dylib"
Log:  to "/Users/bytedance/Downloads/国产资产作业/qt-video-workbench/.workbench/release-macos-arm64-1.7.0/QtVideoWorkbench.app/Contents/Frameworks//libcrypto.3.dylib"
Log:  copied: "/opt/homebrew/opt/icu4c@78/lib/libicui18n.78.dylib"
Log:  to "/Users/bytedance/Downloads/国产资产作业/qt-video-workbench/.workbench/release-macos-arm64-1.7.0/QtVideoWorkbench.app/Contents/Frameworks//libicui18n.78.dylib"
Log:  copied: "/opt/homebrew/opt/icu4c@78/lib/libicuuc.78.dylib"
Log:  to "/Users/bytedance/Downloads/国产资产作业/qt-video-workbench/.workbench/release-macos-arm64-1.7.0/QtVideoWorkbench.app/Contents/Frameworks//libicuuc.78.dylib"
Log:  copied: "/opt/homebrew/opt/icu4c@78/lib/libicudata.78.dylib"
Log:  to "/Users/bytedance/Downloads/国产资产作业/qt-video-workbench/.workbench/release-macos-arm64-1.7.0/QtVideoWorkbench.app/Contents/Frameworks//libicudata.78.dylib"
Log:  copied: "/opt/homebrew/opt/glib/lib/libglib-2.0.0.dylib"
Log:  to "/Users/bytedance/Downloads/国产资产作业/qt-video-workbench/.workbench/release-macos-arm64-1.7.0/QtVideoWorkbench.app/Contents/Frameworks//libglib-2.0.0.dylib"
Log:  copied: "/opt/homebrew/opt/double-conversion/lib/libdouble-conversion.3.dylib"
Log:  to "/Users/bytedance/Downloads/国产资产作业/qt-video-workbench/.workbench/release-macos-arm64-1.7.0/QtVideoWorkbench.app/Contents/Frameworks//libdouble-conversion.3.dylib"
Log:  copied: "/opt/homebrew/opt/libb2/lib/libb2.1.dylib"
Log:  to "/Users/bytedance/Downloads/国产资产作业/qt-video-workbench/.workbench/release-macos-arm64-1.7.0/QtVideoWorkbench.app/Contents/Frameworks//libb2.1.dylib"
Log:  copied: "/opt/homebrew/opt/pcre2/lib/libpcre2-16.0.dylib"
Log:  to "/Users/bytedance/Downloads/国产资产作业/qt-video-workbench/.workbench/release-macos-arm64-1.7.0/QtVideoWorkbench.app/Contents/Frameworks//libpcre2-16.0.dylib"
Log:  copied: "/opt/homebrew/opt/glib/lib/libgthread-2.0.0.dylib"
Log:  to "/Users/bytedance/Downloads/国产资产作业/qt-video-workbench/.workbench/release-macos-arm64-1.7.0/QtVideoWorkbench.app/Contents/Frameworks//libgthread-2.0.0.dylib"
Log:  copied: "/opt/homebrew/opt/brotli/lib/libbrotlicommon.1.dylib"
Log:  to "/Users/bytedance/Downloads/国产资产作业/qt-video-workbench/.workbench/release-macos-arm64-1.7.0/QtVideoWorkbench.app/Contents/Frameworks//libbrotlicommon.1.dylib"
Log:  copied: "/opt/homebrew/Cellar/openssl@3/3.6.4/lib/libcrypto.3.dylib"
Log:  to "/Users/bytedance/Downloads/国产资产作业/qt-video-workbench/.workbench/release-macos-arm64-1.7.0/QtVideoWorkbench.app/Contents/Frameworks//libcrypto.3.dylib"
Log:  copied: "/opt/homebrew/opt/gettext/lib/libintl.8.dylib"
Log:  to "/Users/bytedance/Downloads/国产资产作业/qt-video-workbench/.workbench/release-macos-arm64-1.7.0/QtVideoWorkbench.app/Contents/Frameworks//libintl.8.dylib"
Log:  copied: "/opt/homebrew/opt/pcre2/lib/libpcre2-8.0.dylib"
Log:  to "/Users/bytedance/Downloads/国产资产作业/qt-video-workbench/.workbench/release-macos-arm64-1.7.0/QtVideoWorkbench.app/Contents/Frameworks//libpcre2-8.0.dylib"
Log:  copied: "/opt/homebrew/share/qt/plugins/tls/libqopensslbackend.dylib"
Log:  to "/Users/bytedance/Downloads/国产资产作业/qt-video-workbench/.workbench/release-macos-arm64-1.7.0/QtVideoWorkbench.app/Contents/PlugIns/tls/libqopensslbackend.dylib"
Log:
Log: Deploying Qt frameworks found inside: QList("/Users/bytedance/Downloads/国产资产作业/qt-video-workbench/.workbench/release-macos-arm64-1.7.0/QtVideoWorkbench.app/Contents/PlugIns/tls/libqopensslbackend.dylib")
Log:  copied: "/opt/homebrew/opt/qtbase/lib/QtNetwork.framework/Versions/A/QtNetwork"
Log:  to "/Users/bytedance/Downloads/国产资产作业/qt-video-workbench/.workbench/release-macos-arm64-1.7.0/QtVideoWorkbench.app/Contents/Frameworks/QtNetwork.framework/Versions/A/QtNetwork"
Log: copy: "/opt/homebrew/opt/qtbase/lib/QtNetwork.framework/Resources" "/Users/bytedance/Downloads/国产资产作业/qt-video-workbench/.workbench/release-macos-arm64-1.7.0/QtVideoWorkbench.app/Contents/Frameworks/QtNetwork.framework/Versions/A/Resources"
Log:  copied: "/opt/homebrew/opt/qtbase/lib/QtNetwork.framework/Resources/Info.plist"
Log:  to "/Users/bytedance/Downloads/国产资产作业/qt-video-workbench/.workbench/release-macos-arm64-1.7.0/QtVideoWorkbench.app/Contents/Frameworks/QtNetwork.framework/Versions/A/Resources/Info.plist"
Log:  copied: "/opt/homebrew/opt/qtbase/lib/QtNetwork.framework/Resources/PrivacyInfo.xcprivacy"
Log:  to "/Users/bytedance/Downloads/国产资产作业/qt-video-workbench/.workbench/release-macos-arm64-1.7.0/QtVideoWorkbench.app/Contents/Frameworks/QtNetwork.framework/Versions/A/Resources/PrivacyInfo.xcprivacy"
Log: Symlink exists, skipping: "/Users/bytedance/Downloads/国产资产作业/qt-video-workbench/.workbench/release-macos-arm64-1.7.0/QtVideoWorkbench.app/Contents/Frameworks/QtNetwork.framework/QtNetwork"
Log: Symlink exists, skipping: "/Users/bytedance/Downloads/国产资产作业/qt-video-workbench/.workbench/release-macos-arm64-1.7.0/QtVideoWorkbench.app/Contents/Frameworks/QtNetwork.framework/Resources"
Log: Symlink exists, skipping: "/Users/bytedance/Downloads/国产资产作业/qt-video-workbench/.workbench/release-macos-arm64-1.7.0/QtVideoWorkbench.app/Contents/Frameworks/QtNetwork.framework/Versions/Current"
Log:  copied: "/opt/homebrew/opt/qtbase/lib/QtCore.framework/Versions/A/QtCore"
Log:  to "/Users/bytedance/Downloads/国产资产作业/qt-video-workbench/.workbench/release-macos-arm64-1.7.0/QtVideoWorkbench.app/Contents/Frameworks/QtCore.framework/Versions/A/QtCore"
Log: copy: "/opt/homebrew/opt/qtbase/lib/QtCore.framework/Resources" "/Users/bytedance/Downloads/国产资产作业/qt-video-workbench/.workbench/release-macos-arm64-1.7.0/QtVideoWorkbench.app/Contents/Frameworks/QtCore.framework/Versions/A/Resources"
Log:  copied: "/opt/homebrew/opt/qtbase/lib/QtCore.framework/Resources/Info.plist"
Log:  to "/Users/bytedance/Downloads/国产资产作业/qt-video-workbench/.workbench/release-macos-arm64-1.7.0/QtVideoWorkbench.app/Contents/Frameworks/QtCore.framework/Versions/A/Resources/Info.plist"
Log:  copied: "/opt/homebrew/opt/qtbase/lib/QtCore.framework/Resources/PrivacyInfo.xcprivacy"
Log:  to "/Users/bytedance/Downloads/国产资产作业/qt-video-workbench/.workbench/release-macos-arm64-1.7.0/QtVideoWorkbench.app/Contents/Frameworks/QtCore.framework/Versions/A/Resources/PrivacyInfo.xcprivacy"
Log: Symlink exists, skipping: "/Users/bytedance/Downloads/国产资产作业/qt-video-workbench/.workbench/release-macos-arm64-1.7.0/QtVideoWorkbench.app/Contents/Frameworks/QtCore.framework/QtCore"
Log: Symlink exists, skipping: "/Users/bytedance/Downloads/国产资产作业/qt-video-workbench/.workbench/release-macos-arm64-1.7.0/QtVideoWorkbench.app/Contents/Frameworks/QtCore.framework/Resources"
Log: Symlink exists, skipping: "/Users/bytedance/Downloads/国产资产作业/qt-video-workbench/.workbench/release-macos-arm64-1.7.0/QtVideoWorkbench.app/Contents/Frameworks/QtCore.framework/Versions/Current"
Log:  copied: "/opt/homebrew/opt/openssl@3/lib/libssl.3.dylib"
Log:  to "/Users/bytedance/Downloads/国产资产作业/qt-video-workbench/.workbench/release-macos-arm64-1.7.0/QtVideoWorkbench.app/Contents/Frameworks//libssl.3.dylib"
Log:  copied: "/opt/homebrew/opt/openssl@3/lib/libcrypto.3.dylib"
Log:  to "/Users/bytedance/Downloads/国产资产作业/qt-video-workbench/.workbench/release-macos-arm64-1.7.0/QtVideoWorkbench.app/Contents/Frameworks//libcrypto.3.dylib"
Log:  copied: "/opt/homebrew/opt/brotli/lib/libbrotlidec.1.dylib"
Log:  to "/Users/bytedance/Downloads/国产资产作业/qt-video-workbench/.workbench/release-macos-arm64-1.7.0/QtVideoWorkbench.app/Contents/Frameworks//libbrotlidec.1.dylib"
Log:  copied: "/opt/homebrew/opt/zstd/lib/libzstd.1.dylib"
Log:  to "/Users/bytedance/Downloads/国产资产作业/qt-video-workbench/.workbench/release-macos-arm64-1.7.0/QtVideoWorkbench.app/Contents/Frameworks//libzstd.1.dylib"
Log:  copied: "/opt/homebrew/opt/icu4c@78/lib/libicui18n.78.dylib"
Log:  to "/Users/bytedance/Downloads/国产资产作业/qt-video-workbench/.workbench/release-macos-arm64-1.7.0/QtVideoWorkbench.app/Contents/Frameworks//libicui18n.78.dylib"
Log:  copied: "/opt/homebrew/opt/icu4c@78/lib/libicuuc.78.dylib"
Log:  to "/Users/bytedance/Downloads/国产资产作业/qt-video-workbench/.workbench/release-macos-arm64-1.7.0/QtVideoWorkbench.app/Contents/Frameworks//libicuuc.78.dylib"
Log:  copied: "/opt/homebrew/opt/icu4c@78/lib/libicudata.78.dylib"
Log:  to "/Users/bytedance/Downloads/国产资产作业/qt-video-workbench/.workbench/release-macos-arm64-1.7.0/QtVideoWorkbench.app/Contents/Frameworks//libicudata.78.dylib"
Log:  copied: "/opt/homebrew/opt/glib/lib/libglib-2.0.0.dylib"
Log:  to "/Users/bytedance/Downloads/国产资产作业/qt-video-workbench/.workbench/release-macos-arm64-1.7.0/QtVideoWorkbench.app/Contents/Frameworks//libglib-2.0.0.dylib"
Log:  copied: "/opt/homebrew/opt/double-conversion/lib/libdouble-conversion.3.dylib"
Log:  to "/Users/bytedance/Downloads/国产资产作业/qt-video-workbench/.workbench/release-macos-arm64-1.7.0/QtVideoWorkbench.app/Contents/Frameworks//libdouble-conversion.3.dylib"
Log:  copied: "/opt/homebrew/opt/libb2/lib/libb2.1.dylib"
Log:  to "/Users/bytedance/Downloads/国产资产作业/qt-video-workbench/.workbench/release-macos-arm64-1.7.0/QtVideoWorkbench.app/Contents/Frameworks//libb2.1.dylib"
Log:  copied: "/opt/homebrew/opt/pcre2/lib/libpcre2-16.0.dylib"
Log:  to "/Users/bytedance/Downloads/国产资产作业/qt-video-workbench/.workbench/release-macos-arm64-1.7.0/QtVideoWorkbench.app/Contents/Frameworks//libpcre2-16.0.dylib"
Log:  copied: "/opt/homebrew/opt/glib/lib/libgthread-2.0.0.dylib"
Log:  to "/Users/bytedance/Downloads/国产资产作业/qt-video-workbench/.workbench/release-macos-arm64-1.7.0/QtVideoWorkbench.app/Contents/Frameworks//libgthread-2.0.0.dylib"
Log:  copied: "/opt/homebrew/Cellar/openssl@3/3.6.4/lib/libcrypto.3.dylib"
Log:  to "/Users/bytedance/Downloads/国产资产作业/qt-video-workbench/.workbench/release-macos-arm64-1.7.0/QtVideoWorkbench.app/Contents/Frameworks//libcrypto.3.dylib"
Log:  copied: "/opt/homebrew/opt/brotli/lib/libbrotlicommon.1.dylib"
Log:  to "/Users/bytedance/Downloads/国产资产作业/qt-video-workbench/.workbench/release-macos-arm64-1.7.0/QtVideoWorkbench.app/Contents/Frameworks//libbrotlicommon.1.dylib"
Log:  copied: "/opt/homebrew/opt/gettext/lib/libintl.8.dylib"
Log:  to "/Users/bytedance/Downloads/国产资产作业/qt-video-workbench/.workbench/release-macos-arm64-1.7.0/QtVideoWorkbench.app/Contents/Frameworks//libintl.8.dylib"
Log:  copied: "/opt/homebrew/opt/pcre2/lib/libpcre2-8.0.dylib"
Log:  to "/Users/bytedance/Downloads/国产资产作业/qt-video-workbench/.workbench/release-macos-arm64-1.7.0/QtVideoWorkbench.app/Contents/Frameworks//libpcre2-8.0.dylib"
Log:  copied: "/opt/homebrew/share/qt/plugins/tls/libqsecuretransportbackend.dylib"
Log:  to "/Users/bytedance/Downloads/国产资产作业/qt-video-workbench/.workbench/release-macos-arm64-1.7.0/QtVideoWorkbench.app/Contents/PlugIns/tls/libqsecuretransportbackend.dylib"
Log:
Log: Deploying Qt frameworks found inside: QList("/Users/bytedance/Downloads/国产资产作业/qt-video-workbench/.workbench/release-macos-arm64-1.7.0/QtVideoWorkbench.app/Contents/PlugIns/tls/libqsecuretransportbackend.dylib")
Log:  copied: "/opt/homebrew/opt/qtbase/lib/QtNetwork.framework/Versions/A/QtNetwork"
Log:  to "/Users/bytedance/Downloads/国产资产作业/qt-video-workbench/.workbench/release-macos-arm64-1.7.0/QtVideoWorkbench.app/Contents/Frameworks/QtNetwork.framework/Versions/A/QtNetwork"
Log: copy: "/opt/homebrew/opt/qtbase/lib/QtNetwork.framework/Resources" "/Users/bytedance/Downloads/国产资产作业/qt-video-workbench/.workbench/release-macos-arm64-1.7.0/QtVideoWorkbench.app/Contents/Frameworks/QtNetwork.framework/Versions/A/Resources"
Log:  copied: "/opt/homebrew/opt/qtbase/lib/QtNetwork.framework/Resources/Info.plist"
Log:  to "/Users/bytedance/Downloads/国产资产作业/qt-video-workbench/.workbench/release-macos-arm64-1.7.0/QtVideoWorkbench.app/Contents/Frameworks/QtNetwork.framework/Versions/A/Resources/Info.plist"
Log:  copied: "/opt/homebrew/opt/qtbase/lib/QtNetwork.framework/Resources/PrivacyInfo.xcprivacy"
Log:  to "/Users/bytedance/Downloads/国产资产作业/qt-video-workbench/.workbench/release-macos-arm64-1.7.0/QtVideoWorkbench.app/Contents/Frameworks/QtNetwork.framework/Versions/A/Resources/PrivacyInfo.xcprivacy"
Log: Symlink exists, skipping: "/Users/bytedance/Downloads/国产资产作业/qt-video-workbench/.workbench/release-macos-arm64-1.7.0/QtVideoWorkbench.app/Contents/Frameworks/QtNetwork.framework/QtNetwork"
Log: Symlink exists, skipping: "/Users/bytedance/Downloads/国产资产作业/qt-video-workbench/.workbench/release-macos-arm64-1.7.0/QtVideoWorkbench.app/Contents/Frameworks/QtNetwork.framework/Resources"
Log: Symlink exists, skipping: "/Users/bytedance/Downloads/国产资产作业/qt-video-workbench/.workbench/release-macos-arm64-1.7.0/QtVideoWorkbench.app/Contents/Frameworks/QtNetwork.framework/Versions/Current"
Log:  copied: "/opt/homebrew/opt/qtbase/lib/QtCore.framework/Versions/A/QtCore"
Log:  to "/Users/bytedance/Downloads/国产资产作业/qt-video-workbench/.workbench/release-macos-arm64-1.7.0/QtVideoWorkbench.app/Contents/Frameworks/QtCore.framework/Versions/A/QtCore"
Log: copy: "/opt/homebrew/opt/qtbase/lib/QtCore.framework/Resources" "/Users/bytedance/Downloads/国产资产作业/qt-video-workbench/.workbench/release-macos-arm64-1.7.0/QtVideoWorkbench.app/Contents/Frameworks/QtCore.framework/Versions/A/Resources"
Log:  copied: "/opt/homebrew/opt/qtbase/lib/QtCore.framework/Resources/Info.plist"
Log:  to "/Users/bytedance/Downloads/国产资产作业/qt-video-workbench/.workbench/release-macos-arm64-1.7.0/QtVideoWorkbench.app/Contents/Frameworks/QtCore.framework/Versions/A/Resources/Info.plist"
Log:  copied: "/opt/homebrew/opt/qtbase/lib/QtCore.framework/Resources/PrivacyInfo.xcprivacy"
Log:  to "/Users/bytedance/Downloads/国产资产作业/qt-video-workbench/.workbench/release-macos-arm64-1.7.0/QtVideoWorkbench.app/Contents/Frameworks/QtCore.framework/Versions/A/Resources/PrivacyInfo.xcprivacy"
Log: Symlink exists, skipping: "/Users/bytedance/Downloads/国产资产作业/qt-video-workbench/.workbench/release-macos-arm64-1.7.0/QtVideoWorkbench.app/Contents/Frameworks/QtCore.framework/QtCore"
Log: Symlink exists, skipping: "/Users/bytedance/Downloads/国产资产作业/qt-video-workbench/.workbench/release-macos-arm64-1.7.0/QtVideoWorkbench.app/Contents/Frameworks/QtCore.framework/Resources"
Log: Symlink exists, skipping: "/Users/bytedance/Downloads/国产资产作业/qt-video-workbench/.workbench/release-macos-arm64-1.7.0/QtVideoWorkbench.app/Contents/Frameworks/QtCore.framework/Versions/Current"
Log:  copied: "/opt/homebrew/opt/brotli/lib/libbrotlidec.1.dylib"
Log:  to "/Users/bytedance/Downloads/国产资产作业/qt-video-workbench/.workbench/release-macos-arm64-1.7.0/QtVideoWorkbench.app/Contents/Frameworks//libbrotlidec.1.dylib"
Log:  copied: "/opt/homebrew/opt/zstd/lib/libzstd.1.dylib"
Log:  to "/Users/bytedance/Downloads/国产资产作业/qt-video-workbench/.workbench/release-macos-arm64-1.7.0/QtVideoWorkbench.app/Contents/Frameworks//libzstd.1.dylib"
Log:  copied: "/opt/homebrew/opt/openssl@3/lib/libssl.3.dylib"
Log:  to "/Users/bytedance/Downloads/国产资产作业/qt-video-workbench/.workbench/release-macos-arm64-1.7.0/QtVideoWorkbench.app/Contents/Frameworks//libssl.3.dylib"
Log:  copied: "/opt/homebrew/opt/openssl@3/lib/libcrypto.3.dylib"
Log:  to "/Users/bytedance/Downloads/国产资产作业/qt-video-workbench/.workbench/release-macos-arm64-1.7.0/QtVideoWorkbench.app/Contents/Frameworks//libcrypto.3.dylib"
Log:  copied: "/opt/homebrew/opt/icu4c@78/lib/libicui18n.78.dylib"
Log:  to "/Users/bytedance/Downloads/国产资产作业/qt-video-workbench/.workbench/release-macos-arm64-1.7.0/QtVideoWorkbench.app/Contents/Frameworks//libicui18n.78.dylib"
Log:  copied: "/opt/homebrew/opt/icu4c@78/lib/libicuuc.78.dylib"
Log:  to "/Users/bytedance/Downloads/国产资产作业/qt-video-workbench/.workbench/release-macos-arm64-1.7.0/QtVideoWorkbench.app/Contents/Frameworks//libicuuc.78.dylib"
Log:  copied: "/opt/homebrew/opt/icu4c@78/lib/libicudata.78.dylib"
Log:  to "/Users/bytedance/Downloads/国产资产作业/qt-video-workbench/.workbench/release-macos-arm64-1.7.0/QtVideoWorkbench.app/Contents/Frameworks//libicudata.78.dylib"
Log:  copied: "/opt/homebrew/opt/glib/lib/libglib-2.0.0.dylib"
Log:  to "/Users/bytedance/Downloads/国产资产作业/qt-video-workbench/.workbench/release-macos-arm64-1.7.0/QtVideoWorkbench.app/Contents/Frameworks//libglib-2.0.0.dylib"
Log:  copied: "/opt/homebrew/opt/double-conversion/lib/libdouble-conversion.3.dylib"
Log:  to "/Users/bytedance/Downloads/国产资产作业/qt-video-workbench/.workbench/release-macos-arm64-1.7.0/QtVideoWorkbench.app/Contents/Frameworks//libdouble-conversion.3.dylib"
Log:  copied: "/opt/homebrew/opt/libb2/lib/libb2.1.dylib"
Log:  to "/Users/bytedance/Downloads/国产资产作业/qt-video-workbench/.workbench/release-macos-arm64-1.7.0/QtVideoWorkbench.app/Contents/Frameworks//libb2.1.dylib"
Log:  copied: "/opt/homebrew/opt/pcre2/lib/libpcre2-16.0.dylib"
Log:  to "/Users/bytedance/Downloads/国产资产作业/qt-video-workbench/.workbench/release-macos-arm64-1.7.0/QtVideoWorkbench.app/Contents/Frameworks//libpcre2-16.0.dylib"
Log:  copied: "/opt/homebrew/opt/glib/lib/libgthread-2.0.0.dylib"
Log:  to "/Users/bytedance/Downloads/国产资产作业/qt-video-workbench/.workbench/release-macos-arm64-1.7.0/QtVideoWorkbench.app/Contents/Frameworks//libgthread-2.0.0.dylib"
Log:  copied: "/opt/homebrew/opt/brotli/lib/libbrotlicommon.1.dylib"
Log:  to "/Users/bytedance/Downloads/国产资产作业/qt-video-workbench/.workbench/release-macos-arm64-1.7.0/QtVideoWorkbench.app/Contents/Frameworks//libbrotlicommon.1.dylib"
Log:  copied: "/opt/homebrew/Cellar/openssl@3/3.6.4/lib/libcrypto.3.dylib"
Log:  to "/Users/bytedance/Downloads/国产资产作业/qt-video-workbench/.workbench/release-macos-arm64-1.7.0/QtVideoWorkbench.app/Contents/Frameworks//libcrypto.3.dylib"
Log:  copied: "/opt/homebrew/opt/gettext/lib/libintl.8.dylib"
Log:  to "/Users/bytedance/Downloads/国产资产作业/qt-video-workbench/.workbench/release-macos-arm64-1.7.0/QtVideoWorkbench.app/Contents/Frameworks//libintl.8.dylib"
Log:  copied: "/opt/homebrew/opt/pcre2/lib/libpcre2-8.0.dylib"
Log:  to "/Users/bytedance/Downloads/国产资产作业/qt-video-workbench/.workbench/release-macos-arm64-1.7.0/QtVideoWorkbench.app/Contents/Frameworks//libpcre2-8.0.dylib"
Log:  copied: "/opt/homebrew/share/qt/plugins/networkinformation/libqapplenetworkinformation.dylib"
Log:  to "/Users/bytedance/Downloads/国产资产作业/qt-video-workbench/.workbench/release-macos-arm64-1.7.0/QtVideoWorkbench.app/Contents/PlugIns/networkinformation/libqapplenetworkinformation.dylib"
Log:
Log: Deploying Qt frameworks found inside: QList("/Users/bytedance/Downloads/国产资产作业/qt-video-workbench/.workbench/release-macos-arm64-1.7.0/QtVideoWorkbench.app/Contents/PlugIns/networkinformation/libqapplenetworkinformation.dylib")
Log:  copied: "/opt/homebrew/opt/qtbase/lib/QtNetwork.framework/Versions/A/QtNetwork"
Log:  to "/Users/bytedance/Downloads/国产资产作业/qt-video-workbench/.workbench/release-macos-arm64-1.7.0/QtVideoWorkbench.app/Contents/Frameworks/QtNetwork.framework/Versions/A/QtNetwork"
Log: copy: "/opt/homebrew/opt/qtbase/lib/QtNetwork.framework/Resources" "/Users/bytedance/Downloads/国产资产作业/qt-video-workbench/.workbench/release-macos-arm64-1.7.0/QtVideoWorkbench.app/Contents/Frameworks/QtNetwork.framework/Versions/A/Resources"
Log:  copied: "/opt/homebrew/opt/qtbase/lib/QtNetwork.framework/Resources/Info.plist"
Log:  to "/Users/bytedance/Downloads/国产资产作业/qt-video-workbench/.workbench/release-macos-arm64-1.7.0/QtVideoWorkbench.app/Contents/Frameworks/QtNetwork.framework/Versions/A/Resources/Info.plist"
Log:  copied: "/opt/homebrew/opt/qtbase/lib/QtNetwork.framework/Resources/PrivacyInfo.xcprivacy"
Log:  to "/Users/bytedance/Downloads/国产资产作业/qt-video-workbench/.workbench/release-macos-arm64-1.7.0/QtVideoWorkbench.app/Contents/Frameworks/QtNetwork.framework/Versions/A/Resources/PrivacyInfo.xcprivacy"
Log: Symlink exists, skipping: "/Users/bytedance/Downloads/国产资产作业/qt-video-workbench/.workbench/release-macos-arm64-1.7.0/QtVideoWorkbench.app/Contents/Frameworks/QtNetwork.framework/QtNetwork"
Log: Symlink exists, skipping: "/Users/bytedance/Downloads/国产资产作业/qt-video-workbench/.workbench/release-macos-arm64-1.7.0/QtVideoWorkbench.app/Contents/Frameworks/QtNetwork.framework/Resources"
Log: Symlink exists, skipping: "/Users/bytedance/Downloads/国产资产作业/qt-video-workbench/.workbench/release-macos-arm64-1.7.0/QtVideoWorkbench.app/Contents/Frameworks/QtNetwork.framework/Versions/Current"
Log:  copied: "/opt/homebrew/opt/qtbase/lib/QtCore.framework/Versions/A/QtCore"
Log:  to "/Users/bytedance/Downloads/国产资产作业/qt-video-workbench/.workbench/release-macos-arm64-1.7.0/QtVideoWorkbench.app/Contents/Frameworks/QtCore.framework/Versions/A/QtCore"
Log: copy: "/opt/homebrew/opt/qtbase/lib/QtCore.framework/Resources" "/Users/bytedance/Downloads/国产资产作业/qt-video-workbench/.workbench/release-macos-arm64-1.7.0/QtVideoWorkbench.app/Contents/Frameworks/QtCore.framework/Versions/A/Resources"
Log:  copied: "/opt/homebrew/opt/qtbase/lib/QtCore.framework/Resources/Info.plist"
Log:  to "/Users/bytedance/Downloads/国产资产作业/qt-video-workbench/.workbench/release-macos-arm64-1.7.0/QtVideoWorkbench.app/Contents/Frameworks/QtCore.framework/Versions/A/Resources/Info.plist"
Log:  copied: "/opt/homebrew/opt/qtbase/lib/QtCore.framework/Resources/PrivacyInfo.xcprivacy"
Log:  to "/Users/bytedance/Downloads/国产资产作业/qt-video-workbench/.workbench/release-macos-arm64-1.7.0/QtVideoWorkbench.app/Contents/Frameworks/QtCore.framework/Versions/A/Resources/PrivacyInfo.xcprivacy"
Log: Symlink exists, skipping: "/Users/bytedance/Downloads/国产资产作业/qt-video-workbench/.workbench/release-macos-arm64-1.7.0/QtVideoWorkbench.app/Contents/Frameworks/QtCore.framework/QtCore"
Log: Symlink exists, skipping: "/Users/bytedance/Downloads/国产资产作业/qt-video-workbench/.workbench/release-macos-arm64-1.7.0/QtVideoWorkbench.app/Contents/Frameworks/QtCore.framework/Resources"
Log: Symlink exists, skipping: "/Users/bytedance/Downloads/国产资产作业/qt-video-workbench/.workbench/release-macos-arm64-1.7.0/QtVideoWorkbench.app/Contents/Frameworks/QtCore.framework/Versions/Current"
Log:  copied: "/opt/homebrew/opt/brotli/lib/libbrotlidec.1.dylib"
Log:  to "/Users/bytedance/Downloads/国产资产作业/qt-video-workbench/.workbench/release-macos-arm64-1.7.0/QtVideoWorkbench.app/Contents/Frameworks//libbrotlidec.1.dylib"
Log:  copied: "/opt/homebrew/opt/zstd/lib/libzstd.1.dylib"
Log:  to "/Users/bytedance/Downloads/国产资产作业/qt-video-workbench/.workbench/release-macos-arm64-1.7.0/QtVideoWorkbench.app/Contents/Frameworks//libzstd.1.dylib"
Log:  copied: "/opt/homebrew/opt/openssl@3/lib/libssl.3.dylib"
Log:  to "/Users/bytedance/Downloads/国产资产作业/qt-video-workbench/.workbench/release-macos-arm64-1.7.0/QtVideoWorkbench.app/Contents/Frameworks//libssl.3.dylib"
Log:  copied: "/opt/homebrew/opt/openssl@3/lib/libcrypto.3.dylib"
Log:  to "/Users/bytedance/Downloads/国产资产作业/qt-video-workbench/.workbench/release-macos-arm64-1.7.0/QtVideoWorkbench.app/Contents/Frameworks//libcrypto.3.dylib"
Log:  copied: "/opt/homebrew/opt/icu4c@78/lib/libicui18n.78.dylib"
Log:  to "/Users/bytedance/Downloads/国产资产作业/qt-video-workbench/.workbench/release-macos-arm64-1.7.0/QtVideoWorkbench.app/Contents/Frameworks//libicui18n.78.dylib"
Log:  copied: "/opt/homebrew/opt/icu4c@78/lib/libicuuc.78.dylib"
Log:  to "/Users/bytedance/Downloads/国产资产作业/qt-video-workbench/.workbench/release-macos-arm64-1.7.0/QtVideoWorkbench.app/Contents/Frameworks//libicuuc.78.dylib"
Log:  copied: "/opt/homebrew/opt/icu4c@78/lib/libicudata.78.dylib"
Log:  to "/Users/bytedance/Downloads/国产资产作业/qt-video-workbench/.workbench/release-macos-arm64-1.7.0/QtVideoWorkbench.app/Contents/Frameworks//libicudata.78.dylib"
Log:  copied: "/opt/homebrew/opt/glib/lib/libglib-2.0.0.dylib"
Log:  to "/Users/bytedance/Downloads/国产资产作业/qt-video-workbench/.workbench/release-macos-arm64-1.7.0/QtVideoWorkbench.app/Contents/Frameworks//libglib-2.0.0.dylib"
Log:  copied: "/opt/homebrew/opt/double-conversion/lib/libdouble-conversion.3.dylib"
Log:  to "/Users/bytedance/Downloads/国产资产作业/qt-video-workbench/.workbench/release-macos-arm64-1.7.0/QtVideoWorkbench.app/Contents/Frameworks//libdouble-conversion.3.dylib"
Log:  copied: "/opt/homebrew/opt/libb2/lib/libb2.1.dylib"
Log:  to "/Users/bytedance/Downloads/国产资产作业/qt-video-workbench/.workbench/release-macos-arm64-1.7.0/QtVideoWorkbench.app/Contents/Frameworks//libb2.1.dylib"
Log:  copied: "/opt/homebrew/opt/pcre2/lib/libpcre2-16.0.dylib"
Log:  to "/Users/bytedance/Downloads/国产资产作业/qt-video-workbench/.workbench/release-macos-arm64-1.7.0/QtVideoWorkbench.app/Contents/Frameworks//libpcre2-16.0.dylib"
Log:  copied: "/opt/homebrew/opt/glib/lib/libgthread-2.0.0.dylib"
Log:  to "/Users/bytedance/Downloads/国产资产作业/qt-video-workbench/.workbench/release-macos-arm64-1.7.0/QtVideoWorkbench.app/Contents/Frameworks//libgthread-2.0.0.dylib"
Log:  copied: "/opt/homebrew/opt/brotli/lib/libbrotlicommon.1.dylib"
Log:  to "/Users/bytedance/Downloads/国产资产作业/qt-video-workbench/.workbench/release-macos-arm64-1.7.0/QtVideoWorkbench.app/Contents/Frameworks//libbrotlicommon.1.dylib"
Log:  copied: "/opt/homebrew/Cellar/openssl@3/3.6.4/lib/libcrypto.3.dylib"
Log:  to "/Users/bytedance/Downloads/国产资产作业/qt-video-workbench/.workbench/release-macos-arm64-1.7.0/QtVideoWorkbench.app/Contents/Frameworks//libcrypto.3.dylib"
Log:  copied: "/opt/homebrew/opt/gettext/lib/libintl.8.dylib"
Log:  to "/Users/bytedance/Downloads/国产资产作业/qt-video-workbench/.workbench/release-macos-arm64-1.7.0/QtVideoWorkbench.app/Contents/Frameworks//libintl.8.dylib"
Log:  copied: "/opt/homebrew/opt/pcre2/lib/libpcre2-8.0.dylib"
Log:  to "/Users/bytedance/Downloads/国产资产作业/qt-video-workbench/.workbench/release-macos-arm64-1.7.0/QtVideoWorkbench.app/Contents/Frameworks//libpcre2-8.0.dylib"
Log:  copied: "/opt/homebrew/share/qt/plugins/networkinformation/libqglib.dylib"
Log:  to "/Users/bytedance/Downloads/国产资产作业/qt-video-workbench/.workbench/release-macos-arm64-1.7.0/QtVideoWorkbench.app/Contents/PlugIns/networkinformation/libqglib.dylib"
Log:
Log: Deploying Qt frameworks found inside: QList("/Users/bytedance/Downloads/国产资产作业/qt-video-workbench/.workbench/release-macos-arm64-1.7.0/QtVideoWorkbench.app/Contents/PlugIns/networkinformation/libqglib.dylib")
Log:  copied: "/opt/homebrew/opt/glib/lib/libgobject-2.0.0.dylib"
Log:  to "/Users/bytedance/Downloads/国产资产作业/qt-video-workbench/.workbench/release-macos-arm64-1.7.0/QtVideoWorkbench.app/Contents/Frameworks//libgobject-2.0.0.dylib"
Log:  copied: "/opt/homebrew/opt/glib/lib/libgio-2.0.0.dylib"
Log:  to "/Users/bytedance/Downloads/国产资产作业/qt-video-workbench/.workbench/release-macos-arm64-1.7.0/QtVideoWorkbench.app/Contents/Frameworks//libgio-2.0.0.dylib"
Log:  copied: "/opt/homebrew/opt/qtbase/lib/QtNetwork.framework/Versions/A/QtNetwork"
Log:  to "/Users/bytedance/Downloads/国产资产作业/qt-video-workbench/.workbench/release-macos-arm64-1.7.0/QtVideoWorkbench.app/Contents/Frameworks/QtNetwork.framework/Versions/A/QtNetwork"
Log: copy: "/opt/homebrew/opt/qtbase/lib/QtNetwork.framework/Resources" "/Users/bytedance/Downloads/国产资产作业/qt-video-workbench/.workbench/release-macos-arm64-1.7.0/QtVideoWorkbench.app/Contents/Frameworks/QtNetwork.framework/Versions/A/Resources"
Log:  copied: "/opt/homebrew/opt/qtbase/lib/QtNetwork.framework/Resources/Info.plist"
Log:  to "/Users/bytedance/Downloads/国产资产作业/qt-video-workbench/.workbench/release-macos-arm64-1.7.0/QtVideoWorkbench.app/Contents/Frameworks/QtNetwork.framework/Versions/A/Resources/Info.plist"
Log:  copied: "/opt/homebrew/opt/qtbase/lib/QtNetwork.framework/Resources/PrivacyInfo.xcprivacy"
Log:  to "/Users/bytedance/Downloads/国产资产作业/qt-video-workbench/.workbench/release-macos-arm64-1.7.0/QtVideoWorkbench.app/Contents/Frameworks/QtNetwork.framework/Versions/A/Resources/PrivacyInfo.xcprivacy"
Log: Symlink exists, skipping: "/Users/bytedance/Downloads/国产资产作业/qt-video-workbench/.workbench/release-macos-arm64-1.7.0/QtVideoWorkbench.app/Contents/Frameworks/QtNetwork.framework/QtNetwork"
Log: Symlink exists, skipping: "/Users/bytedance/Downloads/国产资产作业/qt-video-workbench/.workbench/release-macos-arm64-1.7.0/QtVideoWorkbench.app/Contents/Frameworks/QtNetwork.framework/Resources"
Log: Symlink exists, skipping: "/Users/bytedance/Downloads/国产资产作业/qt-video-workbench/.workbench/release-macos-arm64-1.7.0/QtVideoWorkbench.app/Contents/Frameworks/QtNetwork.framework/Versions/Current"
Log:  copied: "/opt/homebrew/opt/qtbase/lib/QtCore.framework/Versions/A/QtCore"
Log:  to "/Users/bytedance/Downloads/国产资产作业/qt-video-workbench/.workbench/release-macos-arm64-1.7.0/QtVideoWorkbench.app/Contents/Frameworks/QtCore.framework/Versions/A/QtCore"
Log: copy: "/opt/homebrew/opt/qtbase/lib/QtCore.framework/Resources" "/Users/bytedance/Downloads/国产资产作业/qt-video-workbench/.workbench/release-macos-arm64-1.7.0/QtVideoWorkbench.app/Contents/Frameworks/QtCore.framework/Versions/A/Resources"
Log:  copied: "/opt/homebrew/opt/qtbase/lib/QtCore.framework/Resources/Info.plist"
Log:  to "/Users/bytedance/Downloads/国产资产作业/qt-video-workbench/.workbench/release-macos-arm64-1.7.0/QtVideoWorkbench.app/Contents/Frameworks/QtCore.framework/Versions/A/Resources/Info.plist"
Log:  copied: "/opt/homebrew/opt/qtbase/lib/QtCore.framework/Resources/PrivacyInfo.xcprivacy"
Log:  to "/Users/bytedance/Downloads/国产资产作业/qt-video-workbench/.workbench/release-macos-arm64-1.7.0/QtVideoWorkbench.app/Contents/Frameworks/QtCore.framework/Versions/A/Resources/PrivacyInfo.xcprivacy"
Log: Symlink exists, skipping: "/Users/bytedance/Downloads/国产资产作业/qt-video-workbench/.workbench/release-macos-arm64-1.7.0/QtVideoWorkbench.app/Contents/Frameworks/QtCore.framework/QtCore"
Log: Symlink exists, skipping: "/Users/bytedance/Downloads/国产资产作业/qt-video-workbench/.workbench/release-macos-arm64-1.7.0/QtVideoWorkbench.app/Contents/Frameworks/QtCore.framework/Resources"
Log: Symlink exists, skipping: "/Users/bytedance/Downloads/国产资产作业/qt-video-workbench/.workbench/release-macos-arm64-1.7.0/QtVideoWorkbench.app/Contents/Frameworks/QtCore.framework/Versions/Current"
Log:  copied: "/opt/homebrew/Cellar/glib/2.90.0/lib/libglib-2.0.0.dylib"
Log:  to "/Users/bytedance/Downloads/国产资产作业/qt-video-workbench/.workbench/release-macos-arm64-1.7.0/QtVideoWorkbench.app/Contents/Frameworks//libglib-2.0.0.dylib"
Log:  copied: "/opt/homebrew/Cellar/glib/2.90.0/lib/libgmodule-2.0.0.dylib"
Log:  to "/Users/bytedance/Downloads/国产资产作业/qt-video-workbench/.workbench/release-macos-arm64-1.7.0/QtVideoWorkbench.app/Contents/Frameworks//libgmodule-2.0.0.dylib"
Log:  copied: "/opt/homebrew/opt/gettext/lib/libintl.8.dylib"
Log:  to "/Users/bytedance/Downloads/国产资产作业/qt-video-workbench/.workbench/release-macos-arm64-1.7.0/QtVideoWorkbench.app/Contents/Frameworks//libintl.8.dylib"
Log:  copied: "/opt/homebrew/opt/brotli/lib/libbrotlidec.1.dylib"
Log:  to "/Users/bytedance/Downloads/国产资产作业/qt-video-workbench/.workbench/release-macos-arm64-1.7.0/QtVideoWorkbench.app/Contents/Frameworks//libbrotlidec.1.dylib"
Log:  copied: "/opt/homebrew/opt/zstd/lib/libzstd.1.dylib"
Log:  to "/Users/bytedance/Downloads/国产资产作业/qt-video-workbench/.workbench/release-macos-arm64-1.7.0/QtVideoWorkbench.app/Contents/Frameworks//libzstd.1.dylib"
Log:  copied: "/opt/homebrew/opt/openssl@3/lib/libssl.3.dylib"
Log:  to "/Users/bytedance/Downloads/国产资产作业/qt-video-workbench/.workbench/release-macos-arm64-1.7.0/QtVideoWorkbench.app/Contents/Frameworks//libssl.3.dylib"
Log:  copied: "/opt/homebrew/opt/openssl@3/lib/libcrypto.3.dylib"
Log:  to "/Users/bytedance/Downloads/国产资产作业/qt-video-workbench/.workbench/release-macos-arm64-1.7.0/QtVideoWorkbench.app/Contents/Frameworks//libcrypto.3.dylib"
Log:  copied: "/opt/homebrew/opt/icu4c@78/lib/libicui18n.78.dylib"
Log:  to "/Users/bytedance/Downloads/国产资产作业/qt-video-workbench/.workbench/release-macos-arm64-1.7.0/QtVideoWorkbench.app/Contents/Frameworks//libicui18n.78.dylib"
Log:  copied: "/opt/homebrew/opt/icu4c@78/lib/libicuuc.78.dylib"
Log:  to "/Users/bytedance/Downloads/国产资产作业/qt-video-workbench/.workbench/release-macos-arm64-1.7.0/QtVideoWorkbench.app/Contents/Frameworks//libicuuc.78.dylib"
Log:  copied: "/opt/homebrew/opt/icu4c@78/lib/libicudata.78.dylib"
Log:  to "/Users/bytedance/Downloads/国产资产作业/qt-video-workbench/.workbench/release-macos-arm64-1.7.0/QtVideoWorkbench.app/Contents/Frameworks//libicudata.78.dylib"
Log:  copied: "/opt/homebrew/opt/glib/lib/libglib-2.0.0.dylib"
Log:  to "/Users/bytedance/Downloads/国产资产作业/qt-video-workbench/.workbench/release-macos-arm64-1.7.0/QtVideoWorkbench.app/Contents/Frameworks//libglib-2.0.0.dylib"
Log:  copied: "/opt/homebrew/opt/double-conversion/lib/libdouble-conversion.3.dylib"
Log:  to "/Users/bytedance/Downloads/国产资产作业/qt-video-workbench/.workbench/release-macos-arm64-1.7.0/QtVideoWorkbench.app/Contents/Frameworks//libdouble-conversion.3.dylib"
Log:  copied: "/opt/homebrew/opt/libb2/lib/libb2.1.dylib"
Log:  to "/Users/bytedance/Downloads/国产资产作业/qt-video-workbench/.workbench/release-macos-arm64-1.7.0/QtVideoWorkbench.app/Contents/Frameworks//libb2.1.dylib"
Log:  copied: "/opt/homebrew/opt/pcre2/lib/libpcre2-16.0.dylib"
Log:  to "/Users/bytedance/Downloads/国产资产作业/qt-video-workbench/.workbench/release-macos-arm64-1.7.0/QtVideoWorkbench.app/Contents/Frameworks//libpcre2-16.0.dylib"
Log:  copied: "/opt/homebrew/opt/glib/lib/libgthread-2.0.0.dylib"
Log:  to "/Users/bytedance/Downloads/国产资产作业/qt-video-workbench/.workbench/release-macos-arm64-1.7.0/QtVideoWorkbench.app/Contents/Frameworks//libgthread-2.0.0.dylib"
Log:  copied: "/opt/homebrew/opt/pcre2/lib/libpcre2-8.0.dylib"
Log:  to "/Users/bytedance/Downloads/国产资产作业/qt-video-workbench/.workbench/release-macos-arm64-1.7.0/QtVideoWorkbench.app/Contents/Frameworks//libpcre2-8.0.dylib"
Log:  copied: "/opt/homebrew/opt/brotli/lib/libbrotlicommon.1.dylib"
Log:  to "/Users/bytedance/Downloads/国产资产作业/qt-video-workbench/.workbench/release-macos-arm64-1.7.0/QtVideoWorkbench.app/Contents/Frameworks//libbrotlicommon.1.dylib"
Log:  copied: "/opt/homebrew/Cellar/openssl@3/3.6.4/lib/libcrypto.3.dylib"
Log:  to "/Users/bytedance/Downloads/国产资产作业/qt-video-workbench/.workbench/release-macos-arm64-1.7.0/QtVideoWorkbench.app/Contents/Frameworks//libcrypto.3.dylib"
Log:  copied: "/opt/homebrew/share/qt/plugins/imageformats/libqgif.dylib"
Log:  to "/Users/bytedance/Downloads/国产资产作业/qt-video-workbench/.workbench/release-macos-arm64-1.7.0/QtVideoWorkbench.app/Contents/PlugIns/imageformats/libqgif.dylib"
Log:
Log: Deploying Qt frameworks found inside: QList("/Users/bytedance/Downloads/国产资产作业/qt-video-workbench/.workbench/release-macos-arm64-1.7.0/QtVideoWorkbench.app/Contents/PlugIns/imageformats/libqgif.dylib")
Log:  copied: "/opt/homebrew/opt/qtbase/lib/QtGui.framework/Versions/A/QtGui"
Log:  to "/Users/bytedance/Downloads/国产资产作业/qt-video-workbench/.workbench/release-macos-arm64-1.7.0/QtVideoWorkbench.app/Contents/Frameworks/QtGui.framework/Versions/A/QtGui"
Log: copy: "/opt/homebrew/opt/qtbase/lib/QtGui.framework/Resources" "/Users/bytedance/Downloads/国产资产作业/qt-video-workbench/.workbench/release-macos-arm64-1.7.0/QtVideoWorkbench.app/Contents/Frameworks/QtGui.framework/Versions/A/Resources"
Log:  copied: "/opt/homebrew/opt/qtbase/lib/QtGui.framework/Resources/Info.plist"
Log:  to "/Users/bytedance/Downloads/国产资产作业/qt-video-workbench/.workbench/release-macos-arm64-1.7.0/QtVideoWorkbench.app/Contents/Frameworks/QtGui.framework/Versions/A/Resources/Info.plist"
Log:  copied: "/opt/homebrew/opt/qtbase/lib/QtGui.framework/Resources/PrivacyInfo.xcprivacy"
Log:  to "/Users/bytedance/Downloads/国产资产作业/qt-video-workbench/.workbench/release-macos-arm64-1.7.0/QtVideoWorkbench.app/Contents/Frameworks/QtGui.framework/Versions/A/Resources/PrivacyInfo.xcprivacy"
Log: Symlink exists, skipping: "/Users/bytedance/Downloads/国产资产作业/qt-video-workbench/.workbench/release-macos-arm64-1.7.0/QtVideoWorkbench.app/Contents/Frameworks/QtGui.framework/QtGui"
Log: Symlink exists, skipping: "/Users/bytedance/Downloads/国产资产作业/qt-video-workbench/.workbench/release-macos-arm64-1.7.0/QtVideoWorkbench.app/Contents/Frameworks/QtGui.framework/Resources"
Log: Symlink exists, skipping: "/Users/bytedance/Downloads/国产资产作业/qt-video-workbench/.workbench/release-macos-arm64-1.7.0/QtVideoWorkbench.app/Contents/Frameworks/QtGui.framework/Versions/Current"
Log:  copied: "/opt/homebrew/opt/qtbase/lib/QtCore.framework/Versions/A/QtCore"
Log:  to "/Users/bytedance/Downloads/国产资产作业/qt-video-workbench/.workbench/release-macos-arm64-1.7.0/QtVideoWorkbench.app/Contents/Frameworks/QtCore.framework/Versions/A/QtCore"
Log: copy: "/opt/homebrew/opt/qtbase/lib/QtCore.framework/Resources" "/Users/bytedance/Downloads/国产资产作业/qt-video-workbench/.workbench/release-macos-arm64-1.7.0/QtVideoWorkbench.app/Contents/Frameworks/QtCore.framework/Versions/A/Resources"
Log:  copied: "/opt/homebrew/opt/qtbase/lib/QtCore.framework/Resources/Info.plist"
Log:  to "/Users/bytedance/Downloads/国产资产作业/qt-video-workbench/.workbench/release-macos-arm64-1.7.0/QtVideoWorkbench.app/Contents/Frameworks/QtCore.framework/Versions/A/Resources/Info.plist"
Log:  copied: "/opt/homebrew/opt/qtbase/lib/QtCore.framework/Resources/PrivacyInfo.xcprivacy"
Log:  to "/Users/bytedance/Downloads/国产资产作业/qt-video-workbench/.workbench/release-macos-arm64-1.7.0/QtVideoWorkbench.app/Contents/Frameworks/QtCore.framework/Versions/A/Resources/PrivacyInfo.xcprivacy"
Log: Symlink exists, skipping: "/Users/bytedance/Downloads/国产资产作业/qt-video-workbench/.workbench/release-macos-arm64-1.7.0/QtVideoWorkbench.app/Contents/Frameworks/QtCore.framework/QtCore"
Log: Symlink exists, skipping: "/Users/bytedance/Downloads/国产资产作业/qt-video-workbench/.workbench/release-macos-arm64-1.7.0/QtVideoWorkbench.app/Contents/Frameworks/QtCore.framework/Resources"
Log: Symlink exists, skipping: "/Users/bytedance/Downloads/国产资产作业/qt-video-workbench/.workbench/release-macos-arm64-1.7.0/QtVideoWorkbench.app/Contents/Frameworks/QtCore.framework/Versions/Current"
Log:  copied: "/opt/homebrew/opt/glib/lib/libglib-2.0.0.dylib"
Log:  to "/Users/bytedance/Downloads/国产资产作业/qt-video-workbench/.workbench/release-macos-arm64-1.7.0/QtVideoWorkbench.app/Contents/Frameworks//libglib-2.0.0.dylib"
Log:  copied: "/opt/homebrew/opt/qtbase/lib/QtDBus.framework/Versions/A/QtDBus"
Log:  to "/Users/bytedance/Downloads/国产资产作业/qt-video-workbench/.workbench/release-macos-arm64-1.7.0/QtVideoWorkbench.app/Contents/Frameworks/QtDBus.framework/Versions/A/QtDBus"
Log: copy: "/opt/homebrew/opt/qtbase/lib/QtDBus.framework/Resources" "/Users/bytedance/Downloads/国产资产作业/qt-video-workbench/.workbench/release-macos-arm64-1.7.0/QtVideoWorkbench.app/Contents/Frameworks/QtDBus.framework/Versions/A/Resources"
Log:  copied: "/opt/homebrew/opt/qtbase/lib/QtDBus.framework/Resources/Info.plist"
Log:  to "/Users/bytedance/Downloads/国产资产作业/qt-video-workbench/.workbench/release-macos-arm64-1.7.0/QtVideoWorkbench.app/Contents/Frameworks/QtDBus.framework/Versions/A/Resources/Info.plist"
Log:  copied: "/opt/homebrew/opt/qtbase/lib/QtDBus.framework/Resources/PrivacyInfo.xcprivacy"
Log:  to "/Users/bytedance/Downloads/国产资产作业/qt-video-workbench/.workbench/release-macos-arm64-1.7.0/QtVideoWorkbench.app/Contents/Frameworks/QtDBus.framework/Versions/A/Resources/PrivacyInfo.xcprivacy"
Log: Symlink exists, skipping: "/Users/bytedance/Downloads/国产资产作业/qt-video-workbench/.workbench/release-macos-arm64-1.7.0/QtVideoWorkbench.app/Contents/Frameworks/QtDBus.framework/QtDBus"
Log: Symlink exists, skipping: "/Users/bytedance/Downloads/国产资产作业/qt-video-workbench/.workbench/release-macos-arm64-1.7.0/QtVideoWorkbench.app/Contents/Frameworks/QtDBus.framework/Resources"
Log: Symlink exists, skipping: "/Users/bytedance/Downloads/国产资产作业/qt-video-workbench/.workbench/release-macos-arm64-1.7.0/QtVideoWorkbench.app/Contents/Frameworks/QtDBus.framework/Versions/Current"
Log:  copied: "/opt/homebrew/opt/libpng/lib/libpng16.16.dylib"
Log:  to "/Users/bytedance/Downloads/国产资产作业/qt-video-workbench/.workbench/release-macos-arm64-1.7.0/QtVideoWorkbench.app/Contents/Frameworks//libpng16.16.dylib"
Log:  copied: "/opt/homebrew/opt/harfbuzz/lib/libharfbuzz.0.dylib"
Log:  to "/Users/bytedance/Downloads/国产资产作业/qt-video-workbench/.workbench/release-macos-arm64-1.7.0/QtVideoWorkbench.app/Contents/Frameworks//libharfbuzz.0.dylib"
Log:  copied: "/opt/homebrew/opt/md4c/lib/libmd4c.0.dylib"
Log:  to "/Users/bytedance/Downloads/国产资产作业/qt-video-workbench/.workbench/release-macos-arm64-1.7.0/QtVideoWorkbench.app/Contents/Frameworks//libmd4c.0.dylib"
Log:  copied: "/opt/homebrew/opt/freetype/lib/libfreetype.6.dylib"
Log:  to "/Users/bytedance/Downloads/国产资产作业/qt-video-workbench/.workbench/release-macos-arm64-1.7.0/QtVideoWorkbench.app/Contents/Frameworks//libfreetype.6.dylib"
Log:  copied: "/opt/homebrew/opt/glib/lib/libgthread-2.0.0.dylib"
Log:  to "/Users/bytedance/Downloads/国产资产作业/qt-video-workbench/.workbench/release-macos-arm64-1.7.0/QtVideoWorkbench.app/Contents/Frameworks//libgthread-2.0.0.dylib"
Log:  copied: "/opt/homebrew/opt/icu4c@78/lib/libicui18n.78.dylib"
Log:  to "/Users/bytedance/Downloads/国产资产作业/qt-video-workbench/.workbench/release-macos-arm64-1.7.0/QtVideoWorkbench.app/Contents/Frameworks//libicui18n.78.dylib"
Log:  copied: "/opt/homebrew/opt/icu4c@78/lib/libicuuc.78.dylib"
Log:  to "/Users/bytedance/Downloads/国产资产作业/qt-video-workbench/.workbench/release-macos-arm64-1.7.0/QtVideoWorkbench.app/Contents/Frameworks//libicuuc.78.dylib"
Log:  copied: "/opt/homebrew/opt/icu4c@78/lib/libicudata.78.dylib"
Log:  to "/Users/bytedance/Downloads/国产资产作业/qt-video-workbench/.workbench/release-macos-arm64-1.7.0/QtVideoWorkbench.app/Contents/Frameworks//libicudata.78.dylib"
Log:  copied: "/opt/homebrew/opt/double-conversion/lib/libdouble-conversion.3.dylib"
Log:  to "/Users/bytedance/Downloads/国产资产作业/qt-video-workbench/.workbench/release-macos-arm64-1.7.0/QtVideoWorkbench.app/Contents/Frameworks//libdouble-conversion.3.dylib"
Log:  copied: "/opt/homebrew/opt/libb2/lib/libb2.1.dylib"
Log:  to "/Users/bytedance/Downloads/国产资产作业/qt-video-workbench/.workbench/release-macos-arm64-1.7.0/QtVideoWorkbench.app/Contents/Frameworks//libb2.1.dylib"
Log:  copied: "/opt/homebrew/opt/pcre2/lib/libpcre2-16.0.dylib"
Log:  to "/Users/bytedance/Downloads/国产资产作业/qt-video-workbench/.workbench/release-macos-arm64-1.7.0/QtVideoWorkbench.app/Contents/Frameworks//libpcre2-16.0.dylib"
Log:  copied: "/opt/homebrew/opt/zstd/lib/libzstd.1.dylib"
Log:  to "/Users/bytedance/Downloads/国产资产作业/qt-video-workbench/.workbench/release-macos-arm64-1.7.0/QtVideoWorkbench.app/Contents/Frameworks//libzstd.1.dylib"
Log:  copied: "/opt/homebrew/opt/gettext/lib/libintl.8.dylib"
Log:  to "/Users/bytedance/Downloads/国产资产作业/qt-video-workbench/.workbench/release-macos-arm64-1.7.0/QtVideoWorkbench.app/Contents/Frameworks//libintl.8.dylib"
Log:  copied: "/opt/homebrew/opt/pcre2/lib/libpcre2-8.0.dylib"
Log:  to "/Users/bytedance/Downloads/国产资产作业/qt-video-workbench/.workbench/release-macos-arm64-1.7.0/QtVideoWorkbench.app/Contents/Frameworks//libpcre2-8.0.dylib"
Log:  copied: "/opt/homebrew/opt/dbus/lib/libdbus-1.3.dylib"
Log:  to "/Users/bytedance/Downloads/国产资产作业/qt-video-workbench/.workbench/release-macos-arm64-1.7.0/QtVideoWorkbench.app/Contents/Frameworks//libdbus-1.3.dylib"
Log:  copied: "/opt/homebrew/opt/graphite2/lib/libgraphite2.3.dylib"
Log:  to "/Users/bytedance/Downloads/国产资产作业/qt-video-workbench/.workbench/release-macos-arm64-1.7.0/QtVideoWorkbench.app/Contents/Frameworks//libgraphite2.3.dylib"
Log:  copied: "/opt/homebrew/share/qt/plugins/imageformats/libqicns.dylib"
Log:  to "/Users/bytedance/Downloads/国产资产作业/qt-video-workbench/.workbench/release-macos-arm64-1.7.0/QtVideoWorkbench.app/Contents/PlugIns/imageformats/libqicns.dylib"
Log:
Log: Deploying Qt frameworks found inside: QList("/Users/bytedance/Downloads/国产资产作业/qt-video-workbench/.workbench/release-macos-arm64-1.7.0/QtVideoWorkbench.app/Contents/PlugIns/imageformats/libqicns.dylib")
Log:  copied: "/opt/homebrew/opt/qtbase/lib/QtGui.framework/Versions/A/QtGui"
Log:  to "/Users/bytedance/Downloads/国产资产作业/qt-video-workbench/.workbench/release-macos-arm64-1.7.0/QtVideoWorkbench.app/Contents/Frameworks/QtGui.framework/Versions/A/QtGui"
Log: copy: "/opt/homebrew/opt/qtbase/lib/QtGui.framework/Resources" "/Users/bytedance/Downloads/国产资产作业/qt-video-workbench/.workbench/release-macos-arm64-1.7.0/QtVideoWorkbench.app/Contents/Frameworks/QtGui.framework/Versions/A/Resources"
Log:  copied: "/opt/homebrew/opt/qtbase/lib/QtGui.framework/Resources/Info.plist"
Log:  to "/Users/bytedance/Downloads/国产资产作业/qt-video-workbench/.workbench/release-macos-arm64-1.7.0/QtVideoWorkbench.app/Contents/Frameworks/QtGui.framework/Versions/A/Resources/Info.plist"
Log:  copied: "/opt/homebrew/opt/qtbase/lib/QtGui.framework/Resources/PrivacyInfo.xcprivacy"
Log:  to "/Users/bytedance/Downloads/国产资产作业/qt-video-workbench/.workbench/release-macos-arm64-1.7.0/QtVideoWorkbench.app/Contents/Frameworks/QtGui.framework/Versions/A/Resources/PrivacyInfo.xcprivacy"
Log: Symlink exists, skipping: "/Users/bytedance/Downloads/国产资产作业/qt-video-workbench/.workbench/release-macos-arm64-1.7.0/QtVideoWorkbench.app/Contents/Frameworks/QtGui.framework/QtGui"
Log: Symlink exists, skipping: "/Users/bytedance/Downloads/国产资产作业/qt-video-workbench/.workbench/release-macos-arm64-1.7.0/QtVideoWorkbench.app/Contents/Frameworks/QtGui.framework/Resources"
Log: Symlink exists, skipping: "/Users/bytedance/Downloads/国产资产作业/qt-video-workbench/.workbench/release-macos-arm64-1.7.0/QtVideoWorkbench.app/Contents/Frameworks/QtGui.framework/Versions/Current"
Log:  copied: "/opt/homebrew/opt/qtbase/lib/QtCore.framework/Versions/A/QtCore"
Log:  to "/Users/bytedance/Downloads/国产资产作业/qt-video-workbench/.workbench/release-macos-arm64-1.7.0/QtVideoWorkbench.app/Contents/Frameworks/QtCore.framework/Versions/A/QtCore"
Log: copy: "/opt/homebrew/opt/qtbase/lib/QtCore.framework/Resources" "/Users/bytedance/Downloads/国产资产作业/qt-video-workbench/.workbench/release-macos-arm64-1.7.0/QtVideoWorkbench.app/Contents/Frameworks/QtCore.framework/Versions/A/Resources"
Log:  copied: "/opt/homebrew/opt/qtbase/lib/QtCore.framework/Resources/Info.plist"
Log:  to "/Users/bytedance/Downloads/国产资产作业/qt-video-workbench/.workbench/release-macos-arm64-1.7.0/QtVideoWorkbench.app/Contents/Frameworks/QtCore.framework/Versions/A/Resources/Info.plist"
Log:  copied: "/opt/homebrew/opt/qtbase/lib/QtCore.framework/Resources/PrivacyInfo.xcprivacy"
Log:  to "/Users/bytedance/Downloads/国产资产作业/qt-video-workbench/.workbench/release-macos-arm64-1.7.0/QtVideoWorkbench.app/Contents/Frameworks/QtCore.framework/Versions/A/Resources/PrivacyInfo.xcprivacy"
Log: Symlink exists, skipping: "/Users/bytedance/Downloads/国产资产作业/qt-video-workbench/.workbench/release-macos-arm64-1.7.0/QtVideoWorkbench.app/Contents/Frameworks/QtCore.framework/QtCore"
Log: Symlink exists, skipping: "/Users/bytedance/Downloads/国产资产作业/qt-video-workbench/.workbench/release-macos-arm64-1.7.0/QtVideoWorkbench.app/Contents/Frameworks/QtCore.framework/Resources"
Log: Symlink exists, skipping: "/Users/bytedance/Downloads/国产资产作业/qt-video-workbench/.workbench/release-macos-arm64-1.7.0/QtVideoWorkbench.app/Contents/Frameworks/QtCore.framework/Versions/Current"
Log:  copied: "/opt/homebrew/opt/glib/lib/libglib-2.0.0.dylib"
Log:  to "/Users/bytedance/Downloads/国产资产作业/qt-video-workbench/.workbench/release-macos-arm64-1.7.0/QtVideoWorkbench.app/Contents/Frameworks//libglib-2.0.0.dylib"
Log:  copied: "/opt/homebrew/opt/qtbase/lib/QtDBus.framework/Versions/A/QtDBus"
Log:  to "/Users/bytedance/Downloads/国产资产作业/qt-video-workbench/.workbench/release-macos-arm64-1.7.0/QtVideoWorkbench.app/Contents/Frameworks/QtDBus.framework/Versions/A/QtDBus"
Log: copy: "/opt/homebrew/opt/qtbase/lib/QtDBus.framework/Resources" "/Users/bytedance/Downloads/国产资产作业/qt-video-workbench/.workbench/release-macos-arm64-1.7.0/QtVideoWorkbench.app/Contents/Frameworks/QtDBus.framework/Versions/A/Resources"
Log:  copied: "/opt/homebrew/opt/qtbase/lib/QtDBus.framework/Resources/Info.plist"
Log:  to "/Users/bytedance/Downloads/国产资产作业/qt-video-workbench/.workbench/release-macos-arm64-1.7.0/QtVideoWorkbench.app/Contents/Frameworks/QtDBus.framework/Versions/A/Resources/Info.plist"
Log:  copied: "/opt/homebrew/opt/qtbase/lib/QtDBus.framework/Resources/PrivacyInfo.xcprivacy"
Log:  to "/Users/bytedance/Downloads/国产资产作业/qt-video-workbench/.workbench/release-macos-arm64-1.7.0/QtVideoWorkbench.app/Contents/Frameworks/QtDBus.framework/Versions/A/Resources/PrivacyInfo.xcprivacy"
Log: Symlink exists, skipping: "/Users/bytedance/Downloads/国产资产作业/qt-video-workbench/.workbench/release-macos-arm64-1.7.0/QtVideoWorkbench.app/Contents/Frameworks/QtDBus.framework/QtDBus"
Log: Symlink exists, skipping: "/Users/bytedance/Downloads/国产资产作业/qt-video-workbench/.workbench/release-macos-arm64-1.7.0/QtVideoWorkbench.app/Contents/Frameworks/QtDBus.framework/Resources"
Log: Symlink exists, skipping: "/Users/bytedance/Downloads/国产资产作业/qt-video-workbench/.workbench/release-macos-arm64-1.7.0/QtVideoWorkbench.app/Contents/Frameworks/QtDBus.framework/Versions/Current"
Log:  copied: "/opt/homebrew/opt/libpng/lib/libpng16.16.dylib"
Log:  to "/Users/bytedance/Downloads/国产资产作业/qt-video-workbench/.workbench/release-macos-arm64-1.7.0/QtVideoWorkbench.app/Contents/Frameworks//libpng16.16.dylib"
Log:  copied: "/opt/homebrew/opt/harfbuzz/lib/libharfbuzz.0.dylib"
Log:  to "/Users/bytedance/Downloads/国产资产作业/qt-video-workbench/.workbench/release-macos-arm64-1.7.0/QtVideoWorkbench.app/Contents/Frameworks//libharfbuzz.0.dylib"
Log:  copied: "/opt/homebrew/opt/md4c/lib/libmd4c.0.dylib"
Log:  to "/Users/bytedance/Downloads/国产资产作业/qt-video-workbench/.workbench/release-macos-arm64-1.7.0/QtVideoWorkbench.app/Contents/Frameworks//libmd4c.0.dylib"
Log:  copied: "/opt/homebrew/opt/freetype/lib/libfreetype.6.dylib"
Log:  to "/Users/bytedance/Downloads/国产资产作业/qt-video-workbench/.workbench/release-macos-arm64-1.7.0/QtVideoWorkbench.app/Contents/Frameworks//libfreetype.6.dylib"
Log:  copied: "/opt/homebrew/opt/glib/lib/libgthread-2.0.0.dylib"
Log:  to "/Users/bytedance/Downloads/国产资产作业/qt-video-workbench/.workbench/release-macos-arm64-1.7.0/QtVideoWorkbench.app/Contents/Frameworks//libgthread-2.0.0.dylib"
Log:  copied: "/opt/homebrew/opt/icu4c@78/lib/libicui18n.78.dylib"
Log:  to "/Users/bytedance/Downloads/国产资产作业/qt-video-workbench/.workbench/release-macos-arm64-1.7.0/QtVideoWorkbench.app/Contents/Frameworks//libicui18n.78.dylib"
Log:  copied: "/opt/homebrew/opt/icu4c@78/lib/libicuuc.78.dylib"
Log:  to "/Users/bytedance/Downloads/国产资产作业/qt-video-workbench/.workbench/release-macos-arm64-1.7.0/QtVideoWorkbench.app/Contents/Frameworks//libicuuc.78.dylib"
Log:  copied: "/opt/homebrew/opt/icu4c@78/lib/libicudata.78.dylib"
Log:  to "/Users/bytedance/Downloads/国产资产作业/qt-video-workbench/.workbench/release-macos-arm64-1.7.0/QtVideoWorkbench.app/Contents/Frameworks//libicudata.78.dylib"
Log:  copied: "/opt/homebrew/opt/double-conversion/lib/libdouble-conversion.3.dylib"
Log:  to "/Users/bytedance/Downloads/国产资产作业/qt-video-workbench/.workbench/release-macos-arm64-1.7.0/QtVideoWorkbench.app/Contents/Frameworks//libdouble-conversion.3.dylib"
Log:  copied: "/opt/homebrew/opt/libb2/lib/libb2.1.dylib"
Log:  to "/Users/bytedance/Downloads/国产资产作业/qt-video-workbench/.workbench/release-macos-arm64-1.7.0/QtVideoWorkbench.app/Contents/Frameworks//libb2.1.dylib"
Log:  copied: "/opt/homebrew/opt/pcre2/lib/libpcre2-16.0.dylib"
Log:  to "/Users/bytedance/Downloads/国产资产作业/qt-video-workbench/.workbench/release-macos-arm64-1.7.0/QtVideoWorkbench.app/Contents/Frameworks//libpcre2-16.0.dylib"
Log:  copied: "/opt/homebrew/opt/zstd/lib/libzstd.1.dylib"
Log:  to "/Users/bytedance/Downloads/国产资产作业/qt-video-workbench/.workbench/release-macos-arm64-1.7.0/QtVideoWorkbench.app/Contents/Frameworks//libzstd.1.dylib"
Log:  copied: "/opt/homebrew/opt/gettext/lib/libintl.8.dylib"
Log:  to "/Users/bytedance/Downloads/国产资产作业/qt-video-workbench/.workbench/release-macos-arm64-1.7.0/QtVideoWorkbench.app/Contents/Frameworks//libintl.8.dylib"
Log:  copied: "/opt/homebrew/opt/pcre2/lib/libpcre2-8.0.dylib"
Log:  to "/Users/bytedance/Downloads/国产资产作业/qt-video-workbench/.workbench/release-macos-arm64-1.7.0/QtVideoWorkbench.app/Contents/Frameworks//libpcre2-8.0.dylib"
Log:  copied: "/opt/homebrew/opt/dbus/lib/libdbus-1.3.dylib"
Log:  to "/Users/bytedance/Downloads/国产资产作业/qt-video-workbench/.workbench/release-macos-arm64-1.7.0/QtVideoWorkbench.app/Contents/Frameworks//libdbus-1.3.dylib"
Log:  copied: "/opt/homebrew/opt/graphite2/lib/libgraphite2.3.dylib"
Log:  to "/Users/bytedance/Downloads/国产资产作业/qt-video-workbench/.workbench/release-macos-arm64-1.7.0/QtVideoWorkbench.app/Contents/Frameworks//libgraphite2.3.dylib"
Log:  copied: "/opt/homebrew/share/qt/plugins/imageformats/libqico.dylib"
Log:  to "/Users/bytedance/Downloads/国产资产作业/qt-video-workbench/.workbench/release-macos-arm64-1.7.0/QtVideoWorkbench.app/Contents/PlugIns/imageformats/libqico.dylib"
Log:
Log: Deploying Qt frameworks found inside: QList("/Users/bytedance/Downloads/国产资产作业/qt-video-workbench/.workbench/release-macos-arm64-1.7.0/QtVideoWorkbench.app/Contents/PlugIns/imageformats/libqico.dylib")
Log:  copied: "/opt/homebrew/opt/qtbase/lib/QtGui.framework/Versions/A/QtGui"
Log:  to "/Users/bytedance/Downloads/国产资产作业/qt-video-workbench/.workbench/release-macos-arm64-1.7.0/QtVideoWorkbench.app/Contents/Frameworks/QtGui.framework/Versions/A/QtGui"
Log: copy: "/opt/homebrew/opt/qtbase/lib/QtGui.framework/Resources" "/Users/bytedance/Downloads/国产资产作业/qt-video-workbench/.workbench/release-macos-arm64-1.7.0/QtVideoWorkbench.app/Contents/Frameworks/QtGui.framework/Versions/A/Resources"
Log:  copied: "/opt/homebrew/opt/qtbase/lib/QtGui.framework/Resources/Info.plist"
Log:  to "/Users/bytedance/Downloads/国产资产作业/qt-video-workbench/.workbench/release-macos-arm64-1.7.0/QtVideoWorkbench.app/Contents/Frameworks/QtGui.framework/Versions/A/Resources/Info.plist"
Log:  copied: "/opt/homebrew/opt/qtbase/lib/QtGui.framework/Resources/PrivacyInfo.xcprivacy"
Log:  to "/Users/bytedance/Downloads/国产资产作业/qt-video-workbench/.workbench/release-macos-arm64-1.7.0/QtVideoWorkbench.app/Contents/Frameworks/QtGui.framework/Versions/A/Resources/PrivacyInfo.xcprivacy"
Log: Symlink exists, skipping: "/Users/bytedance/Downloads/国产资产作业/qt-video-workbench/.workbench/release-macos-arm64-1.7.0/QtVideoWorkbench.app/Contents/Frameworks/QtGui.framework/QtGui"
Log: Symlink exists, skipping: "/Users/bytedance/Downloads/国产资产作业/qt-video-workbench/.workbench/release-macos-arm64-1.7.0/QtVideoWorkbench.app/Contents/Frameworks/QtGui.framework/Resources"
Log: Symlink exists, skipping: "/Users/bytedance/Downloads/国产资产作业/qt-video-workbench/.workbench/release-macos-arm64-1.7.0/QtVideoWorkbench.app/Contents/Frameworks/QtGui.framework/Versions/Current"
Log:  copied: "/opt/homebrew/opt/qtbase/lib/QtCore.framework/Versions/A/QtCore"
Log:  to "/Users/bytedance/Downloads/国产资产作业/qt-video-workbench/.workbench/release-macos-arm64-1.7.0/QtVideoWorkbench.app/Contents/Frameworks/QtCore.framework/Versions/A/QtCore"
Log: copy: "/opt/homebrew/opt/qtbase/lib/QtCore.framework/Resources" "/Users/bytedance/Downloads/国产资产作业/qt-video-workbench/.workbench/release-macos-arm64-1.7.0/QtVideoWorkbench.app/Contents/Frameworks/QtCore.framework/Versions/A/Resources"
Log:  copied: "/opt/homebrew/opt/qtbase/lib/QtCore.framework/Resources/Info.plist"
Log:  to "/Users/bytedance/Downloads/国产资产作业/qt-video-workbench/.workbench/release-macos-arm64-1.7.0/QtVideoWorkbench.app/Contents/Frameworks/QtCore.framework/Versions/A/Resources/Info.plist"
Log:  copied: "/opt/homebrew/opt/qtbase/lib/QtCore.framework/Resources/PrivacyInfo.xcprivacy"
Log:  to "/Users/bytedance/Downloads/国产资产作业/qt-video-workbench/.workbench/release-macos-arm64-1.7.0/QtVideoWorkbench.app/Contents/Frameworks/QtCore.framework/Versions/A/Resources/PrivacyInfo.xcprivacy"
Log: Symlink exists, skipping: "/Users/bytedance/Downloads/国产资产作业/qt-video-workbench/.workbench/release-macos-arm64-1.7.0/QtVideoWorkbench.app/Contents/Frameworks/QtCore.framework/QtCore"
Log: Symlink exists, skipping: "/Users/bytedance/Downloads/国产资产作业/qt-video-workbench/.workbench/release-macos-arm64-1.7.0/QtVideoWorkbench.app/Contents/Frameworks/QtCore.framework/Resources"
Log: Symlink exists, skipping: "/Users/bytedance/Downloads/国产资产作业/qt-video-workbench/.workbench/release-macos-arm64-1.7.0/QtVideoWorkbench.app/Contents/Frameworks/QtCore.framework/Versions/Current"
Log:  copied: "/opt/homebrew/opt/glib/lib/libglib-2.0.0.dylib"
Log:  to "/Users/bytedance/Downloads/国产资产作业/qt-video-workbench/.workbench/release-macos-arm64-1.7.0/QtVideoWorkbench.app/Contents/Frameworks//libglib-2.0.0.dylib"
Log:  copied: "/opt/homebrew/opt/qtbase/lib/QtDBus.framework/Versions/A/QtDBus"
Log:  to "/Users/bytedance/Downloads/国产资产作业/qt-video-workbench/.workbench/release-macos-arm64-1.7.0/QtVideoWorkbench.app/Contents/Frameworks/QtDBus.framework/Versions/A/QtDBus"
Log: copy: "/opt/homebrew/opt/qtbase/lib/QtDBus.framework/Resources" "/Users/bytedance/Downloads/国产资产作业/qt-video-workbench/.workbench/release-macos-arm64-1.7.0/QtVideoWorkbench.app/Contents/Frameworks/QtDBus.framework/Versions/A/Resources"
Log:  copied: "/opt/homebrew/opt/qtbase/lib/QtDBus.framework/Resources/Info.plist"
Log:  to "/Users/bytedance/Downloads/国产资产作业/qt-video-workbench/.workbench/release-macos-arm64-1.7.0/QtVideoWorkbench.app/Contents/Frameworks/QtDBus.framework/Versions/A/Resources/Info.plist"
Log:  copied: "/opt/homebrew/opt/qtbase/lib/QtDBus.framework/Resources/PrivacyInfo.xcprivacy"
Log:  to "/Users/bytedance/Downloads/国产资产作业/qt-video-workbench/.workbench/release-macos-arm64-1.7.0/QtVideoWorkbench.app/Contents/Frameworks/QtDBus.framework/Versions/A/Resources/PrivacyInfo.xcprivacy"
Log: Symlink exists, skipping: "/Users/bytedance/Downloads/国产资产作业/qt-video-workbench/.workbench/release-macos-arm64-1.7.0/QtVideoWorkbench.app/Contents/Frameworks/QtDBus.framework/QtDBus"
Log: Symlink exists, skipping: "/Users/bytedance/Downloads/国产资产作业/qt-video-workbench/.workbench/release-macos-arm64-1.7.0/QtVideoWorkbench.app/Contents/Frameworks/QtDBus.framework/Resources"
Log: Symlink exists, skipping: "/Users/bytedance/Downloads/国产资产作业/qt-video-workbench/.workbench/release-macos-arm64-1.7.0/QtVideoWorkbench.app/Contents/Frameworks/QtDBus.framework/Versions/Current"
Log:  copied: "/opt/homebrew/opt/libpng/lib/libpng16.16.dylib"
Log:  to "/Users/bytedance/Downloads/国产资产作业/qt-video-workbench/.workbench/release-macos-arm64-1.7.0/QtVideoWorkbench.app/Contents/Frameworks//libpng16.16.dylib"
Log:  copied: "/opt/homebrew/opt/harfbuzz/lib/libharfbuzz.0.dylib"
Log:  to "/Users/bytedance/Downloads/国产资产作业/qt-video-workbench/.workbench/release-macos-arm64-1.7.0/QtVideoWorkbench.app/Contents/Frameworks//libharfbuzz.0.dylib"
Log:  copied: "/opt/homebrew/opt/md4c/lib/libmd4c.0.dylib"
Log:  to "/Users/bytedance/Downloads/国产资产作业/qt-video-workbench/.workbench/release-macos-arm64-1.7.0/QtVideoWorkbench.app/Contents/Frameworks//libmd4c.0.dylib"
Log:  copied: "/opt/homebrew/opt/freetype/lib/libfreetype.6.dylib"
Log:  to "/Users/bytedance/Downloads/国产资产作业/qt-video-workbench/.workbench/release-macos-arm64-1.7.0/QtVideoWorkbench.app/Contents/Frameworks//libfreetype.6.dylib"
Log:  copied: "/opt/homebrew/opt/glib/lib/libgthread-2.0.0.dylib"
Log:  to "/Users/bytedance/Downloads/国产资产作业/qt-video-workbench/.workbench/release-macos-arm64-1.7.0/QtVideoWorkbench.app/Contents/Frameworks//libgthread-2.0.0.dylib"
Log:  copied: "/opt/homebrew/opt/icu4c@78/lib/libicui18n.78.dylib"
Log:  to "/Users/bytedance/Downloads/国产资产作业/qt-video-workbench/.workbench/release-macos-arm64-1.7.0/QtVideoWorkbench.app/Contents/Frameworks//libicui18n.78.dylib"
Log:  copied: "/opt/homebrew/opt/icu4c@78/lib/libicuuc.78.dylib"
Log:  to "/Users/bytedance/Downloads/国产资产作业/qt-video-workbench/.workbench/release-macos-arm64-1.7.0/QtVideoWorkbench.app/Contents/Frameworks//libicuuc.78.dylib"
Log:  copied: "/opt/homebrew/opt/icu4c@78/lib/libicudata.78.dylib"
Log:  to "/Users/bytedance/Downloads/国产资产作业/qt-video-workbench/.workbench/release-macos-arm64-1.7.0/QtVideoWorkbench.app/Contents/Frameworks//libicudata.78.dylib"
Log:  copied: "/opt/homebrew/opt/double-conversion/lib/libdouble-conversion.3.dylib"
Log:  to "/Users/bytedance/Downloads/国产资产作业/qt-video-workbench/.workbench/release-macos-arm64-1.7.0/QtVideoWorkbench.app/Contents/Frameworks//libdouble-conversion.3.dylib"
Log:  copied: "/opt/homebrew/opt/libb2/lib/libb2.1.dylib"
Log:  to "/Users/bytedance/Downloads/国产资产作业/qt-video-workbench/.workbench/release-macos-arm64-1.7.0/QtVideoWorkbench.app/Contents/Frameworks//libb2.1.dylib"
Log:  copied: "/opt/homebrew/opt/pcre2/lib/libpcre2-16.0.dylib"
Log:  to "/Users/bytedance/Downloads/国产资产作业/qt-video-workbench/.workbench/release-macos-arm64-1.7.0/QtVideoWorkbench.app/Contents/Frameworks//libpcre2-16.0.dylib"
Log:  copied: "/opt/homebrew/opt/zstd/lib/libzstd.1.dylib"
Log:  to "/Users/bytedance/Downloads/国产资产作业/qt-video-workbench/.workbench/release-macos-arm64-1.7.0/QtVideoWorkbench.app/Contents/Frameworks//libzstd.1.dylib"
Log:  copied: "/opt/homebrew/opt/gettext/lib/libintl.8.dylib"
Log:  to "/Users/bytedance/Downloads/国产资产作业/qt-video-workbench/.workbench/release-macos-arm64-1.7.0/QtVideoWorkbench.app/Contents/Frameworks//libintl.8.dylib"
Log:  copied: "/opt/homebrew/opt/pcre2/lib/libpcre2-8.0.dylib"
Log:  to "/Users/bytedance/Downloads/国产资产作业/qt-video-workbench/.workbench/release-macos-arm64-1.7.0/QtVideoWorkbench.app/Contents/Frameworks//libpcre2-8.0.dylib"
Log:  copied: "/opt/homebrew/opt/dbus/lib/libdbus-1.3.dylib"
Log:  to "/Users/bytedance/Downloads/国产资产作业/qt-video-workbench/.workbench/release-macos-arm64-1.7.0/QtVideoWorkbench.app/Contents/Frameworks//libdbus-1.3.dylib"
Log:  copied: "/opt/homebrew/opt/graphite2/lib/libgraphite2.3.dylib"
Log:  to "/Users/bytedance/Downloads/国产资产作业/qt-video-workbench/.workbench/release-macos-arm64-1.7.0/QtVideoWorkbench.app/Contents/Frameworks//libgraphite2.3.dylib"
Log:  copied: "/opt/homebrew/share/qt/plugins/imageformats/libqjp2.dylib"
Log:  to "/Users/bytedance/Downloads/国产资产作业/qt-video-workbench/.workbench/release-macos-arm64-1.7.0/QtVideoWorkbench.app/Contents/PlugIns/imageformats/libqjp2.dylib"
Log:
Log: Deploying Qt frameworks found inside: QList("/Users/bytedance/Downloads/国产资产作业/qt-video-workbench/.workbench/release-macos-arm64-1.7.0/QtVideoWorkbench.app/Contents/PlugIns/imageformats/libqjp2.dylib")
Log:  copied: "/opt/homebrew/opt/qtbase/lib/QtGui.framework/Versions/A/QtGui"
Log:  to "/Users/bytedance/Downloads/国产资产作业/qt-video-workbench/.workbench/release-macos-arm64-1.7.0/QtVideoWorkbench.app/Contents/Frameworks/QtGui.framework/Versions/A/QtGui"
Log: copy: "/opt/homebrew/opt/qtbase/lib/QtGui.framework/Resources" "/Users/bytedance/Downloads/国产资产作业/qt-video-workbench/.workbench/release-macos-arm64-1.7.0/QtVideoWorkbench.app/Contents/Frameworks/QtGui.framework/Versions/A/Resources"
Log:  copied: "/opt/homebrew/opt/qtbase/lib/QtGui.framework/Resources/Info.plist"
Log:  to "/Users/bytedance/Downloads/国产资产作业/qt-video-workbench/.workbench/release-macos-arm64-1.7.0/QtVideoWorkbench.app/Contents/Frameworks/QtGui.framework/Versions/A/Resources/Info.plist"
Log:  copied: "/opt/homebrew/opt/qtbase/lib/QtGui.framework/Resources/PrivacyInfo.xcprivacy"
Log:  to "/Users/bytedance/Downloads/国产资产作业/qt-video-workbench/.workbench/release-macos-arm64-1.7.0/QtVideoWorkbench.app/Contents/Frameworks/QtGui.framework/Versions/A/Resources/PrivacyInfo.xcprivacy"
Log: Symlink exists, skipping: "/Users/bytedance/Downloads/国产资产作业/qt-video-workbench/.workbench/release-macos-arm64-1.7.0/QtVideoWorkbench.app/Contents/Frameworks/QtGui.framework/QtGui"
Log: Symlink exists, skipping: "/Users/bytedance/Downloads/国产资产作业/qt-video-workbench/.workbench/release-macos-arm64-1.7.0/QtVideoWorkbench.app/Contents/Frameworks/QtGui.framework/Resources"
Log: Symlink exists, skipping: "/Users/bytedance/Downloads/国产资产作业/qt-video-workbench/.workbench/release-macos-arm64-1.7.0/QtVideoWorkbench.app/Contents/Frameworks/QtGui.framework/Versions/Current"
Log:  copied: "/opt/homebrew/opt/jasper/lib/libjasper.7.dylib"
Log:  to "/Users/bytedance/Downloads/国产资产作业/qt-video-workbench/.workbench/release-macos-arm64-1.7.0/QtVideoWorkbench.app/Contents/Frameworks//libjasper.7.dylib"
Log:  copied: "/opt/homebrew/opt/jpeg-turbo/lib/libjpeg.8.dylib"
Log:  to "/Users/bytedance/Downloads/国产资产作业/qt-video-workbench/.workbench/release-macos-arm64-1.7.0/QtVideoWorkbench.app/Contents/Frameworks//libjpeg.8.dylib"
Log:  copied: "/opt/homebrew/opt/qtbase/lib/QtCore.framework/Versions/A/QtCore"
Log:  to "/Users/bytedance/Downloads/国产资产作业/qt-video-workbench/.workbench/release-macos-arm64-1.7.0/QtVideoWorkbench.app/Contents/Frameworks/QtCore.framework/Versions/A/QtCore"
Log: copy: "/opt/homebrew/opt/qtbase/lib/QtCore.framework/Resources" "/Users/bytedance/Downloads/国产资产作业/qt-video-workbench/.workbench/release-macos-arm64-1.7.0/QtVideoWorkbench.app/Contents/Frameworks/QtCore.framework/Versions/A/Resources"
Log:  copied: "/opt/homebrew/opt/qtbase/lib/QtCore.framework/Resources/Info.plist"
Log:  to "/Users/bytedance/Downloads/国产资产作业/qt-video-workbench/.workbench/release-macos-arm64-1.7.0/QtVideoWorkbench.app/Contents/Frameworks/QtCore.framework/Versions/A/Resources/Info.plist"
Log:  copied: "/opt/homebrew/opt/qtbase/lib/QtCore.framework/Resources/PrivacyInfo.xcprivacy"
Log:  to "/Users/bytedance/Downloads/国产资产作业/qt-video-workbench/.workbench/release-macos-arm64-1.7.0/QtVideoWorkbench.app/Contents/Frameworks/QtCore.framework/Versions/A/Resources/PrivacyInfo.xcprivacy"
Log: Symlink exists, skipping: "/Users/bytedance/Downloads/国产资产作业/qt-video-workbench/.workbench/release-macos-arm64-1.7.0/QtVideoWorkbench.app/Contents/Frameworks/QtCore.framework/QtCore"
Log: Symlink exists, skipping: "/Users/bytedance/Downloads/国产资产作业/qt-video-workbench/.workbench/release-macos-arm64-1.7.0/QtVideoWorkbench.app/Contents/Frameworks/QtCore.framework/Resources"
Log: Symlink exists, skipping: "/Users/bytedance/Downloads/国产资产作业/qt-video-workbench/.workbench/release-macos-arm64-1.7.0/QtVideoWorkbench.app/Contents/Frameworks/QtCore.framework/Versions/Current"
Log:  copied: "/opt/homebrew/opt/glib/lib/libglib-2.0.0.dylib"
Log:  to "/Users/bytedance/Downloads/国产资产作业/qt-video-workbench/.workbench/release-macos-arm64-1.7.0/QtVideoWorkbench.app/Contents/Frameworks//libglib-2.0.0.dylib"
Log:  copied: "/opt/homebrew/opt/qtbase/lib/QtDBus.framework/Versions/A/QtDBus"
Log:  to "/Users/bytedance/Downloads/国产资产作业/qt-video-workbench/.workbench/release-macos-arm64-1.7.0/QtVideoWorkbench.app/Contents/Frameworks/QtDBus.framework/Versions/A/QtDBus"
Log: copy: "/opt/homebrew/opt/qtbase/lib/QtDBus.framework/Resources" "/Users/bytedance/Downloads/国产资产作业/qt-video-workbench/.workbench/release-macos-arm64-1.7.0/QtVideoWorkbench.app/Contents/Frameworks/QtDBus.framework/Versions/A/Resources"
Log:  copied: "/opt/homebrew/opt/qtbase/lib/QtDBus.framework/Resources/Info.plist"
Log:  to "/Users/bytedance/Downloads/国产资产作业/qt-video-workbench/.workbench/release-macos-arm64-1.7.0/QtVideoWorkbench.app/Contents/Frameworks/QtDBus.framework/Versions/A/Resources/Info.plist"
Log:  copied: "/opt/homebrew/opt/qtbase/lib/QtDBus.framework/Resources/PrivacyInfo.xcprivacy"
Log:  to "/Users/bytedance/Downloads/国产资产作业/qt-video-workbench/.workbench/release-macos-arm64-1.7.0/QtVideoWorkbench.app/Contents/Frameworks/QtDBus.framework/Versions/A/Resources/PrivacyInfo.xcprivacy"
Log: Symlink exists, skipping: "/Users/bytedance/Downloads/国产资产作业/qt-video-workbench/.workbench/release-macos-arm64-1.7.0/QtVideoWorkbench.app/Contents/Frameworks/QtDBus.framework/QtDBus"
Log: Symlink exists, skipping: "/Users/bytedance/Downloads/国产资产作业/qt-video-workbench/.workbench/release-macos-arm64-1.7.0/QtVideoWorkbench.app/Contents/Frameworks/QtDBus.framework/Resources"
Log: Symlink exists, skipping: "/Users/bytedance/Downloads/国产资产作业/qt-video-workbench/.workbench/release-macos-arm64-1.7.0/QtVideoWorkbench.app/Contents/Frameworks/QtDBus.framework/Versions/Current"
Log:  copied: "/opt/homebrew/opt/libpng/lib/libpng16.16.dylib"
Log:  to "/Users/bytedance/Downloads/国产资产作业/qt-video-workbench/.workbench/release-macos-arm64-1.7.0/QtVideoWorkbench.app/Contents/Frameworks//libpng16.16.dylib"
Log:  copied: "/opt/homebrew/opt/harfbuzz/lib/libharfbuzz.0.dylib"
Log:  to "/Users/bytedance/Downloads/国产资产作业/qt-video-workbench/.workbench/release-macos-arm64-1.7.0/QtVideoWorkbench.app/Contents/Frameworks//libharfbuzz.0.dylib"
Log:  copied: "/opt/homebrew/opt/md4c/lib/libmd4c.0.dylib"
Log:  to "/Users/bytedance/Downloads/国产资产作业/qt-video-workbench/.workbench/release-macos-arm64-1.7.0/QtVideoWorkbench.app/Contents/Frameworks//libmd4c.0.dylib"
Log:  copied: "/opt/homebrew/opt/freetype/lib/libfreetype.6.dylib"
Log:  to "/Users/bytedance/Downloads/国产资产作业/qt-video-workbench/.workbench/release-macos-arm64-1.7.0/QtVideoWorkbench.app/Contents/Frameworks//libfreetype.6.dylib"
Log:  copied: "/opt/homebrew/opt/glib/lib/libgthread-2.0.0.dylib"
Log:  to "/Users/bytedance/Downloads/国产资产作业/qt-video-workbench/.workbench/release-macos-arm64-1.7.0/QtVideoWorkbench.app/Contents/Frameworks//libgthread-2.0.0.dylib"
Log:  copied: "/opt/homebrew/opt/icu4c@78/lib/libicui18n.78.dylib"
Log:  to "/Users/bytedance/Downloads/国产资产作业/qt-video-workbench/.workbench/release-macos-arm64-1.7.0/QtVideoWorkbench.app/Contents/Frameworks//libicui18n.78.dylib"
Log:  copied: "/opt/homebrew/opt/icu4c@78/lib/libicuuc.78.dylib"
Log:  to "/Users/bytedance/Downloads/国产资产作业/qt-video-workbench/.workbench/release-macos-arm64-1.7.0/QtVideoWorkbench.app/Contents/Frameworks//libicuuc.78.dylib"
Log:  copied: "/opt/homebrew/opt/icu4c@78/lib/libicudata.78.dylib"
Log:  to "/Users/bytedance/Downloads/国产资产作业/qt-video-workbench/.workbench/release-macos-arm64-1.7.0/QtVideoWorkbench.app/Contents/Frameworks//libicudata.78.dylib"
Log:  copied: "/opt/homebrew/opt/double-conversion/lib/libdouble-conversion.3.dylib"
Log:  to "/Users/bytedance/Downloads/国产资产作业/qt-video-workbench/.workbench/release-macos-arm64-1.7.0/QtVideoWorkbench.app/Contents/Frameworks//libdouble-conversion.3.dylib"
Log:  copied: "/opt/homebrew/opt/libb2/lib/libb2.1.dylib"
Log:  to "/Users/bytedance/Downloads/国产资产作业/qt-video-workbench/.workbench/release-macos-arm64-1.7.0/QtVideoWorkbench.app/Contents/Frameworks//libb2.1.dylib"
Log:  copied: "/opt/homebrew/opt/pcre2/lib/libpcre2-16.0.dylib"
Log:  to "/Users/bytedance/Downloads/国产资产作业/qt-video-workbench/.workbench/release-macos-arm64-1.7.0/QtVideoWorkbench.app/Contents/Frameworks//libpcre2-16.0.dylib"
Log:  copied: "/opt/homebrew/opt/zstd/lib/libzstd.1.dylib"
Log:  to "/Users/bytedance/Downloads/国产资产作业/qt-video-workbench/.workbench/release-macos-arm64-1.7.0/QtVideoWorkbench.app/Contents/Frameworks//libzstd.1.dylib"
Log:  copied: "/opt/homebrew/opt/gettext/lib/libintl.8.dylib"
Log:  to "/Users/bytedance/Downloads/国产资产作业/qt-video-workbench/.workbench/release-macos-arm64-1.7.0/QtVideoWorkbench.app/Contents/Frameworks//libintl.8.dylib"
Log:  copied: "/opt/homebrew/opt/pcre2/lib/libpcre2-8.0.dylib"
Log:  to "/Users/bytedance/Downloads/国产资产作业/qt-video-workbench/.workbench/release-macos-arm64-1.7.0/QtVideoWorkbench.app/Contents/Frameworks//libpcre2-8.0.dylib"
Log:  copied: "/opt/homebrew/opt/dbus/lib/libdbus-1.3.dylib"
Log:  to "/Users/bytedance/Downloads/国产资产作业/qt-video-workbench/.workbench/release-macos-arm64-1.7.0/QtVideoWorkbench.app/Contents/Frameworks//libdbus-1.3.dylib"
Log:  copied: "/opt/homebrew/opt/graphite2/lib/libgraphite2.3.dylib"
Log:  to "/Users/bytedance/Downloads/国产资产作业/qt-video-workbench/.workbench/release-macos-arm64-1.7.0/QtVideoWorkbench.app/Contents/Frameworks//libgraphite2.3.dylib"
Log:  copied: "/opt/homebrew/share/qt/plugins/imageformats/libqjpeg.dylib"
Log:  to "/Users/bytedance/Downloads/国产资产作业/qt-video-workbench/.workbench/release-macos-arm64-1.7.0/QtVideoWorkbench.app/Contents/PlugIns/imageformats/libqjpeg.dylib"
Log:
Log: Deploying Qt frameworks found inside: QList("/Users/bytedance/Downloads/国产资产作业/qt-video-workbench/.workbench/release-macos-arm64-1.7.0/QtVideoWorkbench.app/Contents/PlugIns/imageformats/libqjpeg.dylib")
Log:  copied: "/opt/homebrew/opt/qtbase/lib/QtGui.framework/Versions/A/QtGui"
Log:  to "/Users/bytedance/Downloads/国产资产作业/qt-video-workbench/.workbench/release-macos-arm64-1.7.0/QtVideoWorkbench.app/Contents/Frameworks/QtGui.framework/Versions/A/QtGui"
Log: copy: "/opt/homebrew/opt/qtbase/lib/QtGui.framework/Resources" "/Users/bytedance/Downloads/国产资产作业/qt-video-workbench/.workbench/release-macos-arm64-1.7.0/QtVideoWorkbench.app/Contents/Frameworks/QtGui.framework/Versions/A/Resources"
Log:  copied: "/opt/homebrew/opt/qtbase/lib/QtGui.framework/Resources/Info.plist"
Log:  to "/Users/bytedance/Downloads/国产资产作业/qt-video-workbench/.workbench/release-macos-arm64-1.7.0/QtVideoWorkbench.app/Contents/Frameworks/QtGui.framework/Versions/A/Resources/Info.plist"
Log:  copied: "/opt/homebrew/opt/qtbase/lib/QtGui.framework/Resources/PrivacyInfo.xcprivacy"
Log:  to "/Users/bytedance/Downloads/国产资产作业/qt-video-workbench/.workbench/release-macos-arm64-1.7.0/QtVideoWorkbench.app/Contents/Frameworks/QtGui.framework/Versions/A/Resources/PrivacyInfo.xcprivacy"
Log: Symlink exists, skipping: "/Users/bytedance/Downloads/国产资产作业/qt-video-workbench/.workbench/release-macos-arm64-1.7.0/QtVideoWorkbench.app/Contents/Frameworks/QtGui.framework/QtGui"
Log: Symlink exists, skipping: "/Users/bytedance/Downloads/国产资产作业/qt-video-workbench/.workbench/release-macos-arm64-1.7.0/QtVideoWorkbench.app/Contents/Frameworks/QtGui.framework/Resources"
Log: Symlink exists, skipping: "/Users/bytedance/Downloads/国产资产作业/qt-video-workbench/.workbench/release-macos-arm64-1.7.0/QtVideoWorkbench.app/Contents/Frameworks/QtGui.framework/Versions/Current"
Log:  copied: "/opt/homebrew/opt/qtbase/lib/QtCore.framework/Versions/A/QtCore"
Log:  to "/Users/bytedance/Downloads/国产资产作业/qt-video-workbench/.workbench/release-macos-arm64-1.7.0/QtVideoWorkbench.app/Contents/Frameworks/QtCore.framework/Versions/A/QtCore"
Log: copy: "/opt/homebrew/opt/qtbase/lib/QtCore.framework/Resources" "/Users/bytedance/Downloads/国产资产作业/qt-video-workbench/.workbench/release-macos-arm64-1.7.0/QtVideoWorkbench.app/Contents/Frameworks/QtCore.framework/Versions/A/Resources"
Log:  copied: "/opt/homebrew/opt/qtbase/lib/QtCore.framework/Resources/Info.plist"
Log:  to "/Users/bytedance/Downloads/国产资产作业/qt-video-workbench/.workbench/release-macos-arm64-1.7.0/QtVideoWorkbench.app/Contents/Frameworks/QtCore.framework/Versions/A/Resources/Info.plist"
Log:  copied: "/opt/homebrew/opt/qtbase/lib/QtCore.framework/Resources/PrivacyInfo.xcprivacy"
Log:  to "/Users/bytedance/Downloads/国产资产作业/qt-video-workbench/.workbench/release-macos-arm64-1.7.0/QtVideoWorkbench.app/Contents/Frameworks/QtCore.framework/Versions/A/Resources/PrivacyInfo.xcprivacy"
Log: Symlink exists, skipping: "/Users/bytedance/Downloads/国产资产作业/qt-video-workbench/.workbench/release-macos-arm64-1.7.0/QtVideoWorkbench.app/Contents/Frameworks/QtCore.framework/QtCore"
Log: Symlink exists, skipping: "/Users/bytedance/Downloads/国产资产作业/qt-video-workbench/.workbench/release-macos-arm64-1.7.0/QtVideoWorkbench.app/Contents/Frameworks/QtCore.framework/Resources"
Log: Symlink exists, skipping: "/Users/bytedance/Downloads/国产资产作业/qt-video-workbench/.workbench/release-macos-arm64-1.7.0/QtVideoWorkbench.app/Contents/Frameworks/QtCore.framework/Versions/Current"
Log:  copied: "/opt/homebrew/opt/jpeg-turbo/lib/libjpeg.8.dylib"
Log:  to "/Users/bytedance/Downloads/国产资产作业/qt-video-workbench/.workbench/release-macos-arm64-1.7.0/QtVideoWorkbench.app/Contents/Frameworks//libjpeg.8.dylib"
Log:  copied: "/opt/homebrew/opt/glib/lib/libglib-2.0.0.dylib"
Log:  to "/Users/bytedance/Downloads/国产资产作业/qt-video-workbench/.workbench/release-macos-arm64-1.7.0/QtVideoWorkbench.app/Contents/Frameworks//libglib-2.0.0.dylib"
Log:  copied: "/opt/homebrew/opt/qtbase/lib/QtDBus.framework/Versions/A/QtDBus"
Log:  to "/Users/bytedance/Downloads/国产资产作业/qt-video-workbench/.workbench/release-macos-arm64-1.7.0/QtVideoWorkbench.app/Contents/Frameworks/QtDBus.framework/Versions/A/QtDBus"
Log: copy: "/opt/homebrew/opt/qtbase/lib/QtDBus.framework/Resources" "/Users/bytedance/Downloads/国产资产作业/qt-video-workbench/.workbench/release-macos-arm64-1.7.0/QtVideoWorkbench.app/Contents/Frameworks/QtDBus.framework/Versions/A/Resources"
Log:  copied: "/opt/homebrew/opt/qtbase/lib/QtDBus.framework/Resources/Info.plist"
Log:  to "/Users/bytedance/Downloads/国产资产作业/qt-video-workbench/.workbench/release-macos-arm64-1.7.0/QtVideoWorkbench.app/Contents/Frameworks/QtDBus.framework/Versions/A/Resources/Info.plist"
Log:  copied: "/opt/homebrew/opt/qtbase/lib/QtDBus.framework/Resources/PrivacyInfo.xcprivacy"
Log:  to "/Users/bytedance/Downloads/国产资产作业/qt-video-workbench/.workbench/release-macos-arm64-1.7.0/QtVideoWorkbench.app/Contents/Frameworks/QtDBus.framework/Versions/A/Resources/PrivacyInfo.xcprivacy"
Log: Symlink exists, skipping: "/Users/bytedance/Downloads/国产资产作业/qt-video-workbench/.workbench/release-macos-arm64-1.7.0/QtVideoWorkbench.app/Contents/Frameworks/QtDBus.framework/QtDBus"
Log: Symlink exists, skipping: "/Users/bytedance/Downloads/国产资产作业/qt-video-workbench/.workbench/release-macos-arm64-1.7.0/QtVideoWorkbench.app/Contents/Frameworks/QtDBus.framework/Resources"
Log: Symlink exists, skipping: "/Users/bytedance/Downloads/国产资产作业/qt-video-workbench/.workbench/release-macos-arm64-1.7.0/QtVideoWorkbench.app/Contents/Frameworks/QtDBus.framework/Versions/Current"
Log:  copied: "/opt/homebrew/opt/libpng/lib/libpng16.16.dylib"
Log:  to "/Users/bytedance/Downloads/国产资产作业/qt-video-workbench/.workbench/release-macos-arm64-1.7.0/QtVideoWorkbench.app/Contents/Frameworks//libpng16.16.dylib"
Log:  copied: "/opt/homebrew/opt/harfbuzz/lib/libharfbuzz.0.dylib"
Log:  to "/Users/bytedance/Downloads/国产资产作业/qt-video-workbench/.workbench/release-macos-arm64-1.7.0/QtVideoWorkbench.app/Contents/Frameworks//libharfbuzz.0.dylib"
Log:  copied: "/opt/homebrew/opt/md4c/lib/libmd4c.0.dylib"
Log:  to "/Users/bytedance/Downloads/国产资产作业/qt-video-workbench/.workbench/release-macos-arm64-1.7.0/QtVideoWorkbench.app/Contents/Frameworks//libmd4c.0.dylib"
Log:  copied: "/opt/homebrew/opt/freetype/lib/libfreetype.6.dylib"
Log:  to "/Users/bytedance/Downloads/国产资产作业/qt-video-workbench/.workbench/release-macos-arm64-1.7.0/QtVideoWorkbench.app/Contents/Frameworks//libfreetype.6.dylib"
Log:  copied: "/opt/homebrew/opt/glib/lib/libgthread-2.0.0.dylib"
Log:  to "/Users/bytedance/Downloads/国产资产作业/qt-video-workbench/.workbench/release-macos-arm64-1.7.0/QtVideoWorkbench.app/Contents/Frameworks//libgthread-2.0.0.dylib"
Log:  copied: "/opt/homebrew/opt/icu4c@78/lib/libicui18n.78.dylib"
Log:  to "/Users/bytedance/Downloads/国产资产作业/qt-video-workbench/.workbench/release-macos-arm64-1.7.0/QtVideoWorkbench.app/Contents/Frameworks//libicui18n.78.dylib"
Log:  copied: "/opt/homebrew/opt/icu4c@78/lib/libicuuc.78.dylib"
Log:  to "/Users/bytedance/Downloads/国产资产作业/qt-video-workbench/.workbench/release-macos-arm64-1.7.0/QtVideoWorkbench.app/Contents/Frameworks//libicuuc.78.dylib"
Log:  copied: "/opt/homebrew/opt/icu4c@78/lib/libicudata.78.dylib"
Log:  to "/Users/bytedance/Downloads/国产资产作业/qt-video-workbench/.workbench/release-macos-arm64-1.7.0/QtVideoWorkbench.app/Contents/Frameworks//libicudata.78.dylib"
Log:  copied: "/opt/homebrew/opt/double-conversion/lib/libdouble-conversion.3.dylib"
Log:  to "/Users/bytedance/Downloads/国产资产作业/qt-video-workbench/.workbench/release-macos-arm64-1.7.0/QtVideoWorkbench.app/Contents/Frameworks//libdouble-conversion.3.dylib"
Log:  copied: "/opt/homebrew/opt/libb2/lib/libb2.1.dylib"
Log:  to "/Users/bytedance/Downloads/国产资产作业/qt-video-workbench/.workbench/release-macos-arm64-1.7.0/QtVideoWorkbench.app/Contents/Frameworks//libb2.1.dylib"
Log:  copied: "/opt/homebrew/opt/pcre2/lib/libpcre2-16.0.dylib"
Log:  to "/Users/bytedance/Downloads/国产资产作业/qt-video-workbench/.workbench/release-macos-arm64-1.7.0/QtVideoWorkbench.app/Contents/Frameworks//libpcre2-16.0.dylib"
Log:  copied: "/opt/homebrew/opt/zstd/lib/libzstd.1.dylib"
Log:  to "/Users/bytedance/Downloads/国产资产作业/qt-video-workbench/.workbench/release-macos-arm64-1.7.0/QtVideoWorkbench.app/Contents/Frameworks//libzstd.1.dylib"
Log:  copied: "/opt/homebrew/opt/gettext/lib/libintl.8.dylib"
Log:  to "/Users/bytedance/Downloads/国产资产作业/qt-video-workbench/.workbench/release-macos-arm64-1.7.0/QtVideoWorkbench.app/Contents/Frameworks//libintl.8.dylib"
Log:  copied: "/opt/homebrew/opt/pcre2/lib/libpcre2-8.0.dylib"
Log:  to "/Users/bytedance/Downloads/国产资产作业/qt-video-workbench/.workbench/release-macos-arm64-1.7.0/QtVideoWorkbench.app/Contents/Frameworks//libpcre2-8.0.dylib"
Log:  copied: "/opt/homebrew/opt/dbus/lib/libdbus-1.3.dylib"
Log:  to "/Users/bytedance/Downloads/国产资产作业/qt-video-workbench/.workbench/release-macos-arm64-1.7.0/QtVideoWorkbench.app/Contents/Frameworks//libdbus-1.3.dylib"
Log:  copied: "/opt/homebrew/opt/graphite2/lib/libgraphite2.3.dylib"
Log:  to "/Users/bytedance/Downloads/国产资产作业/qt-video-workbench/.workbench/release-macos-arm64-1.7.0/QtVideoWorkbench.app/Contents/Frameworks//libgraphite2.3.dylib"
Log:  copied: "/opt/homebrew/share/qt/plugins/imageformats/libqmacheif.dylib"
Log:  to "/Users/bytedance/Downloads/国产资产作业/qt-video-workbench/.workbench/release-macos-arm64-1.7.0/QtVideoWorkbench.app/Contents/PlugIns/imageformats/libqmacheif.dylib"
Log:
Log: Deploying Qt frameworks found inside: QList("/Users/bytedance/Downloads/国产资产作业/qt-video-workbench/.workbench/release-macos-arm64-1.7.0/QtVideoWorkbench.app/Contents/PlugIns/imageformats/libqmacheif.dylib")
Log:  copied: "/opt/homebrew/opt/qtbase/lib/QtGui.framework/Versions/A/QtGui"
Log:  to "/Users/bytedance/Downloads/国产资产作业/qt-video-workbench/.workbench/release-macos-arm64-1.7.0/QtVideoWorkbench.app/Contents/Frameworks/QtGui.framework/Versions/A/QtGui"
Log: copy: "/opt/homebrew/opt/qtbase/lib/QtGui.framework/Resources" "/Users/bytedance/Downloads/国产资产作业/qt-video-workbench/.workbench/release-macos-arm64-1.7.0/QtVideoWorkbench.app/Contents/Frameworks/QtGui.framework/Versions/A/Resources"
Log:  copied: "/opt/homebrew/opt/qtbase/lib/QtGui.framework/Resources/Info.plist"
Log:  to "/Users/bytedance/Downloads/国产资产作业/qt-video-workbench/.workbench/release-macos-arm64-1.7.0/QtVideoWorkbench.app/Contents/Frameworks/QtGui.framework/Versions/A/Resources/Info.plist"
Log:  copied: "/opt/homebrew/opt/qtbase/lib/QtGui.framework/Resources/PrivacyInfo.xcprivacy"
Log:  to "/Users/bytedance/Downloads/国产资产作业/qt-video-workbench/.workbench/release-macos-arm64-1.7.0/QtVideoWorkbench.app/Contents/Frameworks/QtGui.framework/Versions/A/Resources/PrivacyInfo.xcprivacy"
Log: Symlink exists, skipping: "/Users/bytedance/Downloads/国产资产作业/qt-video-workbench/.workbench/release-macos-arm64-1.7.0/QtVideoWorkbench.app/Contents/Frameworks/QtGui.framework/QtGui"
Log: Symlink exists, skipping: "/Users/bytedance/Downloads/国产资产作业/qt-video-workbench/.workbench/release-macos-arm64-1.7.0/QtVideoWorkbench.app/Contents/Frameworks/QtGui.framework/Resources"
Log: Symlink exists, skipping: "/Users/bytedance/Downloads/国产资产作业/qt-video-workbench/.workbench/release-macos-arm64-1.7.0/QtVideoWorkbench.app/Contents/Frameworks/QtGui.framework/Versions/Current"
Log:  copied: "/opt/homebrew/opt/qtbase/lib/QtCore.framework/Versions/A/QtCore"
Log:  to "/Users/bytedance/Downloads/国产资产作业/qt-video-workbench/.workbench/release-macos-arm64-1.7.0/QtVideoWorkbench.app/Contents/Frameworks/QtCore.framework/Versions/A/QtCore"
Log: copy: "/opt/homebrew/opt/qtbase/lib/QtCore.framework/Resources" "/Users/bytedance/Downloads/国产资产作业/qt-video-workbench/.workbench/release-macos-arm64-1.7.0/QtVideoWorkbench.app/Contents/Frameworks/QtCore.framework/Versions/A/Resources"
Log:  copied: "/opt/homebrew/opt/qtbase/lib/QtCore.framework/Resources/Info.plist"
Log:  to "/Users/bytedance/Downloads/国产资产作业/qt-video-workbench/.workbench/release-macos-arm64-1.7.0/QtVideoWorkbench.app/Contents/Frameworks/QtCore.framework/Versions/A/Resources/Info.plist"
Log:  copied: "/opt/homebrew/opt/qtbase/lib/QtCore.framework/Resources/PrivacyInfo.xcprivacy"
Log:  to "/Users/bytedance/Downloads/国产资产作业/qt-video-workbench/.workbench/release-macos-arm64-1.7.0/QtVideoWorkbench.app/Contents/Frameworks/QtCore.framework/Versions/A/Resources/PrivacyInfo.xcprivacy"
Log: Symlink exists, skipping: "/Users/bytedance/Downloads/国产资产作业/qt-video-workbench/.workbench/release-macos-arm64-1.7.0/QtVideoWorkbench.app/Contents/Frameworks/QtCore.framework/QtCore"
Log: Symlink exists, skipping: "/Users/bytedance/Downloads/国产资产作业/qt-video-workbench/.workbench/release-macos-arm64-1.7.0/QtVideoWorkbench.app/Contents/Frameworks/QtCore.framework/Resources"
Log: Symlink exists, skipping: "/Users/bytedance/Downloads/国产资产作业/qt-video-workbench/.workbench/release-macos-arm64-1.7.0/QtVideoWorkbench.app/Contents/Frameworks/QtCore.framework/Versions/Current"
Log:  copied: "/opt/homebrew/opt/glib/lib/libglib-2.0.0.dylib"
Log:  to "/Users/bytedance/Downloads/国产资产作业/qt-video-workbench/.workbench/release-macos-arm64-1.7.0/QtVideoWorkbench.app/Contents/Frameworks//libglib-2.0.0.dylib"
Log:  copied: "/opt/homebrew/opt/qtbase/lib/QtDBus.framework/Versions/A/QtDBus"
Log:  to "/Users/bytedance/Downloads/国产资产作业/qt-video-workbench/.workbench/release-macos-arm64-1.7.0/QtVideoWorkbench.app/Contents/Frameworks/QtDBus.framework/Versions/A/QtDBus"
Log: copy: "/opt/homebrew/opt/qtbase/lib/QtDBus.framework/Resources" "/Users/bytedance/Downloads/国产资产作业/qt-video-workbench/.workbench/release-macos-arm64-1.7.0/QtVideoWorkbench.app/Contents/Frameworks/QtDBus.framework/Versions/A/Resources"
Log:  copied: "/opt/homebrew/opt/qtbase/lib/QtDBus.framework/Resources/Info.plist"
Log:  to "/Users/bytedance/Downloads/国产资产作业/qt-video-workbench/.workbench/release-macos-arm64-1.7.0/QtVideoWorkbench.app/Contents/Frameworks/QtDBus.framework/Versions/A/Resources/Info.plist"
Log:  copied: "/opt/homebrew/opt/qtbase/lib/QtDBus.framework/Resources/PrivacyInfo.xcprivacy"
Log:  to "/Users/bytedance/Downloads/国产资产作业/qt-video-workbench/.workbench/release-macos-arm64-1.7.0/QtVideoWorkbench.app/Contents/Frameworks/QtDBus.framework/Versions/A/Resources/PrivacyInfo.xcprivacy"
Log: Symlink exists, skipping: "/Users/bytedance/Downloads/国产资产作业/qt-video-workbench/.workbench/release-macos-arm64-1.7.0/QtVideoWorkbench.app/Contents/Frameworks/QtDBus.framework/QtDBus"
Log: Symlink exists, skipping: "/Users/bytedance/Downloads/国产资产作业/qt-video-workbench/.workbench/release-macos-arm64-1.7.0/QtVideoWorkbench.app/Contents/Frameworks/QtDBus.framework/Resources"
Log: Symlink exists, skipping: "/Users/bytedance/Downloads/国产资产作业/qt-video-workbench/.workbench/release-macos-arm64-1.7.0/QtVideoWorkbench.app/Contents/Frameworks/QtDBus.framework/Versions/Current"
Log:  copied: "/opt/homebrew/opt/libpng/lib/libpng16.16.dylib"
Log:  to "/Users/bytedance/Downloads/国产资产作业/qt-video-workbench/.workbench/release-macos-arm64-1.7.0/QtVideoWorkbench.app/Contents/Frameworks//libpng16.16.dylib"
Log:  copied: "/opt/homebrew/opt/harfbuzz/lib/libharfbuzz.0.dylib"
Log:  to "/Users/bytedance/Downloads/国产资产作业/qt-video-workbench/.workbench/release-macos-arm64-1.7.0/QtVideoWorkbench.app/Contents/Frameworks//libharfbuzz.0.dylib"
Log:  copied: "/opt/homebrew/opt/md4c/lib/libmd4c.0.dylib"
Log:  to "/Users/bytedance/Downloads/国产资产作业/qt-video-workbench/.workbench/release-macos-arm64-1.7.0/QtVideoWorkbench.app/Contents/Frameworks//libmd4c.0.dylib"
Log:  copied: "/opt/homebrew/opt/freetype/lib/libfreetype.6.dylib"
Log:  to "/Users/bytedance/Downloads/国产资产作业/qt-video-workbench/.workbench/release-macos-arm64-1.7.0/QtVideoWorkbench.app/Contents/Frameworks//libfreetype.6.dylib"
Log:  copied: "/opt/homebrew/opt/glib/lib/libgthread-2.0.0.dylib"
Log:  to "/Users/bytedance/Downloads/国产资产作业/qt-video-workbench/.workbench/release-macos-arm64-1.7.0/QtVideoWorkbench.app/Contents/Frameworks//libgthread-2.0.0.dylib"
Log:  copied: "/opt/homebrew/opt/icu4c@78/lib/libicui18n.78.dylib"
Log:  to "/Users/bytedance/Downloads/国产资产作业/qt-video-workbench/.workbench/release-macos-arm64-1.7.0/QtVideoWorkbench.app/Contents/Frameworks//libicui18n.78.dylib"
Log:  copied: "/opt/homebrew/opt/icu4c@78/lib/libicuuc.78.dylib"
Log:  to "/Users/bytedance/Downloads/国产资产作业/qt-video-workbench/.workbench/release-macos-arm64-1.7.0/QtVideoWorkbench.app/Contents/Frameworks//libicuuc.78.dylib"
Log:  copied: "/opt/homebrew/opt/icu4c@78/lib/libicudata.78.dylib"
Log:  to "/Users/bytedance/Downloads/国产资产作业/qt-video-workbench/.workbench/release-macos-arm64-1.7.0/QtVideoWorkbench.app/Contents/Frameworks//libicudata.78.dylib"
Log:  copied: "/opt/homebrew/opt/double-conversion/lib/libdouble-conversion.3.dylib"
Log:  to "/Users/bytedance/Downloads/国产资产作业/qt-video-workbench/.workbench/release-macos-arm64-1.7.0/QtVideoWorkbench.app/Contents/Frameworks//libdouble-conversion.3.dylib"
Log:  copied: "/opt/homebrew/opt/libb2/lib/libb2.1.dylib"
Log:  to "/Users/bytedance/Downloads/国产资产作业/qt-video-workbench/.workbench/release-macos-arm64-1.7.0/QtVideoWorkbench.app/Contents/Frameworks//libb2.1.dylib"
Log:  copied: "/opt/homebrew/opt/pcre2/lib/libpcre2-16.0.dylib"
Log:  to "/Users/bytedance/Downloads/国产资产作业/qt-video-workbench/.workbench/release-macos-arm64-1.7.0/QtVideoWorkbench.app/Contents/Frameworks//libpcre2-16.0.dylib"
Log:  copied: "/opt/homebrew/opt/zstd/lib/libzstd.1.dylib"
Log:  to "/Users/bytedance/Downloads/国产资产作业/qt-video-workbench/.workbench/release-macos-arm64-1.7.0/QtVideoWorkbench.app/Contents/Frameworks//libzstd.1.dylib"
Log:  copied: "/opt/homebrew/opt/gettext/lib/libintl.8.dylib"
Log:  to "/Users/bytedance/Downloads/国产资产作业/qt-video-workbench/.workbench/release-macos-arm64-1.7.0/QtVideoWorkbench.app/Contents/Frameworks//libintl.8.dylib"
Log:  copied: "/opt/homebrew/opt/pcre2/lib/libpcre2-8.0.dylib"
Log:  to "/Users/bytedance/Downloads/国产资产作业/qt-video-workbench/.workbench/release-macos-arm64-1.7.0/QtVideoWorkbench.app/Contents/Frameworks//libpcre2-8.0.dylib"
Log:  copied: "/opt/homebrew/opt/dbus/lib/libdbus-1.3.dylib"
Log:  to "/Users/bytedance/Downloads/国产资产作业/qt-video-workbench/.workbench/release-macos-arm64-1.7.0/QtVideoWorkbench.app/Contents/Frameworks//libdbus-1.3.dylib"
Log:  copied: "/opt/homebrew/opt/graphite2/lib/libgraphite2.3.dylib"
Log:  to "/Users/bytedance/Downloads/国产资产作业/qt-video-workbench/.workbench/release-macos-arm64-1.7.0/QtVideoWorkbench.app/Contents/Frameworks//libgraphite2.3.dylib"
Log:  copied: "/opt/homebrew/share/qt/plugins/imageformats/libqmng.dylib"
Log:  to "/Users/bytedance/Downloads/国产资产作业/qt-video-workbench/.workbench/release-macos-arm64-1.7.0/QtVideoWorkbench.app/Contents/PlugIns/imageformats/libqmng.dylib"
Log:
Log: Deploying Qt frameworks found inside: QList("/Users/bytedance/Downloads/国产资产作业/qt-video-workbench/.workbench/release-macos-arm64-1.7.0/QtVideoWorkbench.app/Contents/PlugIns/imageformats/libqmng.dylib")
Log:  copied: "/opt/homebrew/opt/libmng/lib/libmng.2.dylib"
Log:  to "/Users/bytedance/Downloads/国产资产作业/qt-video-workbench/.workbench/release-macos-arm64-1.7.0/QtVideoWorkbench.app/Contents/Frameworks//libmng.2.dylib"
Log:  copied: "/opt/homebrew/opt/qtbase/lib/QtGui.framework/Versions/A/QtGui"
Log:  to "/Users/bytedance/Downloads/国产资产作业/qt-video-workbench/.workbench/release-macos-arm64-1.7.0/QtVideoWorkbench.app/Contents/Frameworks/QtGui.framework/Versions/A/QtGui"
Log: copy: "/opt/homebrew/opt/qtbase/lib/QtGui.framework/Resources" "/Users/bytedance/Downloads/国产资产作业/qt-video-workbench/.workbench/release-macos-arm64-1.7.0/QtVideoWorkbench.app/Contents/Frameworks/QtGui.framework/Versions/A/Resources"
Log:  copied: "/opt/homebrew/opt/qtbase/lib/QtGui.framework/Resources/Info.plist"
Log:  to "/Users/bytedance/Downloads/国产资产作业/qt-video-workbench/.workbench/release-macos-arm64-1.7.0/QtVideoWorkbench.app/Contents/Frameworks/QtGui.framework/Versions/A/Resources/Info.plist"
Log:  copied: "/opt/homebrew/opt/qtbase/lib/QtGui.framework/Resources/PrivacyInfo.xcprivacy"
Log:  to "/Users/bytedance/Downloads/国产资产作业/qt-video-workbench/.workbench/release-macos-arm64-1.7.0/QtVideoWorkbench.app/Contents/Frameworks/QtGui.framework/Versions/A/Resources/PrivacyInfo.xcprivacy"
Log: Symlink exists, skipping: "/Users/bytedance/Downloads/国产资产作业/qt-video-workbench/.workbench/release-macos-arm64-1.7.0/QtVideoWorkbench.app/Contents/Frameworks/QtGui.framework/QtGui"
Log: Symlink exists, skipping: "/Users/bytedance/Downloads/国产资产作业/qt-video-workbench/.workbench/release-macos-arm64-1.7.0/QtVideoWorkbench.app/Contents/Frameworks/QtGui.framework/Resources"
Log: Symlink exists, skipping: "/Users/bytedance/Downloads/国产资产作业/qt-video-workbench/.workbench/release-macos-arm64-1.7.0/QtVideoWorkbench.app/Contents/Frameworks/QtGui.framework/Versions/Current"
Log:  copied: "/opt/homebrew/opt/qtbase/lib/QtCore.framework/Versions/A/QtCore"
Log:  to "/Users/bytedance/Downloads/国产资产作业/qt-video-workbench/.workbench/release-macos-arm64-1.7.0/QtVideoWorkbench.app/Contents/Frameworks/QtCore.framework/Versions/A/QtCore"
Log: copy: "/opt/homebrew/opt/qtbase/lib/QtCore.framework/Resources" "/Users/bytedance/Downloads/国产资产作业/qt-video-workbench/.workbench/release-macos-arm64-1.7.0/QtVideoWorkbench.app/Contents/Frameworks/QtCore.framework/Versions/A/Resources"
Log:  copied: "/opt/homebrew/opt/qtbase/lib/QtCore.framework/Resources/Info.plist"
Log:  to "/Users/bytedance/Downloads/国产资产作业/qt-video-workbench/.workbench/release-macos-arm64-1.7.0/QtVideoWorkbench.app/Contents/Frameworks/QtCore.framework/Versions/A/Resources/Info.plist"
Log:  copied: "/opt/homebrew/opt/qtbase/lib/QtCore.framework/Resources/PrivacyInfo.xcprivacy"
Log:  to "/Users/bytedance/Downloads/国产资产作业/qt-video-workbench/.workbench/release-macos-arm64-1.7.0/QtVideoWorkbench.app/Contents/Frameworks/QtCore.framework/Versions/A/Resources/PrivacyInfo.xcprivacy"
Log: Symlink exists, skipping: "/Users/bytedance/Downloads/国产资产作业/qt-video-workbench/.workbench/release-macos-arm64-1.7.0/QtVideoWorkbench.app/Contents/Frameworks/QtCore.framework/QtCore"
Log: Symlink exists, skipping: "/Users/bytedance/Downloads/国产资产作业/qt-video-workbench/.workbench/release-macos-arm64-1.7.0/QtVideoWorkbench.app/Contents/Frameworks/QtCore.framework/Resources"
Log: Symlink exists, skipping: "/Users/bytedance/Downloads/国产资产作业/qt-video-workbench/.workbench/release-macos-arm64-1.7.0/QtVideoWorkbench.app/Contents/Frameworks/QtCore.framework/Versions/Current"
Log:  copied: "/opt/homebrew/opt/jpeg-turbo/lib/libjpeg.8.dylib"
Log:  to "/Users/bytedance/Downloads/国产资产作业/qt-video-workbench/.workbench/release-macos-arm64-1.7.0/QtVideoWorkbench.app/Contents/Frameworks//libjpeg.8.dylib"
Log:  copied: "/opt/homebrew/opt/little-cms2/lib/liblcms2.2.dylib"
Log:  to "/Users/bytedance/Downloads/国产资产作业/qt-video-workbench/.workbench/release-macos-arm64-1.7.0/QtVideoWorkbench.app/Contents/Frameworks//liblcms2.2.dylib"
Log:  copied: "/opt/homebrew/opt/glib/lib/libglib-2.0.0.dylib"
Log:  to "/Users/bytedance/Downloads/国产资产作业/qt-video-workbench/.workbench/release-macos-arm64-1.7.0/QtVideoWorkbench.app/Contents/Frameworks//libglib-2.0.0.dylib"
Log:  copied: "/opt/homebrew/opt/qtbase/lib/QtDBus.framework/Versions/A/QtDBus"
Log:  to "/Users/bytedance/Downloads/国产资产作业/qt-video-workbench/.workbench/release-macos-arm64-1.7.0/QtVideoWorkbench.app/Contents/Frameworks/QtDBus.framework/Versions/A/QtDBus"
Log: copy: "/opt/homebrew/opt/qtbase/lib/QtDBus.framework/Resources" "/Users/bytedance/Downloads/国产资产作业/qt-video-workbench/.workbench/release-macos-arm64-1.7.0/QtVideoWorkbench.app/Contents/Frameworks/QtDBus.framework/Versions/A/Resources"
Log:  copied: "/opt/homebrew/opt/qtbase/lib/QtDBus.framework/Resources/Info.plist"
Log:  to "/Users/bytedance/Downloads/国产资产作业/qt-video-workbench/.workbench/release-macos-arm64-1.7.0/QtVideoWorkbench.app/Contents/Frameworks/QtDBus.framework/Versions/A/Resources/Info.plist"
Log:  copied: "/opt/homebrew/opt/qtbase/lib/QtDBus.framework/Resources/PrivacyInfo.xcprivacy"
Log:  to "/Users/bytedance/Downloads/国产资产作业/qt-video-workbench/.workbench/release-macos-arm64-1.7.0/QtVideoWorkbench.app/Contents/Frameworks/QtDBus.framework/Versions/A/Resources/PrivacyInfo.xcprivacy"
Log: Symlink exists, skipping: "/Users/bytedance/Downloads/国产资产作业/qt-video-workbench/.workbench/release-macos-arm64-1.7.0/QtVideoWorkbench.app/Contents/Frameworks/QtDBus.framework/QtDBus"
Log: Symlink exists, skipping: "/Users/bytedance/Downloads/国产资产作业/qt-video-workbench/.workbench/release-macos-arm64-1.7.0/QtVideoWorkbench.app/Contents/Frameworks/QtDBus.framework/Resources"
Log: Symlink exists, skipping: "/Users/bytedance/Downloads/国产资产作业/qt-video-workbench/.workbench/release-macos-arm64-1.7.0/QtVideoWorkbench.app/Contents/Frameworks/QtDBus.framework/Versions/Current"
Log:  copied: "/opt/homebrew/opt/libpng/lib/libpng16.16.dylib"
Log:  to "/Users/bytedance/Downloads/国产资产作业/qt-video-workbench/.workbench/release-macos-arm64-1.7.0/QtVideoWorkbench.app/Contents/Frameworks//libpng16.16.dylib"
Log:  copied: "/opt/homebrew/opt/harfbuzz/lib/libharfbuzz.0.dylib"
Log:  to "/Users/bytedance/Downloads/国产资产作业/qt-video-workbench/.workbench/release-macos-arm64-1.7.0/QtVideoWorkbench.app/Contents/Frameworks//libharfbuzz.0.dylib"
Log:  copied: "/opt/homebrew/opt/md4c/lib/libmd4c.0.dylib"
Log:  to "/Users/bytedance/Downloads/国产资产作业/qt-video-workbench/.workbench/release-macos-arm64-1.7.0/QtVideoWorkbench.app/Contents/Frameworks//libmd4c.0.dylib"
Log:  copied: "/opt/homebrew/opt/freetype/lib/libfreetype.6.dylib"
Log:  to "/Users/bytedance/Downloads/国产资产作业/qt-video-workbench/.workbench/release-macos-arm64-1.7.0/QtVideoWorkbench.app/Contents/Frameworks//libfreetype.6.dylib"
Log:  copied: "/opt/homebrew/opt/glib/lib/libgthread-2.0.0.dylib"
Log:  to "/Users/bytedance/Downloads/国产资产作业/qt-video-workbench/.workbench/release-macos-arm64-1.7.0/QtVideoWorkbench.app/Contents/Frameworks//libgthread-2.0.0.dylib"
Log:  copied: "/opt/homebrew/opt/icu4c@78/lib/libicui18n.78.dylib"
Log:  to "/Users/bytedance/Downloads/国产资产作业/qt-video-workbench/.workbench/release-macos-arm64-1.7.0/QtVideoWorkbench.app/Contents/Frameworks//libicui18n.78.dylib"
Log:  copied: "/opt/homebrew/opt/icu4c@78/lib/libicuuc.78.dylib"
Log:  to "/Users/bytedance/Downloads/国产资产作业/qt-video-workbench/.workbench/release-macos-arm64-1.7.0/QtVideoWorkbench.app/Contents/Frameworks//libicuuc.78.dylib"
Log:  copied: "/opt/homebrew/opt/icu4c@78/lib/libicudata.78.dylib"
Log:  to "/Users/bytedance/Downloads/国产资产作业/qt-video-workbench/.workbench/release-macos-arm64-1.7.0/QtVideoWorkbench.app/Contents/Frameworks//libicudata.78.dylib"
Log:  copied: "/opt/homebrew/opt/double-conversion/lib/libdouble-conversion.3.dylib"
Log:  to "/Users/bytedance/Downloads/国产资产作业/qt-video-workbench/.workbench/release-macos-arm64-1.7.0/QtVideoWorkbench.app/Contents/Frameworks//libdouble-conversion.3.dylib"
Log:  copied: "/opt/homebrew/opt/libb2/lib/libb2.1.dylib"
Log:  to "/Users/bytedance/Downloads/国产资产作业/qt-video-workbench/.workbench/release-macos-arm64-1.7.0/QtVideoWorkbench.app/Contents/Frameworks//libb2.1.dylib"
Log:  copied: "/opt/homebrew/opt/pcre2/lib/libpcre2-16.0.dylib"
Log:  to "/Users/bytedance/Downloads/国产资产作业/qt-video-workbench/.workbench/release-macos-arm64-1.7.0/QtVideoWorkbench.app/Contents/Frameworks//libpcre2-16.0.dylib"
Log:  copied: "/opt/homebrew/opt/zstd/lib/libzstd.1.dylib"
Log:  to "/Users/bytedance/Downloads/国产资产作业/qt-video-workbench/.workbench/release-macos-arm64-1.7.0/QtVideoWorkbench.app/Contents/Frameworks//libzstd.1.dylib"
Log:  copied: "/opt/homebrew/opt/gettext/lib/libintl.8.dylib"
Log:  to "/Users/bytedance/Downloads/国产资产作业/qt-video-workbench/.workbench/release-macos-arm64-1.7.0/QtVideoWorkbench.app/Contents/Frameworks//libintl.8.dylib"
Log:  copied: "/opt/homebrew/opt/pcre2/lib/libpcre2-8.0.dylib"
Log:  to "/Users/bytedance/Downloads/国产资产作业/qt-video-workbench/.workbench/release-macos-arm64-1.7.0/QtVideoWorkbench.app/Contents/Frameworks//libpcre2-8.0.dylib"
Log:  copied: "/opt/homebrew/opt/dbus/lib/libdbus-1.3.dylib"
Log:  to "/Users/bytedance/Downloads/国产资产作业/qt-video-workbench/.workbench/release-macos-arm64-1.7.0/QtVideoWorkbench.app/Contents/Frameworks//libdbus-1.3.dylib"
Log:  copied: "/opt/homebrew/opt/graphite2/lib/libgraphite2.3.dylib"
Log:  to "/Users/bytedance/Downloads/国产资产作业/qt-video-workbench/.workbench/release-macos-arm64-1.7.0/QtVideoWorkbench.app/Contents/Frameworks//libgraphite2.3.dylib"
Log:  copied: "/opt/homebrew/share/qt/plugins/imageformats/libqpdf.dylib"
Log:  to "/Users/bytedance/Downloads/国产资产作业/qt-video-workbench/.workbench/release-macos-arm64-1.7.0/QtVideoWorkbench.app/Contents/PlugIns/imageformats/libqpdf.dylib"
Log:
Log: Deploying Qt frameworks found inside: QList("/Users/bytedance/Downloads/国产资产作业/qt-video-workbench/.workbench/release-macos-arm64-1.7.0/QtVideoWorkbench.app/Contents/PlugIns/imageformats/libqpdf.dylib")
Log:  copied: "/opt/homebrew/opt/qtwebengine/lib/QtPdf.framework/Versions/A/QtPdf"
Log:  to "/Users/bytedance/Downloads/国产资产作业/qt-video-workbench/.workbench/release-macos-arm64-1.7.0/QtVideoWorkbench.app/Contents/Frameworks/QtPdf.framework/Versions/A/QtPdf"
Log: copy: "/opt/homebrew/opt/qtwebengine/lib/QtPdf.framework/Resources" "/Users/bytedance/Downloads/国产资产作业/qt-video-workbench/.workbench/release-macos-arm64-1.7.0/QtVideoWorkbench.app/Contents/Frameworks/QtPdf.framework/Versions/A/Resources"
Log:  copied: "/opt/homebrew/opt/qtwebengine/lib/QtPdf.framework/Resources/Info.plist"
Log:  to "/Users/bytedance/Downloads/国产资产作业/qt-video-workbench/.workbench/release-macos-arm64-1.7.0/QtVideoWorkbench.app/Contents/Frameworks/QtPdf.framework/Versions/A/Resources/Info.plist"
Log:  copied: "/opt/homebrew/opt/qtwebengine/lib/QtPdf.framework/Resources/PrivacyInfo.xcprivacy"
Log:  to "/Users/bytedance/Downloads/国产资产作业/qt-video-workbench/.workbench/release-macos-arm64-1.7.0/QtVideoWorkbench.app/Contents/Frameworks/QtPdf.framework/Versions/A/Resources/PrivacyInfo.xcprivacy"
Log:  symlink "/Users/bytedance/Downloads/国产资产作业/qt-video-workbench/.workbench/release-macos-arm64-1.7.0/QtVideoWorkbench.app/Contents/Frameworks/QtPdf.framework/QtPdf"
Log:  points to "Versions/Current/QtPdf"
Log:  symlink "/Users/bytedance/Downloads/国产资产作业/qt-video-workbench/.workbench/release-macos-arm64-1.7.0/QtVideoWorkbench.app/Contents/Frameworks/QtPdf.framework/Resources"
Log:  points to "Versions/Current/Resources"
Log:  symlink "/Users/bytedance/Downloads/国产资产作业/qt-video-workbench/.workbench/release-macos-arm64-1.7.0/QtVideoWorkbench.app/Contents/Frameworks/QtPdf.framework/Versions/Current"
Log:  points to "A"
Log:  copied: "/opt/homebrew/opt/qtbase/lib/QtGui.framework/Versions/A/QtGui"
Log:  to "/Users/bytedance/Downloads/国产资产作业/qt-video-workbench/.workbench/release-macos-arm64-1.7.0/QtVideoWorkbench.app/Contents/Frameworks/QtGui.framework/Versions/A/QtGui"
Log: copy: "/opt/homebrew/opt/qtbase/lib/QtGui.framework/Resources" "/Users/bytedance/Downloads/国产资产作业/qt-video-workbench/.workbench/release-macos-arm64-1.7.0/QtVideoWorkbench.app/Contents/Frameworks/QtGui.framework/Versions/A/Resources"
Log:  copied: "/opt/homebrew/opt/qtbase/lib/QtGui.framework/Resources/Info.plist"
Log:  to "/Users/bytedance/Downloads/国产资产作业/qt-video-workbench/.workbench/release-macos-arm64-1.7.0/QtVideoWorkbench.app/Contents/Frameworks/QtGui.framework/Versions/A/Resources/Info.plist"
Log:  copied: "/opt/homebrew/opt/qtbase/lib/QtGui.framework/Resources/PrivacyInfo.xcprivacy"
Log:  to "/Users/bytedance/Downloads/国产资产作业/qt-video-workbench/.workbench/release-macos-arm64-1.7.0/QtVideoWorkbench.app/Contents/Frameworks/QtGui.framework/Versions/A/Resources/PrivacyInfo.xcprivacy"
Log: Symlink exists, skipping: "/Users/bytedance/Downloads/国产资产作业/qt-video-workbench/.workbench/release-macos-arm64-1.7.0/QtVideoWorkbench.app/Contents/Frameworks/QtGui.framework/QtGui"
Log: Symlink exists, skipping: "/Users/bytedance/Downloads/国产资产作业/qt-video-workbench/.workbench/release-macos-arm64-1.7.0/QtVideoWorkbench.app/Contents/Frameworks/QtGui.framework/Resources"
Log: Symlink exists, skipping: "/Users/bytedance/Downloads/国产资产作业/qt-video-workbench/.workbench/release-macos-arm64-1.7.0/QtVideoWorkbench.app/Contents/Frameworks/QtGui.framework/Versions/Current"
Log:  copied: "/opt/homebrew/opt/qtbase/lib/QtCore.framework/Versions/A/QtCore"
Log:  to "/Users/bytedance/Downloads/国产资产作业/qt-video-workbench/.workbench/release-macos-arm64-1.7.0/QtVideoWorkbench.app/Contents/Frameworks/QtCore.framework/Versions/A/QtCore"
Log: copy: "/opt/homebrew/opt/qtbase/lib/QtCore.framework/Resources" "/Users/bytedance/Downloads/国产资产作业/qt-video-workbench/.workbench/release-macos-arm64-1.7.0/QtVideoWorkbench.app/Contents/Frameworks/QtCore.framework/Versions/A/Resources"
Log:  copied: "/opt/homebrew/opt/qtbase/lib/QtCore.framework/Resources/Info.plist"
Log:  to "/Users/bytedance/Downloads/国产资产作业/qt-video-workbench/.workbench/release-macos-arm64-1.7.0/QtVideoWorkbench.app/Contents/Frameworks/QtCore.framework/Versions/A/Resources/Info.plist"
Log:  copied: "/opt/homebrew/opt/qtbase/lib/QtCore.framework/Resources/PrivacyInfo.xcprivacy"
Log:  to "/Users/bytedance/Downloads/国产资产作业/qt-video-workbench/.workbench/release-macos-arm64-1.7.0/QtVideoWorkbench.app/Contents/Frameworks/QtCore.framework/Versions/A/Resources/PrivacyInfo.xcprivacy"
Log: Symlink exists, skipping: "/Users/bytedance/Downloads/国产资产作业/qt-video-workbench/.workbench/release-macos-arm64-1.7.0/QtVideoWorkbench.app/Contents/Frameworks/QtCore.framework/QtCore"
Log: Symlink exists, skipping: "/Users/bytedance/Downloads/国产资产作业/qt-video-workbench/.workbench/release-macos-arm64-1.7.0/QtVideoWorkbench.app/Contents/Frameworks/QtCore.framework/Resources"
Log: Symlink exists, skipping: "/Users/bytedance/Downloads/国产资产作业/qt-video-workbench/.workbench/release-macos-arm64-1.7.0/QtVideoWorkbench.app/Contents/Frameworks/QtCore.framework/Versions/Current"
Log:  copied: "/opt/homebrew/opt/libpng/lib/libpng16.16.dylib"
Log:  to "/Users/bytedance/Downloads/国产资产作业/qt-video-workbench/.workbench/release-macos-arm64-1.7.0/QtVideoWorkbench.app/Contents/Frameworks//libpng16.16.dylib"
Log:  copied: "/opt/homebrew/opt/qtbase/lib/QtNetwork.framework/Versions/A/QtNetwork"
Log:  to "/Users/bytedance/Downloads/国产资产作业/qt-video-workbench/.workbench/release-macos-arm64-1.7.0/QtVideoWorkbench.app/Contents/Frameworks/QtNetwork.framework/Versions/A/QtNetwork"
Log: copy: "/opt/homebrew/opt/qtbase/lib/QtNetwork.framework/Resources" "/Users/bytedance/Downloads/国产资产作业/qt-video-workbench/.workbench/release-macos-arm64-1.7.0/QtVideoWorkbench.app/Contents/Frameworks/QtNetwork.framework/Versions/A/Resources"
Log:  copied: "/opt/homebrew/opt/qtbase/lib/QtNetwork.framework/Resources/Info.plist"
Log:  to "/Users/bytedance/Downloads/国产资产作业/qt-video-workbench/.workbench/release-macos-arm64-1.7.0/QtVideoWorkbench.app/Contents/Frameworks/QtNetwork.framework/Versions/A/Resources/Info.plist"
Log:  copied: "/opt/homebrew/opt/qtbase/lib/QtNetwork.framework/Resources/PrivacyInfo.xcprivacy"
Log:  to "/Users/bytedance/Downloads/国产资产作业/qt-video-workbench/.workbench/release-macos-arm64-1.7.0/QtVideoWorkbench.app/Contents/Frameworks/QtNetwork.framework/Versions/A/Resources/PrivacyInfo.xcprivacy"
Log: Symlink exists, skipping: "/Users/bytedance/Downloads/国产资产作业/qt-video-workbench/.workbench/release-macos-arm64-1.7.0/QtVideoWorkbench.app/Contents/Frameworks/QtNetwork.framework/QtNetwork"
Log: Symlink exists, skipping: "/Users/bytedance/Downloads/国产资产作业/qt-video-workbench/.workbench/release-macos-arm64-1.7.0/QtVideoWorkbench.app/Contents/Frameworks/QtNetwork.framework/Resources"
Log: Symlink exists, skipping: "/Users/bytedance/Downloads/国产资产作业/qt-video-workbench/.workbench/release-macos-arm64-1.7.0/QtVideoWorkbench.app/Contents/Frameworks/QtNetwork.framework/Versions/Current"
Log:  copied: "/opt/homebrew/opt/glib/lib/libglib-2.0.0.dylib"
Log:  to "/Users/bytedance/Downloads/国产资产作业/qt-video-workbench/.workbench/release-macos-arm64-1.7.0/QtVideoWorkbench.app/Contents/Frameworks//libglib-2.0.0.dylib"
Log:  copied: "/opt/homebrew/opt/qtbase/lib/QtDBus.framework/Versions/A/QtDBus"
Log:  to "/Users/bytedance/Downloads/国产资产作业/qt-video-workbench/.workbench/release-macos-arm64-1.7.0/QtVideoWorkbench.app/Contents/Frameworks/QtDBus.framework/Versions/A/QtDBus"
Log: copy: "/opt/homebrew/opt/qtbase/lib/QtDBus.framework/Resources" "/Users/bytedance/Downloads/国产资产作业/qt-video-workbench/.workbench/release-macos-arm64-1.7.0/QtVideoWorkbench.app/Contents/Frameworks/QtDBus.framework/Versions/A/Resources"
Log:  copied: "/opt/homebrew/opt/qtbase/lib/QtDBus.framework/Resources/Info.plist"
Log:  to "/Users/bytedance/Downloads/国产资产作业/qt-video-workbench/.workbench/release-macos-arm64-1.7.0/QtVideoWorkbench.app/Contents/Frameworks/QtDBus.framework/Versions/A/Resources/Info.plist"
Log:  copied: "/opt/homebrew/opt/qtbase/lib/QtDBus.framework/Resources/PrivacyInfo.xcprivacy"
Log:  to "/Users/bytedance/Downloads/国产资产作业/qt-video-workbench/.workbench/release-macos-arm64-1.7.0/QtVideoWorkbench.app/Contents/Frameworks/QtDBus.framework/Versions/A/Resources/PrivacyInfo.xcprivacy"
Log: Symlink exists, skipping: "/Users/bytedance/Downloads/国产资产作业/qt-video-workbench/.workbench/release-macos-arm64-1.7.0/QtVideoWorkbench.app/Contents/Frameworks/QtDBus.framework/QtDBus"
Log: Symlink exists, skipping: "/Users/bytedance/Downloads/国产资产作业/qt-video-workbench/.workbench/release-macos-arm64-1.7.0/QtVideoWorkbench.app/Contents/Frameworks/QtDBus.framework/Resources"
Log: Symlink exists, skipping: "/Users/bytedance/Downloads/国产资产作业/qt-video-workbench/.workbench/release-macos-arm64-1.7.0/QtVideoWorkbench.app/Contents/Frameworks/QtDBus.framework/Versions/Current"
Log:  copied: "/opt/homebrew/opt/harfbuzz/lib/libharfbuzz.0.dylib"
Log:  to "/Users/bytedance/Downloads/国产资产作业/qt-video-workbench/.workbench/release-macos-arm64-1.7.0/QtVideoWorkbench.app/Contents/Frameworks//libharfbuzz.0.dylib"
Log:  copied: "/opt/homebrew/opt/md4c/lib/libmd4c.0.dylib"
Log:  to "/Users/bytedance/Downloads/国产资产作业/qt-video-workbench/.workbench/release-macos-arm64-1.7.0/QtVideoWorkbench.app/Contents/Frameworks//libmd4c.0.dylib"
Log:  copied: "/opt/homebrew/opt/freetype/lib/libfreetype.6.dylib"
Log:  to "/Users/bytedance/Downloads/国产资产作业/qt-video-workbench/.workbench/release-macos-arm64-1.7.0/QtVideoWorkbench.app/Contents/Frameworks//libfreetype.6.dylib"
Log:  copied: "/opt/homebrew/opt/glib/lib/libgthread-2.0.0.dylib"
Log:  to "/Users/bytedance/Downloads/国产资产作业/qt-video-workbench/.workbench/release-macos-arm64-1.7.0/QtVideoWorkbench.app/Contents/Frameworks//libgthread-2.0.0.dylib"
Log:  copied: "/opt/homebrew/opt/icu4c@78/lib/libicui18n.78.dylib"
Log:  to "/Users/bytedance/Downloads/国产资产作业/qt-video-workbench/.workbench/release-macos-arm64-1.7.0/QtVideoWorkbench.app/Contents/Frameworks//libicui18n.78.dylib"
Log:  copied: "/opt/homebrew/opt/icu4c@78/lib/libicuuc.78.dylib"
Log:  to "/Users/bytedance/Downloads/国产资产作业/qt-video-workbench/.workbench/release-macos-arm64-1.7.0/QtVideoWorkbench.app/Contents/Frameworks//libicuuc.78.dylib"
Log:  copied: "/opt/homebrew/opt/icu4c@78/lib/libicudata.78.dylib"
Log:  to "/Users/bytedance/Downloads/国产资产作业/qt-video-workbench/.workbench/release-macos-arm64-1.7.0/QtVideoWorkbench.app/Contents/Frameworks//libicudata.78.dylib"
Log:  copied: "/opt/homebrew/opt/double-conversion/lib/libdouble-conversion.3.dylib"
Log:  to "/Users/bytedance/Downloads/国产资产作业/qt-video-workbench/.workbench/release-macos-arm64-1.7.0/QtVideoWorkbench.app/Contents/Frameworks//libdouble-conversion.3.dylib"
Log:  copied: "/opt/homebrew/opt/libb2/lib/libb2.1.dylib"
Log:  to "/Users/bytedance/Downloads/国产资产作业/qt-video-workbench/.workbench/release-macos-arm64-1.7.0/QtVideoWorkbench.app/Contents/Frameworks//libb2.1.dylib"
Log:  copied: "/opt/homebrew/opt/pcre2/lib/libpcre2-16.0.dylib"
Log:  to "/Users/bytedance/Downloads/国产资产作业/qt-video-workbench/.workbench/release-macos-arm64-1.7.0/QtVideoWorkbench.app/Contents/Frameworks//libpcre2-16.0.dylib"
Log:  copied: "/opt/homebrew/opt/zstd/lib/libzstd.1.dylib"
Log:  to "/Users/bytedance/Downloads/国产资产作业/qt-video-workbench/.workbench/release-macos-arm64-1.7.0/QtVideoWorkbench.app/Contents/Frameworks//libzstd.1.dylib"
Log:  copied: "/opt/homebrew/opt/brotli/lib/libbrotlidec.1.dylib"
Log:  to "/Users/bytedance/Downloads/国产资产作业/qt-video-workbench/.workbench/release-macos-arm64-1.7.0/QtVideoWorkbench.app/Contents/Frameworks//libbrotlidec.1.dylib"
Log:  copied: "/opt/homebrew/opt/openssl@3/lib/libssl.3.dylib"
Log:  to "/Users/bytedance/Downloads/国产资产作业/qt-video-workbench/.workbench/release-macos-arm64-1.7.0/QtVideoWorkbench.app/Contents/Frameworks//libssl.3.dylib"
Log:  copied: "/opt/homebrew/opt/openssl@3/lib/libcrypto.3.dylib"
Log:  to "/Users/bytedance/Downloads/国产资产作业/qt-video-workbench/.workbench/release-macos-arm64-1.7.0/QtVideoWorkbench.app/Contents/Frameworks//libcrypto.3.dylib"
Log:  copied: "/opt/homebrew/opt/gettext/lib/libintl.8.dylib"
Log:  to "/Users/bytedance/Downloads/国产资产作业/qt-video-workbench/.workbench/release-macos-arm64-1.7.0/QtVideoWorkbench.app/Contents/Frameworks//libintl.8.dylib"
Log:  copied: "/opt/homebrew/opt/pcre2/lib/libpcre2-8.0.dylib"
Log:  to "/Users/bytedance/Downloads/国产资产作业/qt-video-workbench/.workbench/release-macos-arm64-1.7.0/QtVideoWorkbench.app/Contents/Frameworks//libpcre2-8.0.dylib"
Log:  copied: "/opt/homebrew/opt/dbus/lib/libdbus-1.3.dylib"
Log:  to "/Users/bytedance/Downloads/国产资产作业/qt-video-workbench/.workbench/release-macos-arm64-1.7.0/QtVideoWorkbench.app/Contents/Frameworks//libdbus-1.3.dylib"
Log:  copied: "/opt/homebrew/opt/graphite2/lib/libgraphite2.3.dylib"
Log:  to "/Users/bytedance/Downloads/国产资产作业/qt-video-workbench/.workbench/release-macos-arm64-1.7.0/QtVideoWorkbench.app/Contents/Frameworks//libgraphite2.3.dylib"
Log:  copied: "/opt/homebrew/opt/brotli/lib/libbrotlicommon.1.dylib"
Log:  to "/Users/bytedance/Downloads/国产资产作业/qt-video-workbench/.workbench/release-macos-arm64-1.7.0/QtVideoWorkbench.app/Contents/Frameworks//libbrotlicommon.1.dylib"
Log:  copied: "/opt/homebrew/Cellar/openssl@3/3.6.4/lib/libcrypto.3.dylib"
Log:  to "/Users/bytedance/Downloads/国产资产作业/qt-video-workbench/.workbench/release-macos-arm64-1.7.0/QtVideoWorkbench.app/Contents/Frameworks//libcrypto.3.dylib"
Log:  copied: "/opt/homebrew/share/qt/plugins/imageformats/libqtga.dylib"
Log:  to "/Users/bytedance/Downloads/国产资产作业/qt-video-workbench/.workbench/release-macos-arm64-1.7.0/QtVideoWorkbench.app/Contents/PlugIns/imageformats/libqtga.dylib"
Log:
Log: Deploying Qt frameworks found inside: QList("/Users/bytedance/Downloads/国产资产作业/qt-video-workbench/.workbench/release-macos-arm64-1.7.0/QtVideoWorkbench.app/Contents/PlugIns/imageformats/libqtga.dylib")
Log:  copied: "/opt/homebrew/opt/qtbase/lib/QtGui.framework/Versions/A/QtGui"
Log:  to "/Users/bytedance/Downloads/国产资产作业/qt-video-workbench/.workbench/release-macos-arm64-1.7.0/QtVideoWorkbench.app/Contents/Frameworks/QtGui.framework/Versions/A/QtGui"
Log: copy: "/opt/homebrew/opt/qtbase/lib/QtGui.framework/Resources" "/Users/bytedance/Downloads/国产资产作业/qt-video-workbench/.workbench/release-macos-arm64-1.7.0/QtVideoWorkbench.app/Contents/Frameworks/QtGui.framework/Versions/A/Resources"
Log:  copied: "/opt/homebrew/opt/qtbase/lib/QtGui.framework/Resources/Info.plist"
Log:  to "/Users/bytedance/Downloads/国产资产作业/qt-video-workbench/.workbench/release-macos-arm64-1.7.0/QtVideoWorkbench.app/Contents/Frameworks/QtGui.framework/Versions/A/Resources/Info.plist"
Log:  copied: "/opt/homebrew/opt/qtbase/lib/QtGui.framework/Resources/PrivacyInfo.xcprivacy"
Log:  to "/Users/bytedance/Downloads/国产资产作业/qt-video-workbench/.workbench/release-macos-arm64-1.7.0/QtVideoWorkbench.app/Contents/Frameworks/QtGui.framework/Versions/A/Resources/PrivacyInfo.xcprivacy"
Log: Symlink exists, skipping: "/Users/bytedance/Downloads/国产资产作业/qt-video-workbench/.workbench/release-macos-arm64-1.7.0/QtVideoWorkbench.app/Contents/Frameworks/QtGui.framework/QtGui"
Log: Symlink exists, skipping: "/Users/bytedance/Downloads/国产资产作业/qt-video-workbench/.workbench/release-macos-arm64-1.7.0/QtVideoWorkbench.app/Contents/Frameworks/QtGui.framework/Resources"
Log: Symlink exists, skipping: "/Users/bytedance/Downloads/国产资产作业/qt-video-workbench/.workbench/release-macos-arm64-1.7.0/QtVideoWorkbench.app/Contents/Frameworks/QtGui.framework/Versions/Current"
Log:  copied: "/opt/homebrew/opt/qtbase/lib/QtCore.framework/Versions/A/QtCore"
Log:  to "/Users/bytedance/Downloads/国产资产作业/qt-video-workbench/.workbench/release-macos-arm64-1.7.0/QtVideoWorkbench.app/Contents/Frameworks/QtCore.framework/Versions/A/QtCore"
Log: copy: "/opt/homebrew/opt/qtbase/lib/QtCore.framework/Resources" "/Users/bytedance/Downloads/国产资产作业/qt-video-workbench/.workbench/release-macos-arm64-1.7.0/QtVideoWorkbench.app/Contents/Frameworks/QtCore.framework/Versions/A/Resources"
Log:  copied: "/opt/homebrew/opt/qtbase/lib/QtCore.framework/Resources/Info.plist"
Log:  to "/Users/bytedance/Downloads/国产资产作业/qt-video-workbench/.workbench/release-macos-arm64-1.7.0/QtVideoWorkbench.app/Contents/Frameworks/QtCore.framework/Versions/A/Resources/Info.plist"
Log:  copied: "/opt/homebrew/opt/qtbase/lib/QtCore.framework/Resources/PrivacyInfo.xcprivacy"
Log:  to "/Users/bytedance/Downloads/国产资产作业/qt-video-workbench/.workbench/release-macos-arm64-1.7.0/QtVideoWorkbench.app/Contents/Frameworks/QtCore.framework/Versions/A/Resources/PrivacyInfo.xcprivacy"
Log: Symlink exists, skipping: "/Users/bytedance/Downloads/国产资产作业/qt-video-workbench/.workbench/release-macos-arm64-1.7.0/QtVideoWorkbench.app/Contents/Frameworks/QtCore.framework/QtCore"
Log: Symlink exists, skipping: "/Users/bytedance/Downloads/国产资产作业/qt-video-workbench/.workbench/release-macos-arm64-1.7.0/QtVideoWorkbench.app/Contents/Frameworks/QtCore.framework/Resources"
Log: Symlink exists, skipping: "/Users/bytedance/Downloads/国产资产作业/qt-video-workbench/.workbench/release-macos-arm64-1.7.0/QtVideoWorkbench.app/Contents/Frameworks/QtCore.framework/Versions/Current"
Log:  copied: "/opt/homebrew/opt/glib/lib/libglib-2.0.0.dylib"
Log:  to "/Users/bytedance/Downloads/国产资产作业/qt-video-workbench/.workbench/release-macos-arm64-1.7.0/QtVideoWorkbench.app/Contents/Frameworks//libglib-2.0.0.dylib"
Log:  copied: "/opt/homebrew/opt/qtbase/lib/QtDBus.framework/Versions/A/QtDBus"
Log:  to "/Users/bytedance/Downloads/国产资产作业/qt-video-workbench/.workbench/release-macos-arm64-1.7.0/QtVideoWorkbench.app/Contents/Frameworks/QtDBus.framework/Versions/A/QtDBus"
Log: copy: "/opt/homebrew/opt/qtbase/lib/QtDBus.framework/Resources" "/Users/bytedance/Downloads/国产资产作业/qt-video-workbench/.workbench/release-macos-arm64-1.7.0/QtVideoWorkbench.app/Contents/Frameworks/QtDBus.framework/Versions/A/Resources"
Log:  copied: "/opt/homebrew/opt/qtbase/lib/QtDBus.framework/Resources/Info.plist"
Log:  to "/Users/bytedance/Downloads/国产资产作业/qt-video-workbench/.workbench/release-macos-arm64-1.7.0/QtVideoWorkbench.app/Contents/Frameworks/QtDBus.framework/Versions/A/Resources/Info.plist"
Log:  copied: "/opt/homebrew/opt/qtbase/lib/QtDBus.framework/Resources/PrivacyInfo.xcprivacy"
Log:  to "/Users/bytedance/Downloads/国产资产作业/qt-video-workbench/.workbench/release-macos-arm64-1.7.0/QtVideoWorkbench.app/Contents/Frameworks/QtDBus.framework/Versions/A/Resources/PrivacyInfo.xcprivacy"
Log: Symlink exists, skipping: "/Users/bytedance/Downloads/国产资产作业/qt-video-workbench/.workbench/release-macos-arm64-1.7.0/QtVideoWorkbench.app/Contents/Frameworks/QtDBus.framework/QtDBus"
Log: Symlink exists, skipping: "/Users/bytedance/Downloads/国产资产作业/qt-video-workbench/.workbench/release-macos-arm64-1.7.0/QtVideoWorkbench.app/Contents/Frameworks/QtDBus.framework/Resources"
Log: Symlink exists, skipping: "/Users/bytedance/Downloads/国产资产作业/qt-video-workbench/.workbench/release-macos-arm64-1.7.0/QtVideoWorkbench.app/Contents/Frameworks/QtDBus.framework/Versions/Current"
Log:  copied: "/opt/homebrew/opt/libpng/lib/libpng16.16.dylib"
Log:  to "/Users/bytedance/Downloads/国产资产作业/qt-video-workbench/.workbench/release-macos-arm64-1.7.0/QtVideoWorkbench.app/Contents/Frameworks//libpng16.16.dylib"
Log:  copied: "/opt/homebrew/opt/harfbuzz/lib/libharfbuzz.0.dylib"
Log:  to "/Users/bytedance/Downloads/国产资产作业/qt-video-workbench/.workbench/release-macos-arm64-1.7.0/QtVideoWorkbench.app/Contents/Frameworks//libharfbuzz.0.dylib"
Log:  copied: "/opt/homebrew/opt/md4c/lib/libmd4c.0.dylib"
Log:  to "/Users/bytedance/Downloads/国产资产作业/qt-video-workbench/.workbench/release-macos-arm64-1.7.0/QtVideoWorkbench.app/Contents/Frameworks//libmd4c.0.dylib"
Log:  copied: "/opt/homebrew/opt/freetype/lib/libfreetype.6.dylib"
Log:  to "/Users/bytedance/Downloads/国产资产作业/qt-video-workbench/.workbench/release-macos-arm64-1.7.0/QtVideoWorkbench.app/Contents/Frameworks//libfreetype.6.dylib"
Log:  copied: "/opt/homebrew/opt/glib/lib/libgthread-2.0.0.dylib"
Log:  to "/Users/bytedance/Downloads/国产资产作业/qt-video-workbench/.workbench/release-macos-arm64-1.7.0/QtVideoWorkbench.app/Contents/Frameworks//libgthread-2.0.0.dylib"
Log:  copied: "/opt/homebrew/opt/icu4c@78/lib/libicui18n.78.dylib"
Log:  to "/Users/bytedance/Downloads/国产资产作业/qt-video-workbench/.workbench/release-macos-arm64-1.7.0/QtVideoWorkbench.app/Contents/Frameworks//libicui18n.78.dylib"
Log:  copied: "/opt/homebrew/opt/icu4c@78/lib/libicuuc.78.dylib"
Log:  to "/Users/bytedance/Downloads/国产资产作业/qt-video-workbench/.workbench/release-macos-arm64-1.7.0/QtVideoWorkbench.app/Contents/Frameworks//libicuuc.78.dylib"
Log:  copied: "/opt/homebrew/opt/icu4c@78/lib/libicudata.78.dylib"
Log:  to "/Users/bytedance/Downloads/国产资产作业/qt-video-workbench/.workbench/release-macos-arm64-1.7.0/QtVideoWorkbench.app/Contents/Frameworks//libicudata.78.dylib"
Log:  copied: "/opt/homebrew/opt/double-conversion/lib/libdouble-conversion.3.dylib"
Log:  to "/Users/bytedance/Downloads/国产资产作业/qt-video-workbench/.workbench/release-macos-arm64-1.7.0/QtVideoWorkbench.app/Contents/Frameworks//libdouble-conversion.3.dylib"
Log:  copied: "/opt/homebrew/opt/libb2/lib/libb2.1.dylib"
Log:  to "/Users/bytedance/Downloads/国产资产作业/qt-video-workbench/.workbench/release-macos-arm64-1.7.0/QtVideoWorkbench.app/Contents/Frameworks//libb2.1.dylib"
Log:  copied: "/opt/homebrew/opt/pcre2/lib/libpcre2-16.0.dylib"
Log:  to "/Users/bytedance/Downloads/国产资产作业/qt-video-workbench/.workbench/release-macos-arm64-1.7.0/QtVideoWorkbench.app/Contents/Frameworks//libpcre2-16.0.dylib"
Log:  copied: "/opt/homebrew/opt/zstd/lib/libzstd.1.dylib"
Log:  to "/Users/bytedance/Downloads/国产资产作业/qt-video-workbench/.workbench/release-macos-arm64-1.7.0/QtVideoWorkbench.app/Contents/Frameworks//libzstd.1.dylib"
Log:  copied: "/opt/homebrew/opt/gettext/lib/libintl.8.dylib"
Log:  to "/Users/bytedance/Downloads/国产资产作业/qt-video-workbench/.workbench/release-macos-arm64-1.7.0/QtVideoWorkbench.app/Contents/Frameworks//libintl.8.dylib"
Log:  copied: "/opt/homebrew/opt/pcre2/lib/libpcre2-8.0.dylib"
Log:  to "/Users/bytedance/Downloads/国产资产作业/qt-video-workbench/.workbench/release-macos-arm64-1.7.0/QtVideoWorkbench.app/Contents/Frameworks//libpcre2-8.0.dylib"
Log:  copied: "/opt/homebrew/opt/dbus/lib/libdbus-1.3.dylib"
Log:  to "/Users/bytedance/Downloads/国产资产作业/qt-video-workbench/.workbench/release-macos-arm64-1.7.0/QtVideoWorkbench.app/Contents/Frameworks//libdbus-1.3.dylib"
Log:  copied: "/opt/homebrew/opt/graphite2/lib/libgraphite2.3.dylib"
Log:  to "/Users/bytedance/Downloads/国产资产作业/qt-video-workbench/.workbench/release-macos-arm64-1.7.0/QtVideoWorkbench.app/Contents/Frameworks//libgraphite2.3.dylib"
Log:  copied: "/opt/homebrew/share/qt/plugins/imageformats/libqtiff.dylib"
Log:  to "/Users/bytedance/Downloads/国产资产作业/qt-video-workbench/.workbench/release-macos-arm64-1.7.0/QtVideoWorkbench.app/Contents/PlugIns/imageformats/libqtiff.dylib"
Log:
Log: Deploying Qt frameworks found inside: QList("/Users/bytedance/Downloads/国产资产作业/qt-video-workbench/.workbench/release-macos-arm64-1.7.0/QtVideoWorkbench.app/Contents/PlugIns/imageformats/libqtiff.dylib")
Log:  copied: "/opt/homebrew/opt/qtbase/lib/QtGui.framework/Versions/A/QtGui"
Log:  to "/Users/bytedance/Downloads/国产资产作业/qt-video-workbench/.workbench/release-macos-arm64-1.7.0/QtVideoWorkbench.app/Contents/Frameworks/QtGui.framework/Versions/A/QtGui"
Log: copy: "/opt/homebrew/opt/qtbase/lib/QtGui.framework/Resources" "/Users/bytedance/Downloads/国产资产作业/qt-video-workbench/.workbench/release-macos-arm64-1.7.0/QtVideoWorkbench.app/Contents/Frameworks/QtGui.framework/Versions/A/Resources"
Log:  copied: "/opt/homebrew/opt/qtbase/lib/QtGui.framework/Resources/Info.plist"
Log:  to "/Users/bytedance/Downloads/国产资产作业/qt-video-workbench/.workbench/release-macos-arm64-1.7.0/QtVideoWorkbench.app/Contents/Frameworks/QtGui.framework/Versions/A/Resources/Info.plist"
Log:  copied: "/opt/homebrew/opt/qtbase/lib/QtGui.framework/Resources/PrivacyInfo.xcprivacy"
Log:  to "/Users/bytedance/Downloads/国产资产作业/qt-video-workbench/.workbench/release-macos-arm64-1.7.0/QtVideoWorkbench.app/Contents/Frameworks/QtGui.framework/Versions/A/Resources/PrivacyInfo.xcprivacy"
Log: Symlink exists, skipping: "/Users/bytedance/Downloads/国产资产作业/qt-video-workbench/.workbench/release-macos-arm64-1.7.0/QtVideoWorkbench.app/Contents/Frameworks/QtGui.framework/QtGui"
Log: Symlink exists, skipping: "/Users/bytedance/Downloads/国产资产作业/qt-video-workbench/.workbench/release-macos-arm64-1.7.0/QtVideoWorkbench.app/Contents/Frameworks/QtGui.framework/Resources"
Log: Symlink exists, skipping: "/Users/bytedance/Downloads/国产资产作业/qt-video-workbench/.workbench/release-macos-arm64-1.7.0/QtVideoWorkbench.app/Contents/Frameworks/QtGui.framework/Versions/Current"
Log:  copied: "/opt/homebrew/opt/libtiff/lib/libtiff.6.dylib"
Log:  to "/Users/bytedance/Downloads/国产资产作业/qt-video-workbench/.workbench/release-macos-arm64-1.7.0/QtVideoWorkbench.app/Contents/Frameworks//libtiff.6.dylib"
Log:  copied: "/opt/homebrew/opt/qtbase/lib/QtCore.framework/Versions/A/QtCore"
Log:  to "/Users/bytedance/Downloads/国产资产作业/qt-video-workbench/.workbench/release-macos-arm64-1.7.0/QtVideoWorkbench.app/Contents/Frameworks/QtCore.framework/Versions/A/QtCore"
Log: copy: "/opt/homebrew/opt/qtbase/lib/QtCore.framework/Resources" "/Users/bytedance/Downloads/国产资产作业/qt-video-workbench/.workbench/release-macos-arm64-1.7.0/QtVideoWorkbench.app/Contents/Frameworks/QtCore.framework/Versions/A/Resources"
Log:  copied: "/opt/homebrew/opt/qtbase/lib/QtCore.framework/Resources/Info.plist"
Log:  to "/Users/bytedance/Downloads/国产资产作业/qt-video-workbench/.workbench/release-macos-arm64-1.7.0/QtVideoWorkbench.app/Contents/Frameworks/QtCore.framework/Versions/A/Resources/Info.plist"
Log:  copied: "/opt/homebrew/opt/qtbase/lib/QtCore.framework/Resources/PrivacyInfo.xcprivacy"
Log:  to "/Users/bytedance/Downloads/国产资产作业/qt-video-workbench/.workbench/release-macos-arm64-1.7.0/QtVideoWorkbench.app/Contents/Frameworks/QtCore.framework/Versions/A/Resources/PrivacyInfo.xcprivacy"
Log: Symlink exists, skipping: "/Users/bytedance/Downloads/国产资产作业/qt-video-workbench/.workbench/release-macos-arm64-1.7.0/QtVideoWorkbench.app/Contents/Frameworks/QtCore.framework/QtCore"
Log: Symlink exists, skipping: "/Users/bytedance/Downloads/国产资产作业/qt-video-workbench/.workbench/release-macos-arm64-1.7.0/QtVideoWorkbench.app/Contents/Frameworks/QtCore.framework/Resources"
Log: Symlink exists, skipping: "/Users/bytedance/Downloads/国产资产作业/qt-video-workbench/.workbench/release-macos-arm64-1.7.0/QtVideoWorkbench.app/Contents/Frameworks/QtCore.framework/Versions/Current"
Log:  copied: "/opt/homebrew/opt/glib/lib/libglib-2.0.0.dylib"
Log:  to "/Users/bytedance/Downloads/国产资产作业/qt-video-workbench/.workbench/release-macos-arm64-1.7.0/QtVideoWorkbench.app/Contents/Frameworks//libglib-2.0.0.dylib"
Log:  copied: "/opt/homebrew/opt/qtbase/lib/QtDBus.framework/Versions/A/QtDBus"
Log:  to "/Users/bytedance/Downloads/国产资产作业/qt-video-workbench/.workbench/release-macos-arm64-1.7.0/QtVideoWorkbench.app/Contents/Frameworks/QtDBus.framework/Versions/A/QtDBus"
Log: copy: "/opt/homebrew/opt/qtbase/lib/QtDBus.framework/Resources" "/Users/bytedance/Downloads/国产资产作业/qt-video-workbench/.workbench/release-macos-arm64-1.7.0/QtVideoWorkbench.app/Contents/Frameworks/QtDBus.framework/Versions/A/Resources"
Log:  copied: "/opt/homebrew/opt/qtbase/lib/QtDBus.framework/Resources/Info.plist"
Log:  to "/Users/bytedance/Downloads/国产资产作业/qt-video-workbench/.workbench/release-macos-arm64-1.7.0/QtVideoWorkbench.app/Contents/Frameworks/QtDBus.framework/Versions/A/Resources/Info.plist"
Log:  copied: "/opt/homebrew/opt/qtbase/lib/QtDBus.framework/Resources/PrivacyInfo.xcprivacy"
Log:  to "/Users/bytedance/Downloads/国产资产作业/qt-video-workbench/.workbench/release-macos-arm64-1.7.0/QtVideoWorkbench.app/Contents/Frameworks/QtDBus.framework/Versions/A/Resources/PrivacyInfo.xcprivacy"
Log: Symlink exists, skipping: "/Users/bytedance/Downloads/国产资产作业/qt-video-workbench/.workbench/release-macos-arm64-1.7.0/QtVideoWorkbench.app/Contents/Frameworks/QtDBus.framework/QtDBus"
Log: Symlink exists, skipping: "/Users/bytedance/Downloads/国产资产作业/qt-video-workbench/.workbench/release-macos-arm64-1.7.0/QtVideoWorkbench.app/Contents/Frameworks/QtDBus.framework/Resources"
Log: Symlink exists, skipping: "/Users/bytedance/Downloads/国产资产作业/qt-video-workbench/.workbench/release-macos-arm64-1.7.0/QtVideoWorkbench.app/Contents/Frameworks/QtDBus.framework/Versions/Current"
Log:  copied: "/opt/homebrew/opt/libpng/lib/libpng16.16.dylib"
Log:  to "/Users/bytedance/Downloads/国产资产作业/qt-video-workbench/.workbench/release-macos-arm64-1.7.0/QtVideoWorkbench.app/Contents/Frameworks//libpng16.16.dylib"
Log:  copied: "/opt/homebrew/opt/harfbuzz/lib/libharfbuzz.0.dylib"
Log:  to "/Users/bytedance/Downloads/国产资产作业/qt-video-workbench/.workbench/release-macos-arm64-1.7.0/QtVideoWorkbench.app/Contents/Frameworks//libharfbuzz.0.dylib"
Log:  copied: "/opt/homebrew/opt/md4c/lib/libmd4c.0.dylib"
Log:  to "/Users/bytedance/Downloads/国产资产作业/qt-video-workbench/.workbench/release-macos-arm64-1.7.0/QtVideoWorkbench.app/Contents/Frameworks//libmd4c.0.dylib"
Log:  copied: "/opt/homebrew/opt/freetype/lib/libfreetype.6.dylib"
Log:  to "/Users/bytedance/Downloads/国产资产作业/qt-video-workbench/.workbench/release-macos-arm64-1.7.0/QtVideoWorkbench.app/Contents/Frameworks//libfreetype.6.dylib"
Log:  copied: "/opt/homebrew/opt/glib/lib/libgthread-2.0.0.dylib"
Log:  to "/Users/bytedance/Downloads/国产资产作业/qt-video-workbench/.workbench/release-macos-arm64-1.7.0/QtVideoWorkbench.app/Contents/Frameworks//libgthread-2.0.0.dylib"
Log:  copied: "/opt/homebrew/opt/webp/lib/libwebp.7.dylib"
Log:  to "/Users/bytedance/Downloads/国产资产作业/qt-video-workbench/.workbench/release-macos-arm64-1.7.0/QtVideoWorkbench.app/Contents/Frameworks//libwebp.7.dylib"
Log:  copied: "/opt/homebrew/opt/zstd/lib/libzstd.1.dylib"
Log:  to "/Users/bytedance/Downloads/国产资产作业/qt-video-workbench/.workbench/release-macos-arm64-1.7.0/QtVideoWorkbench.app/Contents/Frameworks//libzstd.1.dylib"
Log:  copied: "/opt/homebrew/opt/xz/lib/liblzma.5.dylib"
Log:  to "/Users/bytedance/Downloads/国产资产作业/qt-video-workbench/.workbench/release-macos-arm64-1.7.0/QtVideoWorkbench.app/Contents/Frameworks//liblzma.5.dylib"
Log:  copied: "/opt/homebrew/opt/jpeg-turbo/lib/libjpeg.8.dylib"
Log:  to "/Users/bytedance/Downloads/国产资产作业/qt-video-workbench/.workbench/release-macos-arm64-1.7.0/QtVideoWorkbench.app/Contents/Frameworks//libjpeg.8.dylib"
Log:  copied: "/opt/homebrew/opt/icu4c@78/lib/libicui18n.78.dylib"
Log:  to "/Users/bytedance/Downloads/国产资产作业/qt-video-workbench/.workbench/release-macos-arm64-1.7.0/QtVideoWorkbench.app/Contents/Frameworks//libicui18n.78.dylib"
Log:  copied: "/opt/homebrew/opt/icu4c@78/lib/libicuuc.78.dylib"
Log:  to "/Users/bytedance/Downloads/国产资产作业/qt-video-workbench/.workbench/release-macos-arm64-1.7.0/QtVideoWorkbench.app/Contents/Frameworks//libicuuc.78.dylib"
Log:  copied: "/opt/homebrew/opt/icu4c@78/lib/libicudata.78.dylib"
Log:  to "/Users/bytedance/Downloads/国产资产作业/qt-video-workbench/.workbench/release-macos-arm64-1.7.0/QtVideoWorkbench.app/Contents/Frameworks//libicudata.78.dylib"
Log:  copied: "/opt/homebrew/opt/double-conversion/lib/libdouble-conversion.3.dylib"
Log:  to "/Users/bytedance/Downloads/国产资产作业/qt-video-workbench/.workbench/release-macos-arm64-1.7.0/QtVideoWorkbench.app/Contents/Frameworks//libdouble-conversion.3.dylib"
Log:  copied: "/opt/homebrew/opt/libb2/lib/libb2.1.dylib"
Log:  to "/Users/bytedance/Downloads/国产资产作业/qt-video-workbench/.workbench/release-macos-arm64-1.7.0/QtVideoWorkbench.app/Contents/Frameworks//libb2.1.dylib"
Log:  copied: "/opt/homebrew/opt/pcre2/lib/libpcre2-16.0.dylib"
Log:  to "/Users/bytedance/Downloads/国产资产作业/qt-video-workbench/.workbench/release-macos-arm64-1.7.0/QtVideoWorkbench.app/Contents/Frameworks//libpcre2-16.0.dylib"
Log:  copied: "/opt/homebrew/opt/gettext/lib/libintl.8.dylib"
Log:  to "/Users/bytedance/Downloads/国产资产作业/qt-video-workbench/.workbench/release-macos-arm64-1.7.0/QtVideoWorkbench.app/Contents/Frameworks//libintl.8.dylib"
Log:  copied: "/opt/homebrew/opt/pcre2/lib/libpcre2-8.0.dylib"
Log:  to "/Users/bytedance/Downloads/国产资产作业/qt-video-workbench/.workbench/release-macos-arm64-1.7.0/QtVideoWorkbench.app/Contents/Frameworks//libpcre2-8.0.dylib"
Log:  copied: "/opt/homebrew/opt/dbus/lib/libdbus-1.3.dylib"
Log:  to "/Users/bytedance/Downloads/国产资产作业/qt-video-workbench/.workbench/release-macos-arm64-1.7.0/QtVideoWorkbench.app/Contents/Frameworks//libdbus-1.3.dylib"
Log:  copied: "/opt/homebrew/opt/graphite2/lib/libgraphite2.3.dylib"
Log:  to "/Users/bytedance/Downloads/国产资产作业/qt-video-workbench/.workbench/release-macos-arm64-1.7.0/QtVideoWorkbench.app/Contents/Frameworks//libgraphite2.3.dylib"
Log:  copied: "/opt/homebrew/opt/webp/lib/libsharpyuv.0.dylib"
Log:  to "/Users/bytedance/Downloads/国产资产作业/qt-video-workbench/.workbench/release-macos-arm64-1.7.0/QtVideoWorkbench.app/Contents/Frameworks//libsharpyuv.0.dylib"
Log:  copied: "/opt/homebrew/share/qt/plugins/imageformats/libqwbmp.dylib"
Log:  to "/Users/bytedance/Downloads/国产资产作业/qt-video-workbench/.workbench/release-macos-arm64-1.7.0/QtVideoWorkbench.app/Contents/PlugIns/imageformats/libqwbmp.dylib"
Log:
Log: Deploying Qt frameworks found inside: QList("/Users/bytedance/Downloads/国产资产作业/qt-video-workbench/.workbench/release-macos-arm64-1.7.0/QtVideoWorkbench.app/Contents/PlugIns/imageformats/libqwbmp.dylib")
Log:  copied: "/opt/homebrew/opt/qtbase/lib/QtGui.framework/Versions/A/QtGui"
Log:  to "/Users/bytedance/Downloads/国产资产作业/qt-video-workbench/.workbench/release-macos-arm64-1.7.0/QtVideoWorkbench.app/Contents/Frameworks/QtGui.framework/Versions/A/QtGui"
Log: copy: "/opt/homebrew/opt/qtbase/lib/QtGui.framework/Resources" "/Users/bytedance/Downloads/国产资产作业/qt-video-workbench/.workbench/release-macos-arm64-1.7.0/QtVideoWorkbench.app/Contents/Frameworks/QtGui.framework/Versions/A/Resources"
Log:  copied: "/opt/homebrew/opt/qtbase/lib/QtGui.framework/Resources/Info.plist"
Log:  to "/Users/bytedance/Downloads/国产资产作业/qt-video-workbench/.workbench/release-macos-arm64-1.7.0/QtVideoWorkbench.app/Contents/Frameworks/QtGui.framework/Versions/A/Resources/Info.plist"
Log:  copied: "/opt/homebrew/opt/qtbase/lib/QtGui.framework/Resources/PrivacyInfo.xcprivacy"
Log:  to "/Users/bytedance/Downloads/国产资产作业/qt-video-workbench/.workbench/release-macos-arm64-1.7.0/QtVideoWorkbench.app/Contents/Frameworks/QtGui.framework/Versions/A/Resources/PrivacyInfo.xcprivacy"
Log: Symlink exists, skipping: "/Users/bytedance/Downloads/国产资产作业/qt-video-workbench/.workbench/release-macos-arm64-1.7.0/QtVideoWorkbench.app/Contents/Frameworks/QtGui.framework/QtGui"
Log: Symlink exists, skipping: "/Users/bytedance/Downloads/国产资产作业/qt-video-workbench/.workbench/release-macos-arm64-1.7.0/QtVideoWorkbench.app/Contents/Frameworks/QtGui.framework/Resources"
Log: Symlink exists, skipping: "/Users/bytedance/Downloads/国产资产作业/qt-video-workbench/.workbench/release-macos-arm64-1.7.0/QtVideoWorkbench.app/Contents/Frameworks/QtGui.framework/Versions/Current"
Log:  copied: "/opt/homebrew/opt/qtbase/lib/QtCore.framework/Versions/A/QtCore"
Log:  to "/Users/bytedance/Downloads/国产资产作业/qt-video-workbench/.workbench/release-macos-arm64-1.7.0/QtVideoWorkbench.app/Contents/Frameworks/QtCore.framework/Versions/A/QtCore"
Log: copy: "/opt/homebrew/opt/qtbase/lib/QtCore.framework/Resources" "/Users/bytedance/Downloads/国产资产作业/qt-video-workbench/.workbench/release-macos-arm64-1.7.0/QtVideoWorkbench.app/Contents/Frameworks/QtCore.framework/Versions/A/Resources"
Log:  copied: "/opt/homebrew/opt/qtbase/lib/QtCore.framework/Resources/Info.plist"
Log:  to "/Users/bytedance/Downloads/国产资产作业/qt-video-workbench/.workbench/release-macos-arm64-1.7.0/QtVideoWorkbench.app/Contents/Frameworks/QtCore.framework/Versions/A/Resources/Info.plist"
Log:  copied: "/opt/homebrew/opt/qtbase/lib/QtCore.framework/Resources/PrivacyInfo.xcprivacy"
Log:  to "/Users/bytedance/Downloads/国产资产作业/qt-video-workbench/.workbench/release-macos-arm64-1.7.0/QtVideoWorkbench.app/Contents/Frameworks/QtCore.framework/Versions/A/Resources/PrivacyInfo.xcprivacy"
Log: Symlink exists, skipping: "/Users/bytedance/Downloads/国产资产作业/qt-video-workbench/.workbench/release-macos-arm64-1.7.0/QtVideoWorkbench.app/Contents/Frameworks/QtCore.framework/QtCore"
Log: Symlink exists, skipping: "/Users/bytedance/Downloads/国产资产作业/qt-video-workbench/.workbench/release-macos-arm64-1.7.0/QtVideoWorkbench.app/Contents/Frameworks/QtCore.framework/Resources"
Log: Symlink exists, skipping: "/Users/bytedance/Downloads/国产资产作业/qt-video-workbench/.workbench/release-macos-arm64-1.7.0/QtVideoWorkbench.app/Contents/Frameworks/QtCore.framework/Versions/Current"
Log:  copied: "/opt/homebrew/opt/glib/lib/libglib-2.0.0.dylib"
Log:  to "/Users/bytedance/Downloads/国产资产作业/qt-video-workbench/.workbench/release-macos-arm64-1.7.0/QtVideoWorkbench.app/Contents/Frameworks//libglib-2.0.0.dylib"
Log:  copied: "/opt/homebrew/opt/qtbase/lib/QtDBus.framework/Versions/A/QtDBus"
Log:  to "/Users/bytedance/Downloads/国产资产作业/qt-video-workbench/.workbench/release-macos-arm64-1.7.0/QtVideoWorkbench.app/Contents/Frameworks/QtDBus.framework/Versions/A/QtDBus"
Log: copy: "/opt/homebrew/opt/qtbase/lib/QtDBus.framework/Resources" "/Users/bytedance/Downloads/国产资产作业/qt-video-workbench/.workbench/release-macos-arm64-1.7.0/QtVideoWorkbench.app/Contents/Frameworks/QtDBus.framework/Versions/A/Resources"
Log:  copied: "/opt/homebrew/opt/qtbase/lib/QtDBus.framework/Resources/Info.plist"
Log:  to "/Users/bytedance/Downloads/国产资产作业/qt-video-workbench/.workbench/release-macos-arm64-1.7.0/QtVideoWorkbench.app/Contents/Frameworks/QtDBus.framework/Versions/A/Resources/Info.plist"
Log:  copied: "/opt/homebrew/opt/qtbase/lib/QtDBus.framework/Resources/PrivacyInfo.xcprivacy"
Log:  to "/Users/bytedance/Downloads/国产资产作业/qt-video-workbench/.workbench/release-macos-arm64-1.7.0/QtVideoWorkbench.app/Contents/Frameworks/QtDBus.framework/Versions/A/Resources/PrivacyInfo.xcprivacy"
Log: Symlink exists, skipping: "/Users/bytedance/Downloads/国产资产作业/qt-video-workbench/.workbench/release-macos-arm64-1.7.0/QtVideoWorkbench.app/Contents/Frameworks/QtDBus.framework/QtDBus"
Log: Symlink exists, skipping: "/Users/bytedance/Downloads/国产资产作业/qt-video-workbench/.workbench/release-macos-arm64-1.7.0/QtVideoWorkbench.app/Contents/Frameworks/QtDBus.framework/Resources"
Log: Symlink exists, skipping: "/Users/bytedance/Downloads/国产资产作业/qt-video-workbench/.workbench/release-macos-arm64-1.7.0/QtVideoWorkbench.app/Contents/Frameworks/QtDBus.framework/Versions/Current"
Log:  copied: "/opt/homebrew/opt/libpng/lib/libpng16.16.dylib"
Log:  to "/Users/bytedance/Downloads/国产资产作业/qt-video-workbench/.workbench/release-macos-arm64-1.7.0/QtVideoWorkbench.app/Contents/Frameworks//libpng16.16.dylib"
Log:  copied: "/opt/homebrew/opt/harfbuzz/lib/libharfbuzz.0.dylib"
Log:  to "/Users/bytedance/Downloads/国产资产作业/qt-video-workbench/.workbench/release-macos-arm64-1.7.0/QtVideoWorkbench.app/Contents/Frameworks//libharfbuzz.0.dylib"
Log:  copied: "/opt/homebrew/opt/md4c/lib/libmd4c.0.dylib"
Log:  to "/Users/bytedance/Downloads/国产资产作业/qt-video-workbench/.workbench/release-macos-arm64-1.7.0/QtVideoWorkbench.app/Contents/Frameworks//libmd4c.0.dylib"
Log:  copied: "/opt/homebrew/opt/freetype/lib/libfreetype.6.dylib"
Log:  to "/Users/bytedance/Downloads/国产资产作业/qt-video-workbench/.workbench/release-macos-arm64-1.7.0/QtVideoWorkbench.app/Contents/Frameworks//libfreetype.6.dylib"
Log:  copied: "/opt/homebrew/opt/glib/lib/libgthread-2.0.0.dylib"
Log:  to "/Users/bytedance/Downloads/国产资产作业/qt-video-workbench/.workbench/release-macos-arm64-1.7.0/QtVideoWorkbench.app/Contents/Frameworks//libgthread-2.0.0.dylib"
Log:  copied: "/opt/homebrew/opt/icu4c@78/lib/libicui18n.78.dylib"
Log:  to "/Users/bytedance/Downloads/国产资产作业/qt-video-workbench/.workbench/release-macos-arm64-1.7.0/QtVideoWorkbench.app/Contents/Frameworks//libicui18n.78.dylib"
Log:  copied: "/opt/homebrew/opt/icu4c@78/lib/libicuuc.78.dylib"
Log:  to "/Users/bytedance/Downloads/国产资产作业/qt-video-workbench/.workbench/release-macos-arm64-1.7.0/QtVideoWorkbench.app/Contents/Frameworks//libicuuc.78.dylib"
Log:  copied: "/opt/homebrew/opt/icu4c@78/lib/libicudata.78.dylib"
Log:  to "/Users/bytedance/Downloads/国产资产作业/qt-video-workbench/.workbench/release-macos-arm64-1.7.0/QtVideoWorkbench.app/Contents/Frameworks//libicudata.78.dylib"
Log:  copied: "/opt/homebrew/opt/double-conversion/lib/libdouble-conversion.3.dylib"
Log:  to "/Users/bytedance/Downloads/国产资产作业/qt-video-workbench/.workbench/release-macos-arm64-1.7.0/QtVideoWorkbench.app/Contents/Frameworks//libdouble-conversion.3.dylib"
Log:  copied: "/opt/homebrew/opt/libb2/lib/libb2.1.dylib"
Log:  to "/Users/bytedance/Downloads/国产资产作业/qt-video-workbench/.workbench/release-macos-arm64-1.7.0/QtVideoWorkbench.app/Contents/Frameworks//libb2.1.dylib"
Log:  copied: "/opt/homebrew/opt/pcre2/lib/libpcre2-16.0.dylib"
Log:  to "/Users/bytedance/Downloads/国产资产作业/qt-video-workbench/.workbench/release-macos-arm64-1.7.0/QtVideoWorkbench.app/Contents/Frameworks//libpcre2-16.0.dylib"
Log:  copied: "/opt/homebrew/opt/zstd/lib/libzstd.1.dylib"
Log:  to "/Users/bytedance/Downloads/国产资产作业/qt-video-workbench/.workbench/release-macos-arm64-1.7.0/QtVideoWorkbench.app/Contents/Frameworks//libzstd.1.dylib"
Log:  copied: "/opt/homebrew/opt/gettext/lib/libintl.8.dylib"
Log:  to "/Users/bytedance/Downloads/国产资产作业/qt-video-workbench/.workbench/release-macos-arm64-1.7.0/QtVideoWorkbench.app/Contents/Frameworks//libintl.8.dylib"
Log:  copied: "/opt/homebrew/opt/pcre2/lib/libpcre2-8.0.dylib"
Log:  to "/Users/bytedance/Downloads/国产资产作业/qt-video-workbench/.workbench/release-macos-arm64-1.7.0/QtVideoWorkbench.app/Contents/Frameworks//libpcre2-8.0.dylib"
Log:  copied: "/opt/homebrew/opt/dbus/lib/libdbus-1.3.dylib"
Log:  to "/Users/bytedance/Downloads/国产资产作业/qt-video-workbench/.workbench/release-macos-arm64-1.7.0/QtVideoWorkbench.app/Contents/Frameworks//libdbus-1.3.dylib"
Log:  copied: "/opt/homebrew/opt/graphite2/lib/libgraphite2.3.dylib"
Log:  to "/Users/bytedance/Downloads/国产资产作业/qt-video-workbench/.workbench/release-macos-arm64-1.7.0/QtVideoWorkbench.app/Contents/Frameworks//libgraphite2.3.dylib"
Log:  copied: "/opt/homebrew/share/qt/plugins/imageformats/libqwebp.dylib"
Log:  to "/Users/bytedance/Downloads/国产资产作业/qt-video-workbench/.workbench/release-macos-arm64-1.7.0/QtVideoWorkbench.app/Contents/PlugIns/imageformats/libqwebp.dylib"
Log:
Log: Deploying Qt frameworks found inside: QList("/Users/bytedance/Downloads/国产资产作业/qt-video-workbench/.workbench/release-macos-arm64-1.7.0/QtVideoWorkbench.app/Contents/PlugIns/imageformats/libqwebp.dylib")
Log:  copied: "/opt/homebrew/opt/qtbase/lib/QtGui.framework/Versions/A/QtGui"
Log:  to "/Users/bytedance/Downloads/国产资产作业/qt-video-workbench/.workbench/release-macos-arm64-1.7.0/QtVideoWorkbench.app/Contents/Frameworks/QtGui.framework/Versions/A/QtGui"
Log: copy: "/opt/homebrew/opt/qtbase/lib/QtGui.framework/Resources" "/Users/bytedance/Downloads/国产资产作业/qt-video-workbench/.workbench/release-macos-arm64-1.7.0/QtVideoWorkbench.app/Contents/Frameworks/QtGui.framework/Versions/A/Resources"
Log:  copied: "/opt/homebrew/opt/qtbase/lib/QtGui.framework/Resources/Info.plist"
Log:  to "/Users/bytedance/Downloads/国产资产作业/qt-video-workbench/.workbench/release-macos-arm64-1.7.0/QtVideoWorkbench.app/Contents/Frameworks/QtGui.framework/Versions/A/Resources/Info.plist"
Log:  copied: "/opt/homebrew/opt/qtbase/lib/QtGui.framework/Resources/PrivacyInfo.xcprivacy"
Log:  to "/Users/bytedance/Downloads/国产资产作业/qt-video-workbench/.workbench/release-macos-arm64-1.7.0/QtVideoWorkbench.app/Contents/Frameworks/QtGui.framework/Versions/A/Resources/PrivacyInfo.xcprivacy"
Log: Symlink exists, skipping: "/Users/bytedance/Downloads/国产资产作业/qt-video-workbench/.workbench/release-macos-arm64-1.7.0/QtVideoWorkbench.app/Contents/Frameworks/QtGui.framework/QtGui"
Log: Symlink exists, skipping: "/Users/bytedance/Downloads/国产资产作业/qt-video-workbench/.workbench/release-macos-arm64-1.7.0/QtVideoWorkbench.app/Contents/Frameworks/QtGui.framework/Resources"
Log: Symlink exists, skipping: "/Users/bytedance/Downloads/国产资产作业/qt-video-workbench/.workbench/release-macos-arm64-1.7.0/QtVideoWorkbench.app/Contents/Frameworks/QtGui.framework/Versions/Current"
Log:  copied: "/opt/homebrew/opt/qtbase/lib/QtCore.framework/Versions/A/QtCore"
Log:  to "/Users/bytedance/Downloads/国产资产作业/qt-video-workbench/.workbench/release-macos-arm64-1.7.0/QtVideoWorkbench.app/Contents/Frameworks/QtCore.framework/Versions/A/QtCore"
Log: copy: "/opt/homebrew/opt/qtbase/lib/QtCore.framework/Resources" "/Users/bytedance/Downloads/国产资产作业/qt-video-workbench/.workbench/release-macos-arm64-1.7.0/QtVideoWorkbench.app/Contents/Frameworks/QtCore.framework/Versions/A/Resources"
Log:  copied: "/opt/homebrew/opt/qtbase/lib/QtCore.framework/Resources/Info.plist"
Log:  to "/Users/bytedance/Downloads/国产资产作业/qt-video-workbench/.workbench/release-macos-arm64-1.7.0/QtVideoWorkbench.app/Contents/Frameworks/QtCore.framework/Versions/A/Resources/Info.plist"
Log:  copied: "/opt/homebrew/opt/qtbase/lib/QtCore.framework/Resources/PrivacyInfo.xcprivacy"
Log:  to "/Users/bytedance/Downloads/国产资产作业/qt-video-workbench/.workbench/release-macos-arm64-1.7.0/QtVideoWorkbench.app/Contents/Frameworks/QtCore.framework/Versions/A/Resources/PrivacyInfo.xcprivacy"
Log: Symlink exists, skipping: "/Users/bytedance/Downloads/国产资产作业/qt-video-workbench/.workbench/release-macos-arm64-1.7.0/QtVideoWorkbench.app/Contents/Frameworks/QtCore.framework/QtCore"
Log: Symlink exists, skipping: "/Users/bytedance/Downloads/国产资产作业/qt-video-workbench/.workbench/release-macos-arm64-1.7.0/QtVideoWorkbench.app/Contents/Frameworks/QtCore.framework/Resources"
Log: Symlink exists, skipping: "/Users/bytedance/Downloads/国产资产作业/qt-video-workbench/.workbench/release-macos-arm64-1.7.0/QtVideoWorkbench.app/Contents/Frameworks/QtCore.framework/Versions/Current"
Log:  copied: "/opt/homebrew/opt/webp/lib/libwebpdemux.2.dylib"
Log:  to "/Users/bytedance/Downloads/国产资产作业/qt-video-workbench/.workbench/release-macos-arm64-1.7.0/QtVideoWorkbench.app/Contents/Frameworks//libwebpdemux.2.dylib"
Log:  copied: "/opt/homebrew/opt/webp/lib/libwebpmux.3.dylib"
Log:  to "/Users/bytedance/Downloads/国产资产作业/qt-video-workbench/.workbench/release-macos-arm64-1.7.0/QtVideoWorkbench.app/Contents/Frameworks//libwebpmux.3.dylib"
Log:  copied: "/opt/homebrew/opt/webp/lib/libwebp.7.dylib"
Log:  to "/Users/bytedance/Downloads/国产资产作业/qt-video-workbench/.workbench/release-macos-arm64-1.7.0/QtVideoWorkbench.app/Contents/Frameworks//libwebp.7.dylib"
Log:  copied: "/opt/homebrew/opt/webp/lib/libsharpyuv.0.dylib"
Log:  to "/Users/bytedance/Downloads/国产资产作业/qt-video-workbench/.workbench/release-macos-arm64-1.7.0/QtVideoWorkbench.app/Contents/Frameworks//libsharpyuv.0.dylib"
Log:  copied: "/opt/homebrew/opt/glib/lib/libglib-2.0.0.dylib"
Log:  to "/Users/bytedance/Downloads/国产资产作业/qt-video-workbench/.workbench/release-macos-arm64-1.7.0/QtVideoWorkbench.app/Contents/Frameworks//libglib-2.0.0.dylib"
Log:  copied: "/opt/homebrew/opt/qtbase/lib/QtDBus.framework/Versions/A/QtDBus"
Log:  to "/Users/bytedance/Downloads/国产资产作业/qt-video-workbench/.workbench/release-macos-arm64-1.7.0/QtVideoWorkbench.app/Contents/Frameworks/QtDBus.framework/Versions/A/QtDBus"
Log: copy: "/opt/homebrew/opt/qtbase/lib/QtDBus.framework/Resources" "/Users/bytedance/Downloads/国产资产作业/qt-video-workbench/.workbench/release-macos-arm64-1.7.0/QtVideoWorkbench.app/Contents/Frameworks/QtDBus.framework/Versions/A/Resources"
Log:  copied: "/opt/homebrew/opt/qtbase/lib/QtDBus.framework/Resources/Info.plist"
Log:  to "/Users/bytedance/Downloads/国产资产作业/qt-video-workbench/.workbench/release-macos-arm64-1.7.0/QtVideoWorkbench.app/Contents/Frameworks/QtDBus.framework/Versions/A/Resources/Info.plist"
Log:  copied: "/opt/homebrew/opt/qtbase/lib/QtDBus.framework/Resources/PrivacyInfo.xcprivacy"
Log:  to "/Users/bytedance/Downloads/国产资产作业/qt-video-workbench/.workbench/release-macos-arm64-1.7.0/QtVideoWorkbench.app/Contents/Frameworks/QtDBus.framework/Versions/A/Resources/PrivacyInfo.xcprivacy"
Log: Symlink exists, skipping: "/Users/bytedance/Downloads/国产资产作业/qt-video-workbench/.workbench/release-macos-arm64-1.7.0/QtVideoWorkbench.app/Contents/Frameworks/QtDBus.framework/QtDBus"
Log: Symlink exists, skipping: "/Users/bytedance/Downloads/国产资产作业/qt-video-workbench/.workbench/release-macos-arm64-1.7.0/QtVideoWorkbench.app/Contents/Frameworks/QtDBus.framework/Resources"
Log: Symlink exists, skipping: "/Users/bytedance/Downloads/国产资产作业/qt-video-workbench/.workbench/release-macos-arm64-1.7.0/QtVideoWorkbench.app/Contents/Frameworks/QtDBus.framework/Versions/Current"
Log:  copied: "/opt/homebrew/opt/libpng/lib/libpng16.16.dylib"
Log:  to "/Users/bytedance/Downloads/国产资产作业/qt-video-workbench/.workbench/release-macos-arm64-1.7.0/QtVideoWorkbench.app/Contents/Frameworks//libpng16.16.dylib"
Log:  copied: "/opt/homebrew/opt/harfbuzz/lib/libharfbuzz.0.dylib"
Log:  to "/Users/bytedance/Downloads/国产资产作业/qt-video-workbench/.workbench/release-macos-arm64-1.7.0/QtVideoWorkbench.app/Contents/Frameworks//libharfbuzz.0.dylib"
Log:  copied: "/opt/homebrew/opt/md4c/lib/libmd4c.0.dylib"
Log:  to "/Users/bytedance/Downloads/国产资产作业/qt-video-workbench/.workbench/release-macos-arm64-1.7.0/QtVideoWorkbench.app/Contents/Frameworks//libmd4c.0.dylib"
Log:  copied: "/opt/homebrew/opt/freetype/lib/libfreetype.6.dylib"
Log:  to "/Users/bytedance/Downloads/国产资产作业/qt-video-workbench/.workbench/release-macos-arm64-1.7.0/QtVideoWorkbench.app/Contents/Frameworks//libfreetype.6.dylib"
Log:  copied: "/opt/homebrew/opt/glib/lib/libgthread-2.0.0.dylib"
Log:  to "/Users/bytedance/Downloads/国产资产作业/qt-video-workbench/.workbench/release-macos-arm64-1.7.0/QtVideoWorkbench.app/Contents/Frameworks//libgthread-2.0.0.dylib"
Log:  copied: "/opt/homebrew/opt/icu4c@78/lib/libicui18n.78.dylib"
Log:  to "/Users/bytedance/Downloads/国产资产作业/qt-video-workbench/.workbench/release-macos-arm64-1.7.0/QtVideoWorkbench.app/Contents/Frameworks//libicui18n.78.dylib"
Log:  copied: "/opt/homebrew/opt/icu4c@78/lib/libicuuc.78.dylib"
Log:  to "/Users/bytedance/Downloads/国产资产作业/qt-video-workbench/.workbench/release-macos-arm64-1.7.0/QtVideoWorkbench.app/Contents/Frameworks//libicuuc.78.dylib"
Log:  copied: "/opt/homebrew/opt/icu4c@78/lib/libicudata.78.dylib"
Log:  to "/Users/bytedance/Downloads/国产资产作业/qt-video-workbench/.workbench/release-macos-arm64-1.7.0/QtVideoWorkbench.app/Contents/Frameworks//libicudata.78.dylib"
Log:  copied: "/opt/homebrew/opt/double-conversion/lib/libdouble-conversion.3.dylib"
Log:  to "/Users/bytedance/Downloads/国产资产作业/qt-video-workbench/.workbench/release-macos-arm64-1.7.0/QtVideoWorkbench.app/Contents/Frameworks//libdouble-conversion.3.dylib"
Log:  copied: "/opt/homebrew/opt/libb2/lib/libb2.1.dylib"
Log:  to "/Users/bytedance/Downloads/国产资产作业/qt-video-workbench/.workbench/release-macos-arm64-1.7.0/QtVideoWorkbench.app/Contents/Frameworks//libb2.1.dylib"
Log:  copied: "/opt/homebrew/opt/pcre2/lib/libpcre2-16.0.dylib"
Log:  to "/Users/bytedance/Downloads/国产资产作业/qt-video-workbench/.workbench/release-macos-arm64-1.7.0/QtVideoWorkbench.app/Contents/Frameworks//libpcre2-16.0.dylib"
Log:  copied: "/opt/homebrew/opt/zstd/lib/libzstd.1.dylib"
Log:  to "/Users/bytedance/Downloads/国产资产作业/qt-video-workbench/.workbench/release-macos-arm64-1.7.0/QtVideoWorkbench.app/Contents/Frameworks//libzstd.1.dylib"
Log:  copied: "/opt/homebrew/opt/gettext/lib/libintl.8.dylib"
Log:  to "/Users/bytedance/Downloads/国产资产作业/qt-video-workbench/.workbench/release-macos-arm64-1.7.0/QtVideoWorkbench.app/Contents/Frameworks//libintl.8.dylib"
Log:  copied: "/opt/homebrew/opt/pcre2/lib/libpcre2-8.0.dylib"
Log:  to "/Users/bytedance/Downloads/国产资产作业/qt-video-workbench/.workbench/release-macos-arm64-1.7.0/QtVideoWorkbench.app/Contents/Frameworks//libpcre2-8.0.dylib"
Log:  copied: "/opt/homebrew/opt/dbus/lib/libdbus-1.3.dylib"
Log:  to "/Users/bytedance/Downloads/国产资产作业/qt-video-workbench/.workbench/release-macos-arm64-1.7.0/QtVideoWorkbench.app/Contents/Frameworks//libdbus-1.3.dylib"
Log:  copied: "/opt/homebrew/opt/graphite2/lib/libgraphite2.3.dylib"
Log:  to "/Users/bytedance/Downloads/国产资产作业/qt-video-workbench/.workbench/release-macos-arm64-1.7.0/QtVideoWorkbench.app/Contents/Frameworks//libgraphite2.3.dylib"
Log:  copied: "/opt/homebrew/share/qt/plugins/iconengines/libqsvgicon.dylib"
Log:  to "/Users/bytedance/Downloads/国产资产作业/qt-video-workbench/.workbench/release-macos-arm64-1.7.0/QtVideoWorkbench.app/Contents/PlugIns/iconengines/libqsvgicon.dylib"
ERROR: Cannot resolve rpath "@rpath/QtSvg.framework/Versions/A/QtSvg"
ERROR:  using QList("/opt/homebrew/opt/qtwebengine/lib", "/opt/homebrew/opt/qtwebchannel/lib", "/opt/homebrew/opt/qtpositioning/lib", "/opt/homebrew/opt/qtbase/lib", "/opt/homebrew/opt/qtdeclarative/lib", "/opt/homebrew/opt/brotli/lib", "/opt/homebrew/opt/zstd/lib", "/opt/homebrew/opt/md4c/lib", "/opt/homebrew/Cellar/dbus/1.16.2_1/lib", "/opt/homebrew/opt/graphite2/lib", "/Users/bytedance/Downloads/国产资产作业/qt-video-workbench/.workbench/release-macos-arm64-1.7.0/lib")
Log:
Log: Deploying Qt frameworks found inside: QList("/Users/bytedance/Downloads/国产资产作业/qt-video-workbench/.workbench/release-macos-arm64-1.7.0/QtVideoWorkbench.app/Contents/PlugIns/iconengines/libqsvgicon.dylib")
Log:  copied: "/opt/homebrew/opt/qtbase/lib/QtGui.framework/Versions/A/QtGui"
Log:  to "/Users/bytedance/Downloads/国产资产作业/qt-video-workbench/.workbench/release-macos-arm64-1.7.0/QtVideoWorkbench.app/Contents/Frameworks/QtGui.framework/Versions/A/QtGui"
Log: copy: "/opt/homebrew/opt/qtbase/lib/QtGui.framework/Resources" "/Users/bytedance/Downloads/国产资产作业/qt-video-workbench/.workbench/release-macos-arm64-1.7.0/QtVideoWorkbench.app/Contents/Frameworks/QtGui.framework/Versions/A/Resources"
Log:  copied: "/opt/homebrew/opt/qtbase/lib/QtGui.framework/Resources/Info.plist"
Log:  to "/Users/bytedance/Downloads/国产资产作业/qt-video-workbench/.workbench/release-macos-arm64-1.7.0/QtVideoWorkbench.app/Contents/Frameworks/QtGui.framework/Versions/A/Resources/Info.plist"
Log:  copied: "/opt/homebrew/opt/qtbase/lib/QtGui.framework/Resources/PrivacyInfo.xcprivacy"
Log:  to "/Users/bytedance/Downloads/国产资产作业/qt-video-workbench/.workbench/release-macos-arm64-1.7.0/QtVideoWorkbench.app/Contents/Frameworks/QtGui.framework/Versions/A/Resources/PrivacyInfo.xcprivacy"
Log: Symlink exists, skipping: "/Users/bytedance/Downloads/国产资产作业/qt-video-workbench/.workbench/release-macos-arm64-1.7.0/QtVideoWorkbench.app/Contents/Frameworks/QtGui.framework/QtGui"
Log: Symlink exists, skipping: "/Users/bytedance/Downloads/国产资产作业/qt-video-workbench/.workbench/release-macos-arm64-1.7.0/QtVideoWorkbench.app/Contents/Frameworks/QtGui.framework/Resources"
Log: Symlink exists, skipping: "/Users/bytedance/Downloads/国产资产作业/qt-video-workbench/.workbench/release-macos-arm64-1.7.0/QtVideoWorkbench.app/Contents/Frameworks/QtGui.framework/Versions/Current"
Log:  copied: "/opt/homebrew/opt/qtbase/lib/QtCore.framework/Versions/A/QtCore"
Log:  to "/Users/bytedance/Downloads/国产资产作业/qt-video-workbench/.workbench/release-macos-arm64-1.7.0/QtVideoWorkbench.app/Contents/Frameworks/QtCore.framework/Versions/A/QtCore"
Log: copy: "/opt/homebrew/opt/qtbase/lib/QtCore.framework/Resources" "/Users/bytedance/Downloads/国产资产作业/qt-video-workbench/.workbench/release-macos-arm64-1.7.0/QtVideoWorkbench.app/Contents/Frameworks/QtCore.framework/Versions/A/Resources"
Log:  copied: "/opt/homebrew/opt/qtbase/lib/QtCore.framework/Resources/Info.plist"
Log:  to "/Users/bytedance/Downloads/国产资产作业/qt-video-workbench/.workbench/release-macos-arm64-1.7.0/QtVideoWorkbench.app/Contents/Frameworks/QtCore.framework/Versions/A/Resources/Info.plist"
Log:  copied: "/opt/homebrew/opt/qtbase/lib/QtCore.framework/Resources/PrivacyInfo.xcprivacy"
Log:  to "/Users/bytedance/Downloads/国产资产作业/qt-video-workbench/.workbench/release-macos-arm64-1.7.0/QtVideoWorkbench.app/Contents/Frameworks/QtCore.framework/Versions/A/Resources/PrivacyInfo.xcprivacy"
Log: Symlink exists, skipping: "/Users/bytedance/Downloads/国产资产作业/qt-video-workbench/.workbench/release-macos-arm64-1.7.0/QtVideoWorkbench.app/Contents/Frameworks/QtCore.framework/QtCore"
Log: Symlink exists, skipping: "/Users/bytedance/Downloads/国产资产作业/qt-video-workbench/.workbench/release-macos-arm64-1.7.0/QtVideoWorkbench.app/Contents/Frameworks/QtCore.framework/Resources"
Log: Symlink exists, skipping: "/Users/bytedance/Downloads/国产资产作业/qt-video-workbench/.workbench/release-macos-arm64-1.7.0/QtVideoWorkbench.app/Contents/Frameworks/QtCore.framework/Versions/Current"
Log:  copied: "/opt/homebrew/opt/glib/lib/libglib-2.0.0.dylib"
Log:  to "/Users/bytedance/Downloads/国产资产作业/qt-video-workbench/.workbench/release-macos-arm64-1.7.0/QtVideoWorkbench.app/Contents/Frameworks//libglib-2.0.0.dylib"
Log:  copied: "/opt/homebrew/opt/qtbase/lib/QtDBus.framework/Versions/A/QtDBus"
Log:  to "/Users/bytedance/Downloads/国产资产作业/qt-video-workbench/.workbench/release-macos-arm64-1.7.0/QtVideoWorkbench.app/Contents/Frameworks/QtDBus.framework/Versions/A/QtDBus"
Log: copy: "/opt/homebrew/opt/qtbase/lib/QtDBus.framework/Resources" "/Users/bytedance/Downloads/国产资产作业/qt-video-workbench/.workbench/release-macos-arm64-1.7.0/QtVideoWorkbench.app/Contents/Frameworks/QtDBus.framework/Versions/A/Resources"
Log:  copied: "/opt/homebrew/opt/qtbase/lib/QtDBus.framework/Resources/Info.plist"
Log:  to "/Users/bytedance/Downloads/国产资产作业/qt-video-workbench/.workbench/release-macos-arm64-1.7.0/QtVideoWorkbench.app/Contents/Frameworks/QtDBus.framework/Versions/A/Resources/Info.plist"
Log:  copied: "/opt/homebrew/opt/qtbase/lib/QtDBus.framework/Resources/PrivacyInfo.xcprivacy"
Log:  to "/Users/bytedance/Downloads/国产资产作业/qt-video-workbench/.workbench/release-macos-arm64-1.7.0/QtVideoWorkbench.app/Contents/Frameworks/QtDBus.framework/Versions/A/Resources/PrivacyInfo.xcprivacy"
Log: Symlink exists, skipping: "/Users/bytedance/Downloads/国产资产作业/qt-video-workbench/.workbench/release-macos-arm64-1.7.0/QtVideoWorkbench.app/Contents/Frameworks/QtDBus.framework/QtDBus"
Log: Symlink exists, skipping: "/Users/bytedance/Downloads/国产资产作业/qt-video-workbench/.workbench/release-macos-arm64-1.7.0/QtVideoWorkbench.app/Contents/Frameworks/QtDBus.framework/Resources"
Log: Symlink exists, skipping: "/Users/bytedance/Downloads/国产资产作业/qt-video-workbench/.workbench/release-macos-arm64-1.7.0/QtVideoWorkbench.app/Contents/Frameworks/QtDBus.framework/Versions/Current"
Log:  copied: "/opt/homebrew/opt/libpng/lib/libpng16.16.dylib"
Log:  to "/Users/bytedance/Downloads/国产资产作业/qt-video-workbench/.workbench/release-macos-arm64-1.7.0/QtVideoWorkbench.app/Contents/Frameworks//libpng16.16.dylib"
Log:  copied: "/opt/homebrew/opt/harfbuzz/lib/libharfbuzz.0.dylib"
Log:  to "/Users/bytedance/Downloads/国产资产作业/qt-video-workbench/.workbench/release-macos-arm64-1.7.0/QtVideoWorkbench.app/Contents/Frameworks//libharfbuzz.0.dylib"
Log:  copied: "/opt/homebrew/opt/md4c/lib/libmd4c.0.dylib"
Log:  to "/Users/bytedance/Downloads/国产资产作业/qt-video-workbench/.workbench/release-macos-arm64-1.7.0/QtVideoWorkbench.app/Contents/Frameworks//libmd4c.0.dylib"
Log:  copied: "/opt/homebrew/opt/freetype/lib/libfreetype.6.dylib"
Log:  to "/Users/bytedance/Downloads/国产资产作业/qt-video-workbench/.workbench/release-macos-arm64-1.7.0/QtVideoWorkbench.app/Contents/Frameworks//libfreetype.6.dylib"
Log:  copied: "/opt/homebrew/opt/glib/lib/libgthread-2.0.0.dylib"
Log:  to "/Users/bytedance/Downloads/国产资产作业/qt-video-workbench/.workbench/release-macos-arm64-1.7.0/QtVideoWorkbench.app/Contents/Frameworks//libgthread-2.0.0.dylib"
Log:  copied: "/opt/homebrew/opt/icu4c@78/lib/libicui18n.78.dylib"
Log:  to "/Users/bytedance/Downloads/国产资产作业/qt-video-workbench/.workbench/release-macos-arm64-1.7.0/QtVideoWorkbench.app/Contents/Frameworks//libicui18n.78.dylib"
Log:  copied: "/opt/homebrew/opt/icu4c@78/lib/libicuuc.78.dylib"
Log:  to "/Users/bytedance/Downloads/国产资产作业/qt-video-workbench/.workbench/release-macos-arm64-1.7.0/QtVideoWorkbench.app/Contents/Frameworks//libicuuc.78.dylib"
Log:  copied: "/opt/homebrew/opt/icu4c@78/lib/libicudata.78.dylib"
Log:  to "/Users/bytedance/Downloads/国产资产作业/qt-video-workbench/.workbench/release-macos-arm64-1.7.0/QtVideoWorkbench.app/Contents/Frameworks//libicudata.78.dylib"
Log:  copied: "/opt/homebrew/opt/double-conversion/lib/libdouble-conversion.3.dylib"
Log:  to "/Users/bytedance/Downloads/国产资产作业/qt-video-workbench/.workbench/release-macos-arm64-1.7.0/QtVideoWorkbench.app/Contents/Frameworks//libdouble-conversion.3.dylib"
Log:  copied: "/opt/homebrew/opt/libb2/lib/libb2.1.dylib"
Log:  to "/Users/bytedance/Downloads/国产资产作业/qt-video-workbench/.workbench/release-macos-arm64-1.7.0/QtVideoWorkbench.app/Contents/Frameworks//libb2.1.dylib"
Log:  copied: "/opt/homebrew/opt/pcre2/lib/libpcre2-16.0.dylib"
Log:  to "/Users/bytedance/Downloads/国产资产作业/qt-video-workbench/.workbench/release-macos-arm64-1.7.0/QtVideoWorkbench.app/Contents/Frameworks//libpcre2-16.0.dylib"
Log:  copied: "/opt/homebrew/opt/zstd/lib/libzstd.1.dylib"
Log:  to "/Users/bytedance/Downloads/国产资产作业/qt-video-workbench/.workbench/release-macos-arm64-1.7.0/QtVideoWorkbench.app/Contents/Frameworks//libzstd.1.dylib"
Log:  copied: "/opt/homebrew/opt/gettext/lib/libintl.8.dylib"
Log:  to "/Users/bytedance/Downloads/国产资产作业/qt-video-workbench/.workbench/release-macos-arm64-1.7.0/QtVideoWorkbench.app/Contents/Frameworks//libintl.8.dylib"
Log:  copied: "/opt/homebrew/opt/pcre2/lib/libpcre2-8.0.dylib"
Log:  to "/Users/bytedance/Downloads/国产资产作业/qt-video-workbench/.workbench/release-macos-arm64-1.7.0/QtVideoWorkbench.app/Contents/Frameworks//libpcre2-8.0.dylib"
Log:  copied: "/opt/homebrew/opt/dbus/lib/libdbus-1.3.dylib"
Log:  to "/Users/bytedance/Downloads/国产资产作业/qt-video-workbench/.workbench/release-macos-arm64-1.7.0/QtVideoWorkbench.app/Contents/Frameworks//libdbus-1.3.dylib"
Log:  copied: "/opt/homebrew/opt/graphite2/lib/libgraphite2.3.dylib"
Log:  to "/Users/bytedance/Downloads/国产资产作业/qt-video-workbench/.workbench/release-macos-arm64-1.7.0/QtVideoWorkbench.app/Contents/Frameworks//libgraphite2.3.dylib"
Log:  copied: "/opt/homebrew/share/qt/plugins/platforminputcontexts/libqtvirtualkeyboardplugin.dylib"
Log:  to "/Users/bytedance/Downloads/国产资产作业/qt-video-workbench/.workbench/release-macos-arm64-1.7.0/QtVideoWorkbench.app/Contents/PlugIns/platforminputcontexts/libqtvirtualkeyboardplugin.dylib"
ERROR: Cannot resolve rpath "@rpath/QtVirtualKeyboardQml.framework/Versions/A/QtVirtualKeyboardQml"
ERROR:  using QList("/opt/homebrew/opt/qtwebengine/lib", "/opt/homebrew/opt/qtwebchannel/lib", "/opt/homebrew/opt/qtpositioning/lib", "/opt/homebrew/opt/qtbase/lib", "/opt/homebrew/opt/qtdeclarative/lib", "/opt/homebrew/opt/brotli/lib", "/opt/homebrew/opt/zstd/lib", "/opt/homebrew/opt/md4c/lib", "/opt/homebrew/Cellar/dbus/1.16.2_1/lib", "/opt/homebrew/opt/graphite2/lib", "/Users/bytedance/Downloads/国产资产作业/qt-video-workbench/.workbench/release-macos-arm64-1.7.0/lib")
ERROR: Cannot resolve rpath "@rpath/QtVirtualKeyboard.framework/Versions/A/QtVirtualKeyboard"
ERROR:  using QList("/opt/homebrew/opt/qtwebengine/lib", "/opt/homebrew/opt/qtwebchannel/lib", "/opt/homebrew/opt/qtpositioning/lib", "/opt/homebrew/opt/qtbase/lib", "/opt/homebrew/opt/qtdeclarative/lib", "/opt/homebrew/opt/brotli/lib", "/opt/homebrew/opt/zstd/lib", "/opt/homebrew/opt/md4c/lib", "/opt/homebrew/Cellar/dbus/1.16.2_1/lib", "/opt/homebrew/opt/graphite2/lib", "/Users/bytedance/Downloads/国产资产作业/qt-video-workbench/.workbench/release-macos-arm64-1.7.0/lib")
Log:
Log: Deploying Qt frameworks found inside: QList("/Users/bytedance/Downloads/国产资产作业/qt-video-workbench/.workbench/release-macos-arm64-1.7.0/QtVideoWorkbench.app/Contents/PlugIns/platforminputcontexts/libqtvirtualkeyboardplugin.dylib")
Log:  copied: "/opt/homebrew/opt/qtdeclarative/lib/QtQuick.framework/Versions/A/QtQuick"
Log:  to "/Users/bytedance/Downloads/国产资产作业/qt-video-workbench/.workbench/release-macos-arm64-1.7.0/QtVideoWorkbench.app/Contents/Frameworks/QtQuick.framework/Versions/A/QtQuick"
Log: copy: "/opt/homebrew/opt/qtdeclarative/lib/QtQuick.framework/Resources" "/Users/bytedance/Downloads/国产资产作业/qt-video-workbench/.workbench/release-macos-arm64-1.7.0/QtVideoWorkbench.app/Contents/Frameworks/QtQuick.framework/Versions/A/Resources"
Log:  copied: "/opt/homebrew/opt/qtdeclarative/lib/QtQuick.framework/Resources/Info.plist"
Log:  to "/Users/bytedance/Downloads/国产资产作业/qt-video-workbench/.workbench/release-macos-arm64-1.7.0/QtVideoWorkbench.app/Contents/Frameworks/QtQuick.framework/Versions/A/Resources/Info.plist"
Log:  copied: "/opt/homebrew/opt/qtdeclarative/lib/QtQuick.framework/Resources/PrivacyInfo.xcprivacy"
Log:  to "/Users/bytedance/Downloads/国产资产作业/qt-video-workbench/.workbench/release-macos-arm64-1.7.0/QtVideoWorkbench.app/Contents/Frameworks/QtQuick.framework/Versions/A/Resources/PrivacyInfo.xcprivacy"
Log: Symlink exists, skipping: "/Users/bytedance/Downloads/国产资产作业/qt-video-workbench/.workbench/release-macos-arm64-1.7.0/QtVideoWorkbench.app/Contents/Frameworks/QtQuick.framework/QtQuick"
Log: Symlink exists, skipping: "/Users/bytedance/Downloads/国产资产作业/qt-video-workbench/.workbench/release-macos-arm64-1.7.0/QtVideoWorkbench.app/Contents/Frameworks/QtQuick.framework/Resources"
Log: Symlink exists, skipping: "/Users/bytedance/Downloads/国产资产作业/qt-video-workbench/.workbench/release-macos-arm64-1.7.0/QtVideoWorkbench.app/Contents/Frameworks/QtQuick.framework/Versions/Current"
Log:  copied: "/opt/homebrew/opt/qtbase/lib/QtOpenGL.framework/Versions/A/QtOpenGL"
Log:  to "/Users/bytedance/Downloads/国产资产作业/qt-video-workbench/.workbench/release-macos-arm64-1.7.0/QtVideoWorkbench.app/Contents/Frameworks/QtOpenGL.framework/Versions/A/QtOpenGL"
Log: copy: "/opt/homebrew/opt/qtbase/lib/QtOpenGL.framework/Resources" "/Users/bytedance/Downloads/国产资产作业/qt-video-workbench/.workbench/release-macos-arm64-1.7.0/QtVideoWorkbench.app/Contents/Frameworks/QtOpenGL.framework/Versions/A/Resources"
Log:  copied: "/opt/homebrew/opt/qtbase/lib/QtOpenGL.framework/Resources/Info.plist"
Log:  to "/Users/bytedance/Downloads/国产资产作业/qt-video-workbench/.workbench/release-macos-arm64-1.7.0/QtVideoWorkbench.app/Contents/Frameworks/QtOpenGL.framework/Versions/A/Resources/Info.plist"
Log:  copied: "/opt/homebrew/opt/qtbase/lib/QtOpenGL.framework/Resources/PrivacyInfo.xcprivacy"
Log:  to "/Users/bytedance/Downloads/国产资产作业/qt-video-workbench/.workbench/release-macos-arm64-1.7.0/QtVideoWorkbench.app/Contents/Frameworks/QtOpenGL.framework/Versions/A/Resources/PrivacyInfo.xcprivacy"
Log: Symlink exists, skipping: "/Users/bytedance/Downloads/国产资产作业/qt-video-workbench/.workbench/release-macos-arm64-1.7.0/QtVideoWorkbench.app/Contents/Frameworks/QtOpenGL.framework/QtOpenGL"
Log: Symlink exists, skipping: "/Users/bytedance/Downloads/国产资产作业/qt-video-workbench/.workbench/release-macos-arm64-1.7.0/QtVideoWorkbench.app/Contents/Frameworks/QtOpenGL.framework/Resources"
Log: Symlink exists, skipping: "/Users/bytedance/Downloads/国产资产作业/qt-video-workbench/.workbench/release-macos-arm64-1.7.0/QtVideoWorkbench.app/Contents/Frameworks/QtOpenGL.framework/Versions/Current"
Log:  copied: "/opt/homebrew/opt/qtbase/lib/QtGui.framework/Versions/A/QtGui"
Log:  to "/Users/bytedance/Downloads/国产资产作业/qt-video-workbench/.workbench/release-macos-arm64-1.7.0/QtVideoWorkbench.app/Contents/Frameworks/QtGui.framework/Versions/A/QtGui"
Log: copy: "/opt/homebrew/opt/qtbase/lib/QtGui.framework/Resources" "/Users/bytedance/Downloads/国产资产作业/qt-video-workbench/.workbench/release-macos-arm64-1.7.0/QtVideoWorkbench.app/Contents/Frameworks/QtGui.framework/Versions/A/Resources"
Log:  copied: "/opt/homebrew/opt/qtbase/lib/QtGui.framework/Resources/Info.plist"
Log:  to "/Users/bytedance/Downloads/国产资产作业/qt-video-workbench/.workbench/release-macos-arm64-1.7.0/QtVideoWorkbench.app/Contents/Frameworks/QtGui.framework/Versions/A/Resources/Info.plist"
Log:  copied: "/opt/homebrew/opt/qtbase/lib/QtGui.framework/Resources/PrivacyInfo.xcprivacy"
Log:  to "/Users/bytedance/Downloads/国产资产作业/qt-video-workbench/.workbench/release-macos-arm64-1.7.0/QtVideoWorkbench.app/Contents/Frameworks/QtGui.framework/Versions/A/Resources/PrivacyInfo.xcprivacy"
Log: Symlink exists, skipping: "/Users/bytedance/Downloads/国产资产作业/qt-video-workbench/.workbench/release-macos-arm64-1.7.0/QtVideoWorkbench.app/Contents/Frameworks/QtGui.framework/QtGui"
Log: Symlink exists, skipping: "/Users/bytedance/Downloads/国产资产作业/qt-video-workbench/.workbench/release-macos-arm64-1.7.0/QtVideoWorkbench.app/Contents/Frameworks/QtGui.framework/Resources"
Log: Symlink exists, skipping: "/Users/bytedance/Downloads/国产资产作业/qt-video-workbench/.workbench/release-macos-arm64-1.7.0/QtVideoWorkbench.app/Contents/Frameworks/QtGui.framework/Versions/Current"
Log:  copied: "/opt/homebrew/opt/qtdeclarative/lib/QtQml.framework/Versions/A/QtQml"
Log:  to "/Users/bytedance/Downloads/国产资产作业/qt-video-workbench/.workbench/release-macos-arm64-1.7.0/QtVideoWorkbench.app/Contents/Frameworks/QtQml.framework/Versions/A/QtQml"
Log: copy: "/opt/homebrew/opt/qtdeclarative/lib/QtQml.framework/Resources" "/Users/bytedance/Downloads/国产资产作业/qt-video-workbench/.workbench/release-macos-arm64-1.7.0/QtVideoWorkbench.app/Contents/Frameworks/QtQml.framework/Versions/A/Resources"
Log:  copied: "/opt/homebrew/opt/qtdeclarative/lib/QtQml.framework/Resources/Info.plist"
Log:  to "/Users/bytedance/Downloads/国产资产作业/qt-video-workbench/.workbench/release-macos-arm64-1.7.0/QtVideoWorkbench.app/Contents/Frameworks/QtQml.framework/Versions/A/Resources/Info.plist"
Log:  copied: "/opt/homebrew/opt/qtdeclarative/lib/QtQml.framework/Resources/PrivacyInfo.xcprivacy"
Log:  to "/Users/bytedance/Downloads/国产资产作业/qt-video-workbench/.workbench/release-macos-arm64-1.7.0/QtVideoWorkbench.app/Contents/Frameworks/QtQml.framework/Versions/A/Resources/PrivacyInfo.xcprivacy"
Log: Symlink exists, skipping: "/Users/bytedance/Downloads/国产资产作业/qt-video-workbench/.workbench/release-macos-arm64-1.7.0/QtVideoWorkbench.app/Contents/Frameworks/QtQml.framework/QtQml"
Log: Symlink exists, skipping: "/Users/bytedance/Downloads/国产资产作业/qt-video-workbench/.workbench/release-macos-arm64-1.7.0/QtVideoWorkbench.app/Contents/Frameworks/QtQml.framework/Resources"
Log: Symlink exists, skipping: "/Users/bytedance/Downloads/国产资产作业/qt-video-workbench/.workbench/release-macos-arm64-1.7.0/QtVideoWorkbench.app/Contents/Frameworks/QtQml.framework/Versions/Current"
Log:  copied: "/opt/homebrew/opt/qtbase/lib/QtNetwork.framework/Versions/A/QtNetwork"
Log:  to "/Users/bytedance/Downloads/国产资产作业/qt-video-workbench/.workbench/release-macos-arm64-1.7.0/QtVideoWorkbench.app/Contents/Frameworks/QtNetwork.framework/Versions/A/QtNetwork"
Log: copy: "/opt/homebrew/opt/qtbase/lib/QtNetwork.framework/Resources" "/Users/bytedance/Downloads/国产资产作业/qt-video-workbench/.workbench/release-macos-arm64-1.7.0/QtVideoWorkbench.app/Contents/Frameworks/QtNetwork.framework/Versions/A/Resources"
Log:  copied: "/opt/homebrew/opt/qtbase/lib/QtNetwork.framework/Resources/Info.plist"
Log:  to "/Users/bytedance/Downloads/国产资产作业/qt-video-workbench/.workbench/release-macos-arm64-1.7.0/QtVideoWorkbench.app/Contents/Frameworks/QtNetwork.framework/Versions/A/Resources/Info.plist"
Log:  copied: "/opt/homebrew/opt/qtbase/lib/QtNetwork.framework/Resources/PrivacyInfo.xcprivacy"
Log:  to "/Users/bytedance/Downloads/国产资产作业/qt-video-workbench/.workbench/release-macos-arm64-1.7.0/QtVideoWorkbench.app/Contents/Frameworks/QtNetwork.framework/Versions/A/Resources/PrivacyInfo.xcprivacy"
Log: Symlink exists, skipping: "/Users/bytedance/Downloads/国产资产作业/qt-video-workbench/.workbench/release-macos-arm64-1.7.0/QtVideoWorkbench.app/Contents/Frameworks/QtNetwork.framework/QtNetwork"
Log: Symlink exists, skipping: "/Users/bytedance/Downloads/国产资产作业/qt-video-workbench/.workbench/release-macos-arm64-1.7.0/QtVideoWorkbench.app/Contents/Frameworks/QtNetwork.framework/Resources"
Log: Symlink exists, skipping: "/Users/bytedance/Downloads/国产资产作业/qt-video-workbench/.workbench/release-macos-arm64-1.7.0/QtVideoWorkbench.app/Contents/Frameworks/QtNetwork.framework/Versions/Current"
Log:  copied: "/opt/homebrew/opt/qtbase/lib/QtCore.framework/Versions/A/QtCore"
Log:  to "/Users/bytedance/Downloads/国产资产作业/qt-video-workbench/.workbench/release-macos-arm64-1.7.0/QtVideoWorkbench.app/Contents/Frameworks/QtCore.framework/Versions/A/QtCore"
Log: copy: "/opt/homebrew/opt/qtbase/lib/QtCore.framework/Resources" "/Users/bytedance/Downloads/国产资产作业/qt-video-workbench/.workbench/release-macos-arm64-1.7.0/QtVideoWorkbench.app/Contents/Frameworks/QtCore.framework/Versions/A/Resources"
Log:  copied: "/opt/homebrew/opt/qtbase/lib/QtCore.framework/Resources/Info.plist"
Log:  to "/Users/bytedance/Downloads/国产资产作业/qt-video-workbench/.workbench/release-macos-arm64-1.7.0/QtVideoWorkbench.app/Contents/Frameworks/QtCore.framework/Versions/A/Resources/Info.plist"
Log:  copied: "/opt/homebrew/opt/qtbase/lib/QtCore.framework/Resources/PrivacyInfo.xcprivacy"
Log:  to "/Users/bytedance/Downloads/国产资产作业/qt-video-workbench/.workbench/release-macos-arm64-1.7.0/QtVideoWorkbench.app/Contents/Frameworks/QtCore.framework/Versions/A/Resources/PrivacyInfo.xcprivacy"
Log: Symlink exists, skipping: "/Users/bytedance/Downloads/国产资产作业/qt-video-workbench/.workbench/release-macos-arm64-1.7.0/QtVideoWorkbench.app/Contents/Frameworks/QtCore.framework/QtCore"
Log: Symlink exists, skipping: "/Users/bytedance/Downloads/国产资产作业/qt-video-workbench/.workbench/release-macos-arm64-1.7.0/QtVideoWorkbench.app/Contents/Frameworks/QtCore.framework/Resources"
Log: Symlink exists, skipping: "/Users/bytedance/Downloads/国产资产作业/qt-video-workbench/.workbench/release-macos-arm64-1.7.0/QtVideoWorkbench.app/Contents/Frameworks/QtCore.framework/Versions/Current"
Log:  copied: "/opt/homebrew/opt/qtdeclarative/lib/QtQmlMeta.framework/Versions/A/QtQmlMeta"
Log:  to "/Users/bytedance/Downloads/国产资产作业/qt-video-workbench/.workbench/release-macos-arm64-1.7.0/QtVideoWorkbench.app/Contents/Frameworks/QtQmlMeta.framework/Versions/A/QtQmlMeta"
Log: copy: "/opt/homebrew/opt/qtdeclarative/lib/QtQmlMeta.framework/Resources" "/Users/bytedance/Downloads/国产资产作业/qt-video-workbench/.workbench/release-macos-arm64-1.7.0/QtVideoWorkbench.app/Contents/Frameworks/QtQmlMeta.framework/Versions/A/Resources"
Log:  copied: "/opt/homebrew/opt/qtdeclarative/lib/QtQmlMeta.framework/Resources/Info.plist"
Log:  to "/Users/bytedance/Downloads/国产资产作业/qt-video-workbench/.workbench/release-macos-arm64-1.7.0/QtVideoWorkbench.app/Contents/Frameworks/QtQmlMeta.framework/Versions/A/Resources/Info.plist"
Log:  copied: "/opt/homebrew/opt/qtdeclarative/lib/QtQmlMeta.framework/Resources/PrivacyInfo.xcprivacy"
Log:  to "/Users/bytedance/Downloads/国产资产作业/qt-video-workbench/.workbench/release-macos-arm64-1.7.0/QtVideoWorkbench.app/Contents/Frameworks/QtQmlMeta.framework/Versions/A/Resources/PrivacyInfo.xcprivacy"
Log: Symlink exists, skipping: "/Users/bytedance/Downloads/国产资产作业/qt-video-workbench/.workbench/release-macos-arm64-1.7.0/QtVideoWorkbench.app/Contents/Frameworks/QtQmlMeta.framework/QtQmlMeta"
Log: Symlink exists, skipping: "/Users/bytedance/Downloads/国产资产作业/qt-video-workbench/.workbench/release-macos-arm64-1.7.0/QtVideoWorkbench.app/Contents/Frameworks/QtQmlMeta.framework/Resources"
Log: Symlink exists, skipping: "/Users/bytedance/Downloads/国产资产作业/qt-video-workbench/.workbench/release-macos-arm64-1.7.0/QtVideoWorkbench.app/Contents/Frameworks/QtQmlMeta.framework/Versions/Current"
Log:  copied: "/opt/homebrew/opt/qtdeclarative/lib/QtQmlModels.framework/Versions/A/QtQmlModels"
Log:  to "/Users/bytedance/Downloads/国产资产作业/qt-video-workbench/.workbench/release-macos-arm64-1.7.0/QtVideoWorkbench.app/Contents/Frameworks/QtQmlModels.framework/Versions/A/QtQmlModels"
Log: copy: "/opt/homebrew/opt/qtdeclarative/lib/QtQmlModels.framework/Resources" "/Users/bytedance/Downloads/国产资产作业/qt-video-workbench/.workbench/release-macos-arm64-1.7.0/QtVideoWorkbench.app/Contents/Frameworks/QtQmlModels.framework/Versions/A/Resources"
Log:  copied: "/opt/homebrew/opt/qtdeclarative/lib/QtQmlModels.framework/Resources/Info.plist"
Log:  to "/Users/bytedance/Downloads/国产资产作业/qt-video-workbench/.workbench/release-macos-arm64-1.7.0/QtVideoWorkbench.app/Contents/Frameworks/QtQmlModels.framework/Versions/A/Resources/Info.plist"
Log:  copied: "/opt/homebrew/opt/qtdeclarative/lib/QtQmlModels.framework/Resources/PrivacyInfo.xcprivacy"
Log:  to "/Users/bytedance/Downloads/国产资产作业/qt-video-workbench/.workbench/release-macos-arm64-1.7.0/QtVideoWorkbench.app/Contents/Frameworks/QtQmlModels.framework/Versions/A/Resources/PrivacyInfo.xcprivacy"
Log: Symlink exists, skipping: "/Users/bytedance/Downloads/国产资产作业/qt-video-workbench/.workbench/release-macos-arm64-1.7.0/QtVideoWorkbench.app/Contents/Frameworks/QtQmlModels.framework/QtQmlModels"
Log: Symlink exists, skipping: "/Users/bytedance/Downloads/国产资产作业/qt-video-workbench/.workbench/release-macos-arm64-1.7.0/QtVideoWorkbench.app/Contents/Frameworks/QtQmlModels.framework/Resources"
Log: Symlink exists, skipping: "/Users/bytedance/Downloads/国产资产作业/qt-video-workbench/.workbench/release-macos-arm64-1.7.0/QtVideoWorkbench.app/Contents/Frameworks/QtQmlModels.framework/Versions/Current"
Log:  copied: "/opt/homebrew/opt/qtdeclarative/lib/QtQmlWorkerScript.framework/Versions/A/QtQmlWorkerScript"
Log:  to "/Users/bytedance/Downloads/国产资产作业/qt-video-workbench/.workbench/release-macos-arm64-1.7.0/QtVideoWorkbench.app/Contents/Frameworks/QtQmlWorkerScript.framework/Versions/A/QtQmlWorkerScript"
Log: copy: "/opt/homebrew/opt/qtdeclarative/lib/QtQmlWorkerScript.framework/Resources" "/Users/bytedance/Downloads/国产资产作业/qt-video-workbench/.workbench/release-macos-arm64-1.7.0/QtVideoWorkbench.app/Contents/Frameworks/QtQmlWorkerScript.framework/Versions/A/Resources"
Log:  copied: "/opt/homebrew/opt/qtdeclarative/lib/QtQmlWorkerScript.framework/Resources/Info.plist"
Log:  to "/Users/bytedance/Downloads/国产资产作业/qt-video-workbench/.workbench/release-macos-arm64-1.7.0/QtVideoWorkbench.app/Contents/Frameworks/QtQmlWorkerScript.framework/Versions/A/Resources/Info.plist"
Log:  copied: "/opt/homebrew/opt/qtdeclarative/lib/QtQmlWorkerScript.framework/Resources/PrivacyInfo.xcprivacy"
Log:  to "/Users/bytedance/Downloads/国产资产作业/qt-video-workbench/.workbench/release-macos-arm64-1.7.0/QtVideoWorkbench.app/Contents/Frameworks/QtQmlWorkerScript.framework/Versions/A/Resources/PrivacyInfo.xcprivacy"
Log: Symlink exists, skipping: "/Users/bytedance/Downloads/国产资产作业/qt-video-workbench/.workbench/release-macos-arm64-1.7.0/QtVideoWorkbench.app/Contents/Frameworks/QtQmlWorkerScript.framework/QtQmlWorkerScript"
Log: Symlink exists, skipping: "/Users/bytedance/Downloads/国产资产作业/qt-video-workbench/.workbench/release-macos-arm64-1.7.0/QtVideoWorkbench.app/Contents/Frameworks/QtQmlWorkerScript.framework/Resources"
Log: Symlink exists, skipping: "/Users/bytedance/Downloads/国产资产作业/qt-video-workbench/.workbench/release-macos-arm64-1.7.0/QtVideoWorkbench.app/Contents/Frameworks/QtQmlWorkerScript.framework/Versions/Current"
Log:  copied: "/opt/homebrew/opt/glib/lib/libglib-2.0.0.dylib"
Log:  to "/Users/bytedance/Downloads/国产资产作业/qt-video-workbench/.workbench/release-macos-arm64-1.7.0/QtVideoWorkbench.app/Contents/Frameworks//libglib-2.0.0.dylib"
Log:  copied: "/opt/homebrew/opt/qtbase/lib/QtDBus.framework/Versions/A/QtDBus"
Log:  to "/Users/bytedance/Downloads/国产资产作业/qt-video-workbench/.workbench/release-macos-arm64-1.7.0/QtVideoWorkbench.app/Contents/Frameworks/QtDBus.framework/Versions/A/QtDBus"
Log: copy: "/opt/homebrew/opt/qtbase/lib/QtDBus.framework/Resources" "/Users/bytedance/Downloads/国产资产作业/qt-video-workbench/.workbench/release-macos-arm64-1.7.0/QtVideoWorkbench.app/Contents/Frameworks/QtDBus.framework/Versions/A/Resources"
Log:  copied: "/opt/homebrew/opt/qtbase/lib/QtDBus.framework/Resources/Info.plist"
Log:  to "/Users/bytedance/Downloads/国产资产作业/qt-video-workbench/.workbench/release-macos-arm64-1.7.0/QtVideoWorkbench.app/Contents/Frameworks/QtDBus.framework/Versions/A/Resources/Info.plist"
Log:  copied: "/opt/homebrew/opt/qtbase/lib/QtDBus.framework/Resources/PrivacyInfo.xcprivacy"
Log:  to "/Users/bytedance/Downloads/国产资产作业/qt-video-workbench/.workbench/release-macos-arm64-1.7.0/QtVideoWorkbench.app/Contents/Frameworks/QtDBus.framework/Versions/A/Resources/PrivacyInfo.xcprivacy"
Log: Symlink exists, skipping: "/Users/bytedance/Downloads/国产资产作业/qt-video-workbench/.workbench/release-macos-arm64-1.7.0/QtVideoWorkbench.app/Contents/Frameworks/QtDBus.framework/QtDBus"
Log: Symlink exists, skipping: "/Users/bytedance/Downloads/国产资产作业/qt-video-workbench/.workbench/release-macos-arm64-1.7.0/QtVideoWorkbench.app/Contents/Frameworks/QtDBus.framework/Resources"
Log: Symlink exists, skipping: "/Users/bytedance/Downloads/国产资产作业/qt-video-workbench/.workbench/release-macos-arm64-1.7.0/QtVideoWorkbench.app/Contents/Frameworks/QtDBus.framework/Versions/Current"
Log:  copied: "/opt/homebrew/opt/libpng/lib/libpng16.16.dylib"
Log:  to "/Users/bytedance/Downloads/国产资产作业/qt-video-workbench/.workbench/release-macos-arm64-1.7.0/QtVideoWorkbench.app/Contents/Frameworks//libpng16.16.dylib"
Log:  copied: "/opt/homebrew/opt/harfbuzz/lib/libharfbuzz.0.dylib"
Log:  to "/Users/bytedance/Downloads/国产资产作业/qt-video-workbench/.workbench/release-macos-arm64-1.7.0/QtVideoWorkbench.app/Contents/Frameworks//libharfbuzz.0.dylib"
Log:  copied: "/opt/homebrew/opt/md4c/lib/libmd4c.0.dylib"
Log:  to "/Users/bytedance/Downloads/国产资产作业/qt-video-workbench/.workbench/release-macos-arm64-1.7.0/QtVideoWorkbench.app/Contents/Frameworks//libmd4c.0.dylib"
Log:  copied: "/opt/homebrew/opt/freetype/lib/libfreetype.6.dylib"
Log:  to "/Users/bytedance/Downloads/国产资产作业/qt-video-workbench/.workbench/release-macos-arm64-1.7.0/QtVideoWorkbench.app/Contents/Frameworks//libfreetype.6.dylib"
Log:  copied: "/opt/homebrew/opt/glib/lib/libgthread-2.0.0.dylib"
Log:  to "/Users/bytedance/Downloads/国产资产作业/qt-video-workbench/.workbench/release-macos-arm64-1.7.0/QtVideoWorkbench.app/Contents/Frameworks//libgthread-2.0.0.dylib"
Log:  copied: "/opt/homebrew/opt/brotli/lib/libbrotlidec.1.dylib"
Log:  to "/Users/bytedance/Downloads/国产资产作业/qt-video-workbench/.workbench/release-macos-arm64-1.7.0/QtVideoWorkbench.app/Contents/Frameworks//libbrotlidec.1.dylib"
Log:  copied: "/opt/homebrew/opt/zstd/lib/libzstd.1.dylib"
Log:  to "/Users/bytedance/Downloads/国产资产作业/qt-video-workbench/.workbench/release-macos-arm64-1.7.0/QtVideoWorkbench.app/Contents/Frameworks//libzstd.1.dylib"
Log:  copied: "/opt/homebrew/opt/openssl@3/lib/libssl.3.dylib"
Log:  to "/Users/bytedance/Downloads/国产资产作业/qt-video-workbench/.workbench/release-macos-arm64-1.7.0/QtVideoWorkbench.app/Contents/Frameworks//libssl.3.dylib"
Log:  copied: "/opt/homebrew/opt/openssl@3/lib/libcrypto.3.dylib"
Log:  to "/Users/bytedance/Downloads/国产资产作业/qt-video-workbench/.workbench/release-macos-arm64-1.7.0/QtVideoWorkbench.app/Contents/Frameworks//libcrypto.3.dylib"
Log:  copied: "/opt/homebrew/opt/icu4c@78/lib/libicui18n.78.dylib"
Log:  to "/Users/bytedance/Downloads/国产资产作业/qt-video-workbench/.workbench/release-macos-arm64-1.7.0/QtVideoWorkbench.app/Contents/Frameworks//libicui18n.78.dylib"
Log:  copied: "/opt/homebrew/opt/icu4c@78/lib/libicuuc.78.dylib"
Log:  to "/Users/bytedance/Downloads/国产资产作业/qt-video-workbench/.workbench/release-macos-arm64-1.7.0/QtVideoWorkbench.app/Contents/Frameworks//libicuuc.78.dylib"
Log:  copied: "/opt/homebrew/opt/icu4c@78/lib/libicudata.78.dylib"
Log:  to "/Users/bytedance/Downloads/国产资产作业/qt-video-workbench/.workbench/release-macos-arm64-1.7.0/QtVideoWorkbench.app/Contents/Frameworks//libicudata.78.dylib"
Log:  copied: "/opt/homebrew/opt/double-conversion/lib/libdouble-conversion.3.dylib"
Log:  to "/Users/bytedance/Downloads/国产资产作业/qt-video-workbench/.workbench/release-macos-arm64-1.7.0/QtVideoWorkbench.app/Contents/Frameworks//libdouble-conversion.3.dylib"
Log:  copied: "/opt/homebrew/opt/libb2/lib/libb2.1.dylib"
Log:  to "/Users/bytedance/Downloads/国产资产作业/qt-video-workbench/.workbench/release-macos-arm64-1.7.0/QtVideoWorkbench.app/Contents/Frameworks//libb2.1.dylib"
Log:  copied: "/opt/homebrew/opt/pcre2/lib/libpcre2-16.0.dylib"
Log:  to "/Users/bytedance/Downloads/国产资产作业/qt-video-workbench/.workbench/release-macos-arm64-1.7.0/QtVideoWorkbench.app/Contents/Frameworks//libpcre2-16.0.dylib"
Log:  copied: "/opt/homebrew/opt/gettext/lib/libintl.8.dylib"
Log:  to "/Users/bytedance/Downloads/国产资产作业/qt-video-workbench/.workbench/release-macos-arm64-1.7.0/QtVideoWorkbench.app/Contents/Frameworks//libintl.8.dylib"
Log:  copied: "/opt/homebrew/opt/pcre2/lib/libpcre2-8.0.dylib"
Log:  to "/Users/bytedance/Downloads/国产资产作业/qt-video-workbench/.workbench/release-macos-arm64-1.7.0/QtVideoWorkbench.app/Contents/Frameworks//libpcre2-8.0.dylib"
Log:  copied: "/opt/homebrew/opt/dbus/lib/libdbus-1.3.dylib"
Log:  to "/Users/bytedance/Downloads/国产资产作业/qt-video-workbench/.workbench/release-macos-arm64-1.7.0/QtVideoWorkbench.app/Contents/Frameworks//libdbus-1.3.dylib"
Log:  copied: "/opt/homebrew/opt/graphite2/lib/libgraphite2.3.dylib"
Log:  to "/Users/bytedance/Downloads/国产资产作业/qt-video-workbench/.workbench/release-macos-arm64-1.7.0/QtVideoWorkbench.app/Contents/Frameworks//libgraphite2.3.dylib"
Log:  copied: "/opt/homebrew/opt/brotli/lib/libbrotlicommon.1.dylib"
Log:  to "/Users/bytedance/Downloads/国产资产作业/qt-video-workbench/.workbench/release-macos-arm64-1.7.0/QtVideoWorkbench.app/Contents/Frameworks//libbrotlicommon.1.dylib"
Log:  copied: "/opt/homebrew/Cellar/openssl@3/3.6.4/lib/libcrypto.3.dylib"
Log:  to "/Users/bytedance/Downloads/国产资产作业/qt-video-workbench/.workbench/release-macos-arm64-1.7.0/QtVideoWorkbench.app/Contents/Frameworks//libcrypto.3.dylib"
Log:  copied: "/opt/homebrew/share/qt/plugins/position/libqtposition_cl.dylib"
Log:  to "/Users/bytedance/Downloads/国产资产作业/qt-video-workbench/.workbench/release-macos-arm64-1.7.0/QtVideoWorkbench.app/Contents/PlugIns/position/libqtposition_cl.dylib"
Log:
Log: Deploying Qt frameworks found inside: QList("/Users/bytedance/Downloads/国产资产作业/qt-video-workbench/.workbench/release-macos-arm64-1.7.0/QtVideoWorkbench.app/Contents/PlugIns/position/libqtposition_cl.dylib")
Log:  copied: "/opt/homebrew/opt/qtpositioning/lib/QtPositioning.framework/Versions/A/QtPositioning"
Log:  to "/Users/bytedance/Downloads/国产资产作业/qt-video-workbench/.workbench/release-macos-arm64-1.7.0/QtVideoWorkbench.app/Contents/Frameworks/QtPositioning.framework/Versions/A/QtPositioning"
Log: copy: "/opt/homebrew/opt/qtpositioning/lib/QtPositioning.framework/Resources" "/Users/bytedance/Downloads/国产资产作业/qt-video-workbench/.workbench/release-macos-arm64-1.7.0/QtVideoWorkbench.app/Contents/Frameworks/QtPositioning.framework/Versions/A/Resources"
Log:  copied: "/opt/homebrew/opt/qtpositioning/lib/QtPositioning.framework/Resources/Info.plist"
Log:  to "/Users/bytedance/Downloads/国产资产作业/qt-video-workbench/.workbench/release-macos-arm64-1.7.0/QtVideoWorkbench.app/Contents/Frameworks/QtPositioning.framework/Versions/A/Resources/Info.plist"
Log:  copied: "/opt/homebrew/opt/qtpositioning/lib/QtPositioning.framework/Resources/PrivacyInfo.xcprivacy"
Log:  to "/Users/bytedance/Downloads/国产资产作业/qt-video-workbench/.workbench/release-macos-arm64-1.7.0/QtVideoWorkbench.app/Contents/Frameworks/QtPositioning.framework/Versions/A/Resources/PrivacyInfo.xcprivacy"
Log: Symlink exists, skipping: "/Users/bytedance/Downloads/国产资产作业/qt-video-workbench/.workbench/release-macos-arm64-1.7.0/QtVideoWorkbench.app/Contents/Frameworks/QtPositioning.framework/QtPositioning"
Log: Symlink exists, skipping: "/Users/bytedance/Downloads/国产资产作业/qt-video-workbench/.workbench/release-macos-arm64-1.7.0/QtVideoWorkbench.app/Contents/Frameworks/QtPositioning.framework/Resources"
Log: Symlink exists, skipping: "/Users/bytedance/Downloads/国产资产作业/qt-video-workbench/.workbench/release-macos-arm64-1.7.0/QtVideoWorkbench.app/Contents/Frameworks/QtPositioning.framework/Versions/Current"
Log:  copied: "/opt/homebrew/opt/qtbase/lib/QtCore.framework/Versions/A/QtCore"
Log:  to "/Users/bytedance/Downloads/国产资产作业/qt-video-workbench/.workbench/release-macos-arm64-1.7.0/QtVideoWorkbench.app/Contents/Frameworks/QtCore.framework/Versions/A/QtCore"
Log: copy: "/opt/homebrew/opt/qtbase/lib/QtCore.framework/Resources" "/Users/bytedance/Downloads/国产资产作业/qt-video-workbench/.workbench/release-macos-arm64-1.7.0/QtVideoWorkbench.app/Contents/Frameworks/QtCore.framework/Versions/A/Resources"
Log:  copied: "/opt/homebrew/opt/qtbase/lib/QtCore.framework/Resources/Info.plist"
Log:  to "/Users/bytedance/Downloads/国产资产作业/qt-video-workbench/.workbench/release-macos-arm64-1.7.0/QtVideoWorkbench.app/Contents/Frameworks/QtCore.framework/Versions/A/Resources/Info.plist"
Log:  copied: "/opt/homebrew/opt/qtbase/lib/QtCore.framework/Resources/PrivacyInfo.xcprivacy"
Log:  to "/Users/bytedance/Downloads/国产资产作业/qt-video-workbench/.workbench/release-macos-arm64-1.7.0/QtVideoWorkbench.app/Contents/Frameworks/QtCore.framework/Versions/A/Resources/PrivacyInfo.xcprivacy"
Log: Symlink exists, skipping: "/Users/bytedance/Downloads/国产资产作业/qt-video-workbench/.workbench/release-macos-arm64-1.7.0/QtVideoWorkbench.app/Contents/Frameworks/QtCore.framework/QtCore"
Log: Symlink exists, skipping: "/Users/bytedance/Downloads/国产资产作业/qt-video-workbench/.workbench/release-macos-arm64-1.7.0/QtVideoWorkbench.app/Contents/Frameworks/QtCore.framework/Resources"
Log: Symlink exists, skipping: "/Users/bytedance/Downloads/国产资产作业/qt-video-workbench/.workbench/release-macos-arm64-1.7.0/QtVideoWorkbench.app/Contents/Frameworks/QtCore.framework/Versions/Current"
Log:  copied: "/opt/homebrew/opt/icu4c@78/lib/libicui18n.78.dylib"
Log:  to "/Users/bytedance/Downloads/国产资产作业/qt-video-workbench/.workbench/release-macos-arm64-1.7.0/QtVideoWorkbench.app/Contents/Frameworks//libicui18n.78.dylib"
Log:  copied: "/opt/homebrew/opt/icu4c@78/lib/libicuuc.78.dylib"
Log:  to "/Users/bytedance/Downloads/国产资产作业/qt-video-workbench/.workbench/release-macos-arm64-1.7.0/QtVideoWorkbench.app/Contents/Frameworks//libicuuc.78.dylib"
Log:  copied: "/opt/homebrew/opt/icu4c@78/lib/libicudata.78.dylib"
Log:  to "/Users/bytedance/Downloads/国产资产作业/qt-video-workbench/.workbench/release-macos-arm64-1.7.0/QtVideoWorkbench.app/Contents/Frameworks//libicudata.78.dylib"
Log:  copied: "/opt/homebrew/opt/glib/lib/libglib-2.0.0.dylib"
Log:  to "/Users/bytedance/Downloads/国产资产作业/qt-video-workbench/.workbench/release-macos-arm64-1.7.0/QtVideoWorkbench.app/Contents/Frameworks//libglib-2.0.0.dylib"
Log:  copied: "/opt/homebrew/opt/double-conversion/lib/libdouble-conversion.3.dylib"
Log:  to "/Users/bytedance/Downloads/国产资产作业/qt-video-workbench/.workbench/release-macos-arm64-1.7.0/QtVideoWorkbench.app/Contents/Frameworks//libdouble-conversion.3.dylib"
Log:  copied: "/opt/homebrew/opt/libb2/lib/libb2.1.dylib"
Log:  to "/Users/bytedance/Downloads/国产资产作业/qt-video-workbench/.workbench/release-macos-arm64-1.7.0/QtVideoWorkbench.app/Contents/Frameworks//libb2.1.dylib"
Log:  copied: "/opt/homebrew/opt/pcre2/lib/libpcre2-16.0.dylib"
Log:  to "/Users/bytedance/Downloads/国产资产作业/qt-video-workbench/.workbench/release-macos-arm64-1.7.0/QtVideoWorkbench.app/Contents/Frameworks//libpcre2-16.0.dylib"
Log:  copied: "/opt/homebrew/opt/zstd/lib/libzstd.1.dylib"
Log:  to "/Users/bytedance/Downloads/国产资产作业/qt-video-workbench/.workbench/release-macos-arm64-1.7.0/QtVideoWorkbench.app/Contents/Frameworks//libzstd.1.dylib"
Log:  copied: "/opt/homebrew/opt/glib/lib/libgthread-2.0.0.dylib"
Log:  to "/Users/bytedance/Downloads/国产资产作业/qt-video-workbench/.workbench/release-macos-arm64-1.7.0/QtVideoWorkbench.app/Contents/Frameworks//libgthread-2.0.0.dylib"
Log:  copied: "/opt/homebrew/opt/gettext/lib/libintl.8.dylib"
Log:  to "/Users/bytedance/Downloads/国产资产作业/qt-video-workbench/.workbench/release-macos-arm64-1.7.0/QtVideoWorkbench.app/Contents/Frameworks//libintl.8.dylib"
Log:  copied: "/opt/homebrew/opt/pcre2/lib/libpcre2-8.0.dylib"
Log:  to "/Users/bytedance/Downloads/国产资产作业/qt-video-workbench/.workbench/release-macos-arm64-1.7.0/QtVideoWorkbench.app/Contents/Frameworks//libpcre2-8.0.dylib"
Log:  copied: "/opt/homebrew/share/qt/plugins/position/libqtposition_nmea.dylib"
Log:  to "/Users/bytedance/Downloads/国产资产作业/qt-video-workbench/.workbench/release-macos-arm64-1.7.0/QtVideoWorkbench.app/Contents/PlugIns/position/libqtposition_nmea.dylib"
Log:
Log: Deploying Qt frameworks found inside: QList("/Users/bytedance/Downloads/国产资产作业/qt-video-workbench/.workbench/release-macos-arm64-1.7.0/QtVideoWorkbench.app/Contents/PlugIns/position/libqtposition_nmea.dylib")
Log:  copied: "/opt/homebrew/opt/qtpositioning/lib/QtPositioning.framework/Versions/A/QtPositioning"
Log:  to "/Users/bytedance/Downloads/国产资产作业/qt-video-workbench/.workbench/release-macos-arm64-1.7.0/QtVideoWorkbench.app/Contents/Frameworks/QtPositioning.framework/Versions/A/QtPositioning"
Log: copy: "/opt/homebrew/opt/qtpositioning/lib/QtPositioning.framework/Resources" "/Users/bytedance/Downloads/国产资产作业/qt-video-workbench/.workbench/release-macos-arm64-1.7.0/QtVideoWorkbench.app/Contents/Frameworks/QtPositioning.framework/Versions/A/Resources"
Log:  copied: "/opt/homebrew/opt/qtpositioning/lib/QtPositioning.framework/Resources/Info.plist"
Log:  to "/Users/bytedance/Downloads/国产资产作业/qt-video-workbench/.workbench/release-macos-arm64-1.7.0/QtVideoWorkbench.app/Contents/Frameworks/QtPositioning.framework/Versions/A/Resources/Info.plist"
Log:  copied: "/opt/homebrew/opt/qtpositioning/lib/QtPositioning.framework/Resources/PrivacyInfo.xcprivacy"
Log:  to "/Users/bytedance/Downloads/国产资产作业/qt-video-workbench/.workbench/release-macos-arm64-1.7.0/QtVideoWorkbench.app/Contents/Frameworks/QtPositioning.framework/Versions/A/Resources/PrivacyInfo.xcprivacy"
Log: Symlink exists, skipping: "/Users/bytedance/Downloads/国产资产作业/qt-video-workbench/.workbench/release-macos-arm64-1.7.0/QtVideoWorkbench.app/Contents/Frameworks/QtPositioning.framework/QtPositioning"
Log: Symlink exists, skipping: "/Users/bytedance/Downloads/国产资产作业/qt-video-workbench/.workbench/release-macos-arm64-1.7.0/QtVideoWorkbench.app/Contents/Frameworks/QtPositioning.framework/Resources"
Log: Symlink exists, skipping: "/Users/bytedance/Downloads/国产资产作业/qt-video-workbench/.workbench/release-macos-arm64-1.7.0/QtVideoWorkbench.app/Contents/Frameworks/QtPositioning.framework/Versions/Current"
Log:  copied: "/opt/homebrew/opt/qtbase/lib/QtNetwork.framework/Versions/A/QtNetwork"
Log:  to "/Users/bytedance/Downloads/国产资产作业/qt-video-workbench/.workbench/release-macos-arm64-1.7.0/QtVideoWorkbench.app/Contents/Frameworks/QtNetwork.framework/Versions/A/QtNetwork"
Log: copy: "/opt/homebrew/opt/qtbase/lib/QtNetwork.framework/Resources" "/Users/bytedance/Downloads/国产资产作业/qt-video-workbench/.workbench/release-macos-arm64-1.7.0/QtVideoWorkbench.app/Contents/Frameworks/QtNetwork.framework/Versions/A/Resources"
Log:  copied: "/opt/homebrew/opt/qtbase/lib/QtNetwork.framework/Resources/Info.plist"
Log:  to "/Users/bytedance/Downloads/国产资产作业/qt-video-workbench/.workbench/release-macos-arm64-1.7.0/QtVideoWorkbench.app/Contents/Frameworks/QtNetwork.framework/Versions/A/Resources/Info.plist"
Log:  copied: "/opt/homebrew/opt/qtbase/lib/QtNetwork.framework/Resources/PrivacyInfo.xcprivacy"
Log:  to "/Users/bytedance/Downloads/国产资产作业/qt-video-workbench/.workbench/release-macos-arm64-1.7.0/QtVideoWorkbench.app/Contents/Frameworks/QtNetwork.framework/Versions/A/Resources/PrivacyInfo.xcprivacy"
Log: Symlink exists, skipping: "/Users/bytedance/Downloads/国产资产作业/qt-video-workbench/.workbench/release-macos-arm64-1.7.0/QtVideoWorkbench.app/Contents/Frameworks/QtNetwork.framework/QtNetwork"
Log: Symlink exists, skipping: "/Users/bytedance/Downloads/国产资产作业/qt-video-workbench/.workbench/release-macos-arm64-1.7.0/QtVideoWorkbench.app/Contents/Frameworks/QtNetwork.framework/Resources"
Log: Symlink exists, skipping: "/Users/bytedance/Downloads/国产资产作业/qt-video-workbench/.workbench/release-macos-arm64-1.7.0/QtVideoWorkbench.app/Contents/Frameworks/QtNetwork.framework/Versions/Current"
Log:  copied: "/opt/homebrew/opt/qtserialport/lib/QtSerialPort.framework/Versions/A/QtSerialPort"
Log:  to "/Users/bytedance/Downloads/国产资产作业/qt-video-workbench/.workbench/release-macos-arm64-1.7.0/QtVideoWorkbench.app/Contents/Frameworks/QtSerialPort.framework/Versions/A/QtSerialPort"
Log: copy: "/opt/homebrew/opt/qtserialport/lib/QtSerialPort.framework/Resources" "/Users/bytedance/Downloads/国产资产作业/qt-video-workbench/.workbench/release-macos-arm64-1.7.0/QtVideoWorkbench.app/Contents/Frameworks/QtSerialPort.framework/Versions/A/Resources"
Log:  copied: "/opt/homebrew/opt/qtserialport/lib/QtSerialPort.framework/Resources/Info.plist"
Log:  to "/Users/bytedance/Downloads/国产资产作业/qt-video-workbench/.workbench/release-macos-arm64-1.7.0/QtVideoWorkbench.app/Contents/Frameworks/QtSerialPort.framework/Versions/A/Resources/Info.plist"
Log:  copied: "/opt/homebrew/opt/qtserialport/lib/QtSerialPort.framework/Resources/PrivacyInfo.xcprivacy"
Log:  to "/Users/bytedance/Downloads/国产资产作业/qt-video-workbench/.workbench/release-macos-arm64-1.7.0/QtVideoWorkbench.app/Contents/Frameworks/QtSerialPort.framework/Versions/A/Resources/PrivacyInfo.xcprivacy"
Log:  symlink "/Users/bytedance/Downloads/国产资产作业/qt-video-workbench/.workbench/release-macos-arm64-1.7.0/QtVideoWorkbench.app/Contents/Frameworks/QtSerialPort.framework/QtSerialPort"
Log:  points to "Versions/Current/QtSerialPort"
Log:  symlink "/Users/bytedance/Downloads/国产资产作业/qt-video-workbench/.workbench/release-macos-arm64-1.7.0/QtVideoWorkbench.app/Contents/Frameworks/QtSerialPort.framework/Resources"
Log:  points to "Versions/Current/Resources"
Log:  symlink "/Users/bytedance/Downloads/国产资产作业/qt-video-workbench/.workbench/release-macos-arm64-1.7.0/QtVideoWorkbench.app/Contents/Frameworks/QtSerialPort.framework/Versions/Current"
Log:  points to "A"
Log:  copied: "/opt/homebrew/opt/qtbase/lib/QtCore.framework/Versions/A/QtCore"
Log:  to "/Users/bytedance/Downloads/国产资产作业/qt-video-workbench/.workbench/release-macos-arm64-1.7.0/QtVideoWorkbench.app/Contents/Frameworks/QtCore.framework/Versions/A/QtCore"
Log: copy: "/opt/homebrew/opt/qtbase/lib/QtCore.framework/Resources" "/Users/bytedance/Downloads/国产资产作业/qt-video-workbench/.workbench/release-macos-arm64-1.7.0/QtVideoWorkbench.app/Contents/Frameworks/QtCore.framework/Versions/A/Resources"
Log:  copied: "/opt/homebrew/opt/qtbase/lib/QtCore.framework/Resources/Info.plist"
Log:  to "/Users/bytedance/Downloads/国产资产作业/qt-video-workbench/.workbench/release-macos-arm64-1.7.0/QtVideoWorkbench.app/Contents/Frameworks/QtCore.framework/Versions/A/Resources/Info.plist"
Log:  copied: "/opt/homebrew/opt/qtbase/lib/QtCore.framework/Resources/PrivacyInfo.xcprivacy"
Log:  to "/Users/bytedance/Downloads/国产资产作业/qt-video-workbench/.workbench/release-macos-arm64-1.7.0/QtVideoWorkbench.app/Contents/Frameworks/QtCore.framework/Versions/A/Resources/PrivacyInfo.xcprivacy"
Log: Symlink exists, skipping: "/Users/bytedance/Downloads/国产资产作业/qt-video-workbench/.workbench/release-macos-arm64-1.7.0/QtVideoWorkbench.app/Contents/Frameworks/QtCore.framework/QtCore"
Log: Symlink exists, skipping: "/Users/bytedance/Downloads/国产资产作业/qt-video-workbench/.workbench/release-macos-arm64-1.7.0/QtVideoWorkbench.app/Contents/Frameworks/QtCore.framework/Resources"
Log: Symlink exists, skipping: "/Users/bytedance/Downloads/国产资产作业/qt-video-workbench/.workbench/release-macos-arm64-1.7.0/QtVideoWorkbench.app/Contents/Frameworks/QtCore.framework/Versions/Current"
Log:  copied: "/opt/homebrew/opt/brotli/lib/libbrotlidec.1.dylib"
Log:  to "/Users/bytedance/Downloads/国产资产作业/qt-video-workbench/.workbench/release-macos-arm64-1.7.0/QtVideoWorkbench.app/Contents/Frameworks//libbrotlidec.1.dylib"
Log:  copied: "/opt/homebrew/opt/zstd/lib/libzstd.1.dylib"
Log:  to "/Users/bytedance/Downloads/国产资产作业/qt-video-workbench/.workbench/release-macos-arm64-1.7.0/QtVideoWorkbench.app/Contents/Frameworks//libzstd.1.dylib"
Log:  copied: "/opt/homebrew/opt/openssl@3/lib/libssl.3.dylib"
Log:  to "/Users/bytedance/Downloads/国产资产作业/qt-video-workbench/.workbench/release-macos-arm64-1.7.0/QtVideoWorkbench.app/Contents/Frameworks//libssl.3.dylib"
Log:  copied: "/opt/homebrew/opt/openssl@3/lib/libcrypto.3.dylib"
Log:  to "/Users/bytedance/Downloads/国产资产作业/qt-video-workbench/.workbench/release-macos-arm64-1.7.0/QtVideoWorkbench.app/Contents/Frameworks//libcrypto.3.dylib"
Log:  copied: "/opt/homebrew/opt/icu4c@78/lib/libicui18n.78.dylib"
Log:  to "/Users/bytedance/Downloads/国产资产作业/qt-video-workbench/.workbench/release-macos-arm64-1.7.0/QtVideoWorkbench.app/Contents/Frameworks//libicui18n.78.dylib"
Log:  copied: "/opt/homebrew/opt/icu4c@78/lib/libicuuc.78.dylib"
Log:  to "/Users/bytedance/Downloads/国产资产作业/qt-video-workbench/.workbench/release-macos-arm64-1.7.0/QtVideoWorkbench.app/Contents/Frameworks//libicuuc.78.dylib"
Log:  copied: "/opt/homebrew/opt/icu4c@78/lib/libicudata.78.dylib"
Log:  to "/Users/bytedance/Downloads/国产资产作业/qt-video-workbench/.workbench/release-macos-arm64-1.7.0/QtVideoWorkbench.app/Contents/Frameworks//libicudata.78.dylib"
Log:  copied: "/opt/homebrew/opt/glib/lib/libglib-2.0.0.dylib"
Log:  to "/Users/bytedance/Downloads/国产资产作业/qt-video-workbench/.workbench/release-macos-arm64-1.7.0/QtVideoWorkbench.app/Contents/Frameworks//libglib-2.0.0.dylib"
Log:  copied: "/opt/homebrew/opt/double-conversion/lib/libdouble-conversion.3.dylib"
Log:  to "/Users/bytedance/Downloads/国产资产作业/qt-video-workbench/.workbench/release-macos-arm64-1.7.0/QtVideoWorkbench.app/Contents/Frameworks//libdouble-conversion.3.dylib"
Log:  copied: "/opt/homebrew/opt/libb2/lib/libb2.1.dylib"
Log:  to "/Users/bytedance/Downloads/国产资产作业/qt-video-workbench/.workbench/release-macos-arm64-1.7.0/QtVideoWorkbench.app/Contents/Frameworks//libb2.1.dylib"
Log:  copied: "/opt/homebrew/opt/pcre2/lib/libpcre2-16.0.dylib"
Log:  to "/Users/bytedance/Downloads/国产资产作业/qt-video-workbench/.workbench/release-macos-arm64-1.7.0/QtVideoWorkbench.app/Contents/Frameworks//libpcre2-16.0.dylib"
Log:  copied: "/opt/homebrew/opt/glib/lib/libgthread-2.0.0.dylib"
Log:  to "/Users/bytedance/Downloads/国产资产作业/qt-video-workbench/.workbench/release-macos-arm64-1.7.0/QtVideoWorkbench.app/Contents/Frameworks//libgthread-2.0.0.dylib"
Log:  copied: "/opt/homebrew/opt/brotli/lib/libbrotlicommon.1.dylib"
Log:  to "/Users/bytedance/Downloads/国产资产作业/qt-video-workbench/.workbench/release-macos-arm64-1.7.0/QtVideoWorkbench.app/Contents/Frameworks//libbrotlicommon.1.dylib"
Log:  copied: "/opt/homebrew/Cellar/openssl@3/3.6.4/lib/libcrypto.3.dylib"
Log:  to "/Users/bytedance/Downloads/国产资产作业/qt-video-workbench/.workbench/release-macos-arm64-1.7.0/QtVideoWorkbench.app/Contents/Frameworks//libcrypto.3.dylib"
Log:  copied: "/opt/homebrew/opt/gettext/lib/libintl.8.dylib"
Log:  to "/Users/bytedance/Downloads/国产资产作业/qt-video-workbench/.workbench/release-macos-arm64-1.7.0/QtVideoWorkbench.app/Contents/Frameworks//libintl.8.dylib"
Log:  copied: "/opt/homebrew/opt/pcre2/lib/libpcre2-8.0.dylib"
Log:  to "/Users/bytedance/Downloads/国产资产作业/qt-video-workbench/.workbench/release-macos-arm64-1.7.0/QtVideoWorkbench.app/Contents/Frameworks//libpcre2-8.0.dylib"
Log:  copied: "/opt/homebrew/share/qt/plugins/position/libqtposition_positionpoll.dylib"
Log:  to "/Users/bytedance/Downloads/国产资产作业/qt-video-workbench/.workbench/release-macos-arm64-1.7.0/QtVideoWorkbench.app/Contents/PlugIns/position/libqtposition_positionpoll.dylib"
Log:
Log: Deploying Qt frameworks found inside: QList("/Users/bytedance/Downloads/国产资产作业/qt-video-workbench/.workbench/release-macos-arm64-1.7.0/QtVideoWorkbench.app/Contents/PlugIns/position/libqtposition_positionpoll.dylib")
Log:  copied: "/opt/homebrew/opt/qtpositioning/lib/QtPositioning.framework/Versions/A/QtPositioning"
Log:  to "/Users/bytedance/Downloads/国产资产作业/qt-video-workbench/.workbench/release-macos-arm64-1.7.0/QtVideoWorkbench.app/Contents/Frameworks/QtPositioning.framework/Versions/A/QtPositioning"
Log: copy: "/opt/homebrew/opt/qtpositioning/lib/QtPositioning.framework/Resources" "/Users/bytedance/Downloads/国产资产作业/qt-video-workbench/.workbench/release-macos-arm64-1.7.0/QtVideoWorkbench.app/Contents/Frameworks/QtPositioning.framework/Versions/A/Resources"
Log:  copied: "/opt/homebrew/opt/qtpositioning/lib/QtPositioning.framework/Resources/Info.plist"
Log:  to "/Users/bytedance/Downloads/国产资产作业/qt-video-workbench/.workbench/release-macos-arm64-1.7.0/QtVideoWorkbench.app/Contents/Frameworks/QtPositioning.framework/Versions/A/Resources/Info.plist"
Log:  copied: "/opt/homebrew/opt/qtpositioning/lib/QtPositioning.framework/Resources/PrivacyInfo.xcprivacy"
Log:  to "/Users/bytedance/Downloads/国产资产作业/qt-video-workbench/.workbench/release-macos-arm64-1.7.0/QtVideoWorkbench.app/Contents/Frameworks/QtPositioning.framework/Versions/A/Resources/PrivacyInfo.xcprivacy"
Log: Symlink exists, skipping: "/Users/bytedance/Downloads/国产资产作业/qt-video-workbench/.workbench/release-macos-arm64-1.7.0/QtVideoWorkbench.app/Contents/Frameworks/QtPositioning.framework/QtPositioning"
Log: Symlink exists, skipping: "/Users/bytedance/Downloads/国产资产作业/qt-video-workbench/.workbench/release-macos-arm64-1.7.0/QtVideoWorkbench.app/Contents/Frameworks/QtPositioning.framework/Resources"
Log: Symlink exists, skipping: "/Users/bytedance/Downloads/国产资产作业/qt-video-workbench/.workbench/release-macos-arm64-1.7.0/QtVideoWorkbench.app/Contents/Frameworks/QtPositioning.framework/Versions/Current"
Log:  copied: "/opt/homebrew/opt/qtbase/lib/QtCore.framework/Versions/A/QtCore"
Log:  to "/Users/bytedance/Downloads/国产资产作业/qt-video-workbench/.workbench/release-macos-arm64-1.7.0/QtVideoWorkbench.app/Contents/Frameworks/QtCore.framework/Versions/A/QtCore"
Log: copy: "/opt/homebrew/opt/qtbase/lib/QtCore.framework/Resources" "/Users/bytedance/Downloads/国产资产作业/qt-video-workbench/.workbench/release-macos-arm64-1.7.0/QtVideoWorkbench.app/Contents/Frameworks/QtCore.framework/Versions/A/Resources"
Log:  copied: "/opt/homebrew/opt/qtbase/lib/QtCore.framework/Resources/Info.plist"
Log:  to "/Users/bytedance/Downloads/国产资产作业/qt-video-workbench/.workbench/release-macos-arm64-1.7.0/QtVideoWorkbench.app/Contents/Frameworks/QtCore.framework/Versions/A/Resources/Info.plist"
Log:  copied: "/opt/homebrew/opt/qtbase/lib/QtCore.framework/Resources/PrivacyInfo.xcprivacy"
Log:  to "/Users/bytedance/Downloads/国产资产作业/qt-video-workbench/.workbench/release-macos-arm64-1.7.0/QtVideoWorkbench.app/Contents/Frameworks/QtCore.framework/Versions/A/Resources/PrivacyInfo.xcprivacy"
Log: Symlink exists, skipping: "/Users/bytedance/Downloads/国产资产作业/qt-video-workbench/.workbench/release-macos-arm64-1.7.0/QtVideoWorkbench.app/Contents/Frameworks/QtCore.framework/QtCore"
Log: Symlink exists, skipping: "/Users/bytedance/Downloads/国产资产作业/qt-video-workbench/.workbench/release-macos-arm64-1.7.0/QtVideoWorkbench.app/Contents/Frameworks/QtCore.framework/Resources"
Log: Symlink exists, skipping: "/Users/bytedance/Downloads/国产资产作业/qt-video-workbench/.workbench/release-macos-arm64-1.7.0/QtVideoWorkbench.app/Contents/Frameworks/QtCore.framework/Versions/Current"
Log:  copied: "/opt/homebrew/opt/icu4c@78/lib/libicui18n.78.dylib"
Log:  to "/Users/bytedance/Downloads/国产资产作业/qt-video-workbench/.workbench/release-macos-arm64-1.7.0/QtVideoWorkbench.app/Contents/Frameworks//libicui18n.78.dylib"
Log:  copied: "/opt/homebrew/opt/icu4c@78/lib/libicuuc.78.dylib"
Log:  to "/Users/bytedance/Downloads/国产资产作业/qt-video-workbench/.workbench/release-macos-arm64-1.7.0/QtVideoWorkbench.app/Contents/Frameworks//libicuuc.78.dylib"
Log:  copied: "/opt/homebrew/opt/icu4c@78/lib/libicudata.78.dylib"
Log:  to "/Users/bytedance/Downloads/国产资产作业/qt-video-workbench/.workbench/release-macos-arm64-1.7.0/QtVideoWorkbench.app/Contents/Frameworks//libicudata.78.dylib"
Log:  copied: "/opt/homebrew/opt/glib/lib/libglib-2.0.0.dylib"
Log:  to "/Users/bytedance/Downloads/国产资产作业/qt-video-workbench/.workbench/release-macos-arm64-1.7.0/QtVideoWorkbench.app/Contents/Frameworks//libglib-2.0.0.dylib"
Log:  copied: "/opt/homebrew/opt/double-conversion/lib/libdouble-conversion.3.dylib"
Log:  to "/Users/bytedance/Downloads/国产资产作业/qt-video-workbench/.workbench/release-macos-arm64-1.7.0/QtVideoWorkbench.app/Contents/Frameworks//libdouble-conversion.3.dylib"
Log:  copied: "/opt/homebrew/opt/libb2/lib/libb2.1.dylib"
Log:  to "/Users/bytedance/Downloads/国产资产作业/qt-video-workbench/.workbench/release-macos-arm64-1.7.0/QtVideoWorkbench.app/Contents/Frameworks//libb2.1.dylib"
Log:  copied: "/opt/homebrew/opt/pcre2/lib/libpcre2-16.0.dylib"
Log:  to "/Users/bytedance/Downloads/国产资产作业/qt-video-workbench/.workbench/release-macos-arm64-1.7.0/QtVideoWorkbench.app/Contents/Frameworks//libpcre2-16.0.dylib"
Log:  copied: "/opt/homebrew/opt/zstd/lib/libzstd.1.dylib"
Log:  to "/Users/bytedance/Downloads/国产资产作业/qt-video-workbench/.workbench/release-macos-arm64-1.7.0/QtVideoWorkbench.app/Contents/Frameworks//libzstd.1.dylib"
Log:  copied: "/opt/homebrew/opt/glib/lib/libgthread-2.0.0.dylib"
Log:  to "/Users/bytedance/Downloads/国产资产作业/qt-video-workbench/.workbench/release-macos-arm64-1.7.0/QtVideoWorkbench.app/Contents/Frameworks//libgthread-2.0.0.dylib"
Log:  copied: "/opt/homebrew/opt/gettext/lib/libintl.8.dylib"
Log:  to "/Users/bytedance/Downloads/国产资产作业/qt-video-workbench/.workbench/release-macos-arm64-1.7.0/QtVideoWorkbench.app/Contents/Frameworks//libintl.8.dylib"
Log:  copied: "/opt/homebrew/opt/pcre2/lib/libpcre2-8.0.dylib"
Log:  to "/Users/bytedance/Downloads/国产资产作业/qt-video-workbench/.workbench/release-macos-arm64-1.7.0/QtVideoWorkbench.app/Contents/Frameworks//libpcre2-8.0.dylib"
Log: Created configuration file: "/Users/bytedance/Downloads/国产资产作业/qt-video-workbench/.workbench/release-macos-arm64-1.7.0/QtVideoWorkbench.app/Contents/Resources/qt.conf"
Log: This file sets the plugin search path to "/Users/bytedance/Downloads/国产资产作业/qt-video-workbench/.workbench/release-macos-arm64-1.7.0/QtVideoWorkbench.app/Contents/PlugIns"
Log: 
Log: Signing "/Users/bytedance/Downloads/国产资产作业/qt-video-workbench/.workbench/release-macos-arm64-1.7.0/QtVideoWorkbench.app" with identity "-"
Log: 
Log: Signing "/Users/bytedance/Downloads/国产资产作业/qt-video-workbench/.workbench/release-macos-arm64-1.7.0/QtVideoWorkbench.app/Contents/Frameworks/QtWebEngineCore.framework/Versions/A/Helpers/QtWebEngineProcess.app" with identity "-"
Log: Skipping outside dependency:  "/Users/bytedance/Downloads/国产资产作业/qt-video-workbench/.workbench/release-macos-arm64-1.7.0/QtVideoWorkbench.app/Contents/Frameworks/QtWebEngineCore.framework/Versions/A/QtWebEngineCore"
Log: "codesign" "/Users/bytedance/Downloads/国产资产作业/qt-video-workbench/.workbench/release-macos-arm64-1.7.0/QtVideoWorkbench.app/Contents/Frameworks/QtWebEngineCore.framework/Versions/A/Helpers/QtWebEngineProcess.app/Contents/MacOS/QtWebEngineProcess"
Log: Finished codesigning  "/Users/bytedance/Downloads/国产资产作业/qt-video-workbench/.workbench/release-macos-arm64-1.7.0/QtVideoWorkbench.app/Contents/Frameworks/QtWebEngineCore.framework/Versions/A/Helpers/QtWebEngineProcess.app" with identity "-"
Log: "codesign" "/Users/bytedance/Downloads/国产资产作业/qt-video-workbench/.workbench/release-macos-arm64-1.7.0/QtVideoWorkbench.app/Contents/Frameworks/libb2.1.dylib"
Log: "codesign" "/Users/bytedance/Downloads/国产资产作业/qt-video-workbench/.workbench/release-macos-arm64-1.7.0/QtVideoWorkbench.app/Contents/Frameworks/libicui18n.78.dylib"
Log: "codesign" "/Users/bytedance/Downloads/国产资产作业/qt-video-workbench/.workbench/release-macos-arm64-1.7.0/QtVideoWorkbench.app/Contents/Frameworks/libzstd.1.dylib"
Log: "codesign" "/Users/bytedance/Downloads/国产资产作业/qt-video-workbench/.workbench/release-macos-arm64-1.7.0/QtVideoWorkbench.app/Contents/Frameworks/libicuuc.78.dylib"
Log: "codesign" "/Users/bytedance/Downloads/国产资产作业/qt-video-workbench/.workbench/release-macos-arm64-1.7.0/QtVideoWorkbench.app/Contents/Frameworks/libdouble-conversion.3.dylib"
Log: "codesign" "/Users/bytedance/Downloads/国产资产作业/qt-video-workbench/.workbench/release-macos-arm64-1.7.0/QtVideoWorkbench.app/Contents/Frameworks/libicudata.78.dylib"
Log: "codesign" "/Users/bytedance/Downloads/国产资产作业/qt-video-workbench/.workbench/release-macos-arm64-1.7.0/QtVideoWorkbench.app/Contents/Frameworks/libpcre2-16.0.dylib"
Log: "codesign" "/Users/bytedance/Downloads/国产资产作业/qt-video-workbench/.workbench/release-macos-arm64-1.7.0/QtVideoWorkbench.app/Contents/Frameworks/libgthread-2.0.0.dylib"
Log: "codesign" "/Users/bytedance/Downloads/国产资产作业/qt-video-workbench/.workbench/release-macos-arm64-1.7.0/QtVideoWorkbench.app/Contents/Frameworks/libpcre2-8.0.dylib"
Log: "codesign" "/Users/bytedance/Downloads/国产资产作业/qt-video-workbench/.workbench/release-macos-arm64-1.7.0/QtVideoWorkbench.app/Contents/Frameworks/libintl.8.dylib"
Log: "codesign" "/Users/bytedance/Downloads/国产资产作业/qt-video-workbench/.workbench/release-macos-arm64-1.7.0/QtVideoWorkbench.app/Contents/Frameworks/libglib-2.0.0.dylib"
Log: "codesign" "/Users/bytedance/Downloads/国产资产作业/qt-video-workbench/.workbench/release-macos-arm64-1.7.0/QtVideoWorkbench.app/Contents/Frameworks/QtCore.framework/Versions/A/QtCore"
Log: "codesign" "/Users/bytedance/Downloads/国产资产作业/qt-video-workbench/.workbench/release-macos-arm64-1.7.0/QtVideoWorkbench.app/Contents/Frameworks/libssl.3.dylib"
ERROR: Cannot resolve rpath "@rpath/libbrotlicommon.1.dylib"
ERROR:  using QList("/Users/bytedance/Downloads/国产资产作业/qt-video-workbench/.workbench/release-macos-arm64-1.7.0/QtVideoWorkbench.app/Contents/lib", "/opt/homebrew/opt/qt/lib")
Log: "codesign" "/Users/bytedance/Downloads/国产资产作业/qt-video-workbench/.workbench/release-macos-arm64-1.7.0/QtVideoWorkbench.app/Contents/Frameworks/libbrotlidec.1.dylib"
Log: "codesign" "/Users/bytedance/Downloads/国产资产作业/qt-video-workbench/.workbench/release-macos-arm64-1.7.0/QtVideoWorkbench.app/Contents/Frameworks/libcrypto.3.dylib"
Log: "codesign" "/Users/bytedance/Downloads/国产资产作业/qt-video-workbench/.workbench/release-macos-arm64-1.7.0/QtVideoWorkbench.app/Contents/Frameworks/QtNetwork.framework/Versions/A/QtNetwork"
Log: "codesign" "/Users/bytedance/Downloads/国产资产作业/qt-video-workbench/.workbench/release-macos-arm64-1.7.0/QtVideoWorkbench.app/Contents/PlugIns/networkinformation/libqapplenetworkinformation.dylib"
Log: "codesign" "/Users/bytedance/Downloads/国产资产作业/qt-video-workbench/.workbench/release-macos-arm64-1.7.0/QtVideoWorkbench.app/Contents/Frameworks/libgobject-2.0.0.dylib"
Log: "codesign" "/Users/bytedance/Downloads/国产资产作业/qt-video-workbench/.workbench/release-macos-arm64-1.7.0/QtVideoWorkbench.app/Contents/Frameworks/libgmodule-2.0.0.dylib"
Log: "codesign" "/Users/bytedance/Downloads/国产资产作业/qt-video-workbench/.workbench/release-macos-arm64-1.7.0/QtVideoWorkbench.app/Contents/Frameworks/libgio-2.0.0.dylib"
Log: "codesign" "/Users/bytedance/Downloads/国产资产作业/qt-video-workbench/.workbench/release-macos-arm64-1.7.0/QtVideoWorkbench.app/Contents/PlugIns/networkinformation/libqglib.dylib"
Log: "codesign" "/Users/bytedance/Downloads/国产资产作业/qt-video-workbench/.workbench/release-macos-arm64-1.7.0/QtVideoWorkbench.app/Contents/Frameworks/libpng16.16.dylib"
Log: "codesign" "/Users/bytedance/Downloads/国产资产作业/qt-video-workbench/.workbench/release-macos-arm64-1.7.0/QtVideoWorkbench.app/Contents/Frameworks/libmd4c.0.dylib"
Log: "codesign" "/Users/bytedance/Downloads/国产资产作业/qt-video-workbench/.workbench/release-macos-arm64-1.7.0/QtVideoWorkbench.app/Contents/Frameworks/libfreetype.6.dylib"
Log: "codesign" "/Users/bytedance/Downloads/国产资产作业/qt-video-workbench/.workbench/release-macos-arm64-1.7.0/QtVideoWorkbench.app/Contents/Frameworks/libgraphite2.3.dylib"
Log: "codesign" "/Users/bytedance/Downloads/国产资产作业/qt-video-workbench/.workbench/release-macos-arm64-1.7.0/QtVideoWorkbench.app/Contents/Frameworks/libharfbuzz.0.dylib"
Log: "codesign" "/Users/bytedance/Downloads/国产资产作业/qt-video-workbench/.workbench/release-macos-arm64-1.7.0/QtVideoWorkbench.app/Contents/Frameworks/libdbus-1.3.dylib"
Log: "codesign" "/Users/bytedance/Downloads/国产资产作业/qt-video-workbench/.workbench/release-macos-arm64-1.7.0/QtVideoWorkbench.app/Contents/Frameworks/QtDBus.framework/Versions/A/QtDBus"
Log: "codesign" "/Users/bytedance/Downloads/国产资产作业/qt-video-workbench/.workbench/release-macos-arm64-1.7.0/QtVideoWorkbench.app/Contents/Frameworks/QtGui.framework/Versions/A/QtGui"
Log: "codesign" "/Users/bytedance/Downloads/国产资产作业/qt-video-workbench/.workbench/release-macos-arm64-1.7.0/QtVideoWorkbench.app/Contents/PlugIns/imageformats/libqtga.dylib"
Log: "codesign" "/Users/bytedance/Downloads/国产资产作业/qt-video-workbench/.workbench/release-macos-arm64-1.7.0/QtVideoWorkbench.app/Contents/PlugIns/imageformats/libqicns.dylib"
Log: "codesign" "/Users/bytedance/Downloads/国产资产作业/qt-video-workbench/.workbench/release-macos-arm64-1.7.0/QtVideoWorkbench.app/Contents/Frameworks/QtPdf.framework/Versions/A/QtPdf"
Log: "codesign" "/Users/bytedance/Downloads/国产资产作业/qt-video-workbench/.workbench/release-macos-arm64-1.7.0/QtVideoWorkbench.app/Contents/PlugIns/imageformats/libqpdf.dylib"
Log: "codesign" "/Users/bytedance/Downloads/国产资产作业/qt-video-workbench/.workbench/release-macos-arm64-1.7.0/QtVideoWorkbench.app/Contents/Frameworks/libjpeg.8.dylib"
Log: "codesign" "/Users/bytedance/Downloads/国产资产作业/qt-video-workbench/.workbench/release-macos-arm64-1.7.0/QtVideoWorkbench.app/Contents/Frameworks/libjasper.7.dylib"
Log: "codesign" "/Users/bytedance/Downloads/国产资产作业/qt-video-workbench/.workbench/release-macos-arm64-1.7.0/QtVideoWorkbench.app/Contents/PlugIns/imageformats/libqjp2.dylib"
Log: "codesign" "/Users/bytedance/Downloads/国产资产作业/qt-video-workbench/.workbench/release-macos-arm64-1.7.0/QtVideoWorkbench.app/Contents/Frameworks/liblcms2.2.dylib"
Log: "codesign" "/Users/bytedance/Downloads/国产资产作业/qt-video-workbench/.workbench/release-macos-arm64-1.7.0/QtVideoWorkbench.app/Contents/Frameworks/libmng.2.dylib"
Log: "codesign" "/Users/bytedance/Downloads/国产资产作业/qt-video-workbench/.workbench/release-macos-arm64-1.7.0/QtVideoWorkbench.app/Contents/PlugIns/imageformats/libqmng.dylib"
Log: "codesign" "/Users/bytedance/Downloads/国产资产作业/qt-video-workbench/.workbench/release-macos-arm64-1.7.0/QtVideoWorkbench.app/Contents/Frameworks/liblzma.5.dylib"
ERROR: Cannot resolve rpath "@rpath/libsharpyuv.0.dylib"
ERROR:  using QList("/Users/bytedance/Downloads/国产资产作业/qt-video-workbench/.workbench/release-macos-arm64-1.7.0/QtVideoWorkbench.app/Contents/lib", "/opt/homebrew/opt/qt/lib")
Log: "codesign" "/Users/bytedance/Downloads/国产资产作业/qt-video-workbench/.workbench/release-macos-arm64-1.7.0/QtVideoWorkbench.app/Contents/Frameworks/libwebp.7.dylib"
Log: "codesign" "/Users/bytedance/Downloads/国产资产作业/qt-video-workbench/.workbench/release-macos-arm64-1.7.0/QtVideoWorkbench.app/Contents/Frameworks/libtiff.6.dylib"
Log: "codesign" "/Users/bytedance/Downloads/国产资产作业/qt-video-workbench/.workbench/release-macos-arm64-1.7.0/QtVideoWorkbench.app/Contents/PlugIns/imageformats/libqtiff.dylib"
Log: "codesign" "/Users/bytedance/Downloads/国产资产作业/qt-video-workbench/.workbench/release-macos-arm64-1.7.0/QtVideoWorkbench.app/Contents/PlugIns/imageformats/libqjpeg.dylib"
Log: "codesign" "/Users/bytedance/Downloads/国产资产作业/qt-video-workbench/.workbench/release-macos-arm64-1.7.0/QtVideoWorkbench.app/Contents/PlugIns/imageformats/libqmacheif.dylib"
Log: "codesign" "/Users/bytedance/Downloads/国产资产作业/qt-video-workbench/.workbench/release-macos-arm64-1.7.0/QtVideoWorkbench.app/Contents/PlugIns/imageformats/libqico.dylib"
Log: "codesign" "/Users/bytedance/Downloads/国产资产作业/qt-video-workbench/.workbench/release-macos-arm64-1.7.0/QtVideoWorkbench.app/Contents/Frameworks/libsharpyuv.0.dylib"
ERROR: Cannot resolve rpath "@rpath/libwebp.7.dylib"
ERROR:  using QList("/Users/bytedance/Downloads/国产资产作业/qt-video-workbench/.workbench/release-macos-arm64-1.7.0/QtVideoWorkbench.app/Contents/lib", "/opt/homebrew/opt/qt/lib")
ERROR: Cannot resolve rpath "@rpath/libsharpyuv.0.dylib"
ERROR:  using QList("/Users/bytedance/Downloads/国产资产作业/qt-video-workbench/.workbench/release-macos-arm64-1.7.0/QtVideoWorkbench.app/Contents/lib", "/opt/homebrew/opt/qt/lib")
Log: "codesign" "/Users/bytedance/Downloads/国产资产作业/qt-video-workbench/.workbench/release-macos-arm64-1.7.0/QtVideoWorkbench.app/Contents/Frameworks/libwebpmux.3.dylib"
ERROR: Cannot resolve rpath "@rpath/libwebp.7.dylib"
ERROR:  using QList("/Users/bytedance/Downloads/国产资产作业/qt-video-workbench/.workbench/release-macos-arm64-1.7.0/QtVideoWorkbench.app/Contents/lib", "/opt/homebrew/opt/qt/lib")
ERROR: Cannot resolve rpath "@rpath/libsharpyuv.0.dylib"
ERROR:  using QList("/Users/bytedance/Downloads/国产资产作业/qt-video-workbench/.workbench/release-macos-arm64-1.7.0/QtVideoWorkbench.app/Contents/lib", "/opt/homebrew/opt/qt/lib")
Log: "codesign" "/Users/bytedance/Downloads/国产资产作业/qt-video-workbench/.workbench/release-macos-arm64-1.7.0/QtVideoWorkbench.app/Contents/Frameworks/libwebpdemux.2.dylib"
Log: "codesign" "/Users/bytedance/Downloads/国产资产作业/qt-video-workbench/.workbench/release-macos-arm64-1.7.0/QtVideoWorkbench.app/Contents/PlugIns/imageformats/libqwebp.dylib"
Log: "codesign" "/Users/bytedance/Downloads/国产资产作业/qt-video-workbench/.workbench/release-macos-arm64-1.7.0/QtVideoWorkbench.app/Contents/PlugIns/imageformats/libqwbmp.dylib"
Log: "codesign" "/Users/bytedance/Downloads/国产资产作业/qt-video-workbench/.workbench/release-macos-arm64-1.7.0/QtVideoWorkbench.app/Contents/PlugIns/imageformats/libqgif.dylib"
Log: Skipping outside dependency:  "/opt/homebrew/opt/qt/lib/QtSvg.framework/Versions/A/QtSvg"
Log: "codesign" "/Users/bytedance/Downloads/国产资产作业/qt-video-workbench/.workbench/release-macos-arm64-1.7.0/QtVideoWorkbench.app/Contents/PlugIns/iconengines/libqsvgicon.dylib"
Log: "codesign" "/Users/bytedance/Downloads/国产资产作业/qt-video-workbench/.workbench/release-macos-arm64-1.7.0/QtVideoWorkbench.app/Contents/PlugIns/tls/libqcertonlybackend.dylib"
Log: "codesign" "/Users/bytedance/Downloads/国产资产作业/qt-video-workbench/.workbench/release-macos-arm64-1.7.0/QtVideoWorkbench.app/Contents/PlugIns/tls/libqopensslbackend.dylib"
Log: "codesign" "/Users/bytedance/Downloads/国产资产作业/qt-video-workbench/.workbench/release-macos-arm64-1.7.0/QtVideoWorkbench.app/Contents/PlugIns/tls/libqsecuretransportbackend.dylib"
Log: "codesign" "/Users/bytedance/Downloads/国产资产作业/qt-video-workbench/.workbench/release-macos-arm64-1.7.0/QtVideoWorkbench.app/Contents/Frameworks/QtWidgets.framework/Versions/A/QtWidgets"
Log: "codesign" "/Users/bytedance/Downloads/国产资产作业/qt-video-workbench/.workbench/release-macos-arm64-1.7.0/QtVideoWorkbench.app/Contents/PlugIns/styles/libqmacstyle.dylib"
Log: "codesign" "/Users/bytedance/Downloads/国产资产作业/qt-video-workbench/.workbench/release-macos-arm64-1.7.0/QtVideoWorkbench.app/Contents/Frameworks/QtSerialPort.framework/Versions/A/QtSerialPort"
Log: "codesign" "/Users/bytedance/Downloads/国产资产作业/qt-video-workbench/.workbench/release-macos-arm64-1.7.0/QtVideoWorkbench.app/Contents/Frameworks/QtPositioning.framework/Versions/A/QtPositioning"
Log: "codesign" "/Users/bytedance/Downloads/国产资产作业/qt-video-workbench/.workbench/release-macos-arm64-1.7.0/QtVideoWorkbench.app/Contents/PlugIns/position/libqtposition_nmea.dylib"
Log: "codesign" "/Users/bytedance/Downloads/国产资产作业/qt-video-workbench/.workbench/release-macos-arm64-1.7.0/QtVideoWorkbench.app/Contents/PlugIns/position/libqtposition_cl.dylib"
Log: "codesign" "/Users/bytedance/Downloads/国产资产作业/qt-video-workbench/.workbench/release-macos-arm64-1.7.0/QtVideoWorkbench.app/Contents/PlugIns/position/libqtposition_positionpoll.dylib"
Log: "codesign" "/Users/bytedance/Downloads/国产资产作业/qt-video-workbench/.workbench/release-macos-arm64-1.7.0/QtVideoWorkbench.app/Contents/PlugIns/platforms/libqcocoa.dylib"
Log: Skipping outside dependency:  "/opt/homebrew/opt/qt/lib/QtVirtualKeyboardQml.framework/Versions/A/QtVirtualKeyboardQml"
Log: Skipping outside dependency:  "/opt/homebrew/opt/qt/lib/QtVirtualKeyboard.framework/Versions/A/QtVirtualKeyboard"
Log: "codesign" "/Users/bytedance/Downloads/国产资产作业/qt-video-workbench/.workbench/release-macos-arm64-1.7.0/QtVideoWorkbench.app/Contents/Frameworks/QtQmlMeta.framework/Versions/A/QtQmlMeta"
Log: "codesign" "/Users/bytedance/Downloads/国产资产作业/qt-video-workbench/.workbench/release-macos-arm64-1.7.0/QtVideoWorkbench.app/Contents/Frameworks/QtQmlModels.framework/Versions/A/QtQmlModels"
Log: "codesign" "/Users/bytedance/Downloads/国产资产作业/qt-video-workbench/.workbench/release-macos-arm64-1.7.0/QtVideoWorkbench.app/Contents/Frameworks/QtQmlWorkerScript.framework/Versions/A/QtQmlWorkerScript"
Log: "codesign" "/Users/bytedance/Downloads/国产资产作业/qt-video-workbench/.workbench/release-macos-arm64-1.7.0/QtVideoWorkbench.app/Contents/Frameworks/QtQuick.framework/Versions/A/QtQuick"
Log: "codesign" "/Users/bytedance/Downloads/国产资产作业/qt-video-workbench/.workbench/release-macos-arm64-1.7.0/QtVideoWorkbench.app/Contents/Frameworks/QtQml.framework/Versions/A/QtQml"
Log: "codesign" "/Users/bytedance/Downloads/国产资产作业/qt-video-workbench/.workbench/release-macos-arm64-1.7.0/QtVideoWorkbench.app/Contents/Frameworks/QtOpenGL.framework/Versions/A/QtOpenGL"
Log: Skipping outside dependency:  "/opt/homebrew/opt/qt/lib/QtVirtualKeyboardQml.framework/Versions/A/QtVirtualKeyboardQml"
Log: Skipping outside dependency:  "/opt/homebrew/opt/qt/lib/QtVirtualKeyboard.framework/Versions/A/QtVirtualKeyboard"
Log: "codesign" "/Users/bytedance/Downloads/国产资产作业/qt-video-workbench/.workbench/release-macos-arm64-1.7.0/QtVideoWorkbench.app/Contents/PlugIns/platforminputcontexts/libqtvirtualkeyboardplugin.dylib"
Log: "codesign" "/Users/bytedance/Downloads/国产资产作业/qt-video-workbench/.workbench/release-macos-arm64-1.7.0/QtVideoWorkbench.app/Contents/Frameworks/QtWebEngineCore.framework/Versions/A/QtWebEngineCore"
Log: "codesign" "/Users/bytedance/Downloads/国产资产作业/qt-video-workbench/.workbench/release-macos-arm64-1.7.0/QtVideoWorkbench.app/Contents/Frameworks/QtWebChannel.framework/Versions/A/QtWebChannel"
Log: "codesign" "/Users/bytedance/Downloads/国产资产作业/qt-video-workbench/.workbench/release-macos-arm64-1.7.0/QtVideoWorkbench.app/Contents/Frameworks/QtPrintSupport.framework/Versions/A/QtPrintSupport"
Log: "codesign" "/Users/bytedance/Downloads/国产资产作业/qt-video-workbench/.workbench/release-macos-arm64-1.7.0/QtVideoWorkbench.app/Contents/Frameworks/QtQuickWidgets.framework/Versions/A/QtQuickWidgets"
Log: "codesign" "/Users/bytedance/Downloads/国产资产作业/qt-video-workbench/.workbench/release-macos-arm64-1.7.0/QtVideoWorkbench.app/Contents/Frameworks/QtWebEngineWidgets.framework/Versions/A/QtWebEngineWidgets"
Log: "codesign" "/Users/bytedance/Downloads/国产资产作业/qt-video-workbench/.workbench/release-macos-arm64-1.7.0/QtVideoWorkbench.app/Contents/MacOS/qt-video-workbench"
Log: Finished codesigning  "/Users/bytedance/Downloads/国产资产作业/qt-video-workbench/.workbench/release-macos-arm64-1.7.0/QtVideoWorkbench.app" with identity "-"
ERROR: codesign verification error:
ERROR: "/Users/bytedance/Downloads/\xE5\x9B\xBD\xE4\xBA\xA7\xE8\xB5\x84\xE4\xBA\xA7\xE4\xBD\x9C\xE4\xB8\x9A/qt-video-workbench/.workbench/release-macos-arm64-1.7.0/QtVideoWorkbench.app: invalid signature (code or signature have been modified)\nIn subcomponent: /Users/bytedance/Downloads/\xE5\x9B\xBD\xE4\xBA\xA7\xE8\xB5\x84\xE4\xBA\xA7\xE4\xBD\x9C\xE4\xB8\x9A/qt-video-workbench/.workbench/release-macos-arm64-1.7.0/QtVideoWorkbench.app/Contents/Frameworks/libbrotlicommon.1.dylib\nIn architecture: arm64\n"
/Library/Developer/CommandLineTools/usr/bin/install_name_tool: warning: changes being made to the file will invalidate the code signature in: /Users/bytedance/Downloads/国产资产作业/qt-video-workbench/.workbench/release-macos-arm64-1.7.0/QtVideoWorkbench.app/Contents/Frameworks/QtCore.framework/Versions/A/QtCore
/Library/Developer/CommandLineTools/usr/bin/install_name_tool: warning: changes being made to the file will invalidate the code signature in: /Users/bytedance/Downloads/国产资产作业/qt-video-workbench/.workbench/release-macos-arm64-1.7.0/QtVideoWorkbench.app/Contents/Frameworks/QtDBus.framework/Versions/A/QtDBus
/Library/Developer/CommandLineTools/usr/bin/install_name_tool: warning: changes being made to the file will invalidate the code signature in: /Users/bytedance/Downloads/国产资产作业/qt-video-workbench/.workbench/release-macos-arm64-1.7.0/QtVideoWorkbench.app/Contents/Frameworks/QtGui.framework/Versions/A/QtGui
/Library/Developer/CommandLineTools/usr/bin/install_name_tool: warning: changes being made to the file will invalidate the code signature in: /Users/bytedance/Downloads/国产资产作业/qt-video-workbench/.workbench/release-macos-arm64-1.7.0/QtVideoWorkbench.app/Contents/Frameworks/QtNetwork.framework/Versions/A/QtNetwork
/Library/Developer/CommandLineTools/usr/bin/install_name_tool: warning: changes being made to the file will invalidate the code signature in: /Users/bytedance/Downloads/国产资产作业/qt-video-workbench/.workbench/release-macos-arm64-1.7.0/QtVideoWorkbench.app/Contents/Frameworks/QtOpenGL.framework/Versions/A/QtOpenGL
/Library/Developer/CommandLineTools/usr/bin/install_name_tool: warning: changes being made to the file will invalidate the code signature in: /Users/bytedance/Downloads/国产资产作业/qt-video-workbench/.workbench/release-macos-arm64-1.7.0/QtVideoWorkbench.app/Contents/Frameworks/QtPdf.framework/Versions/A/QtPdf
/Library/Developer/CommandLineTools/usr/bin/install_name_tool: warning: changes being made to the file will invalidate the code signature in: /Users/bytedance/Downloads/国产资产作业/qt-video-workbench/.workbench/release-macos-arm64-1.7.0/QtVideoWorkbench.app/Contents/Frameworks/QtPositioning.framework/Versions/A/QtPositioning
/Library/Developer/CommandLineTools/usr/bin/install_name_tool: warning: changes being made to the file will invalidate the code signature in: /Users/bytedance/Downloads/国产资产作业/qt-video-workbench/.workbench/release-macos-arm64-1.7.0/QtVideoWorkbench.app/Contents/Frameworks/QtPrintSupport.framework/Versions/A/QtPrintSupport
/Library/Developer/CommandLineTools/usr/bin/install_name_tool: warning: changes being made to the file will invalidate the code signature in: /Users/bytedance/Downloads/国产资产作业/qt-video-workbench/.workbench/release-macos-arm64-1.7.0/QtVideoWorkbench.app/Contents/Frameworks/QtQml.framework/Versions/A/QtQml
/Library/Developer/CommandLineTools/usr/bin/install_name_tool: warning: changes being made to the file will invalidate the code signature in: /Users/bytedance/Downloads/国产资产作业/qt-video-workbench/.workbench/release-macos-arm64-1.7.0/QtVideoWorkbench.app/Contents/Frameworks/QtQmlMeta.framework/Versions/A/QtQmlMeta
/Library/Developer/CommandLineTools/usr/bin/install_name_tool: warning: changes being made to the file will invalidate the code signature in: /Users/bytedance/Downloads/国产资产作业/qt-video-workbench/.workbench/release-macos-arm64-1.7.0/QtVideoWorkbench.app/Contents/Frameworks/QtQmlModels.framework/Versions/A/QtQmlModels
/Library/Developer/CommandLineTools/usr/bin/install_name_tool: warning: changes being made to the file will invalidate the code signature in: /Users/bytedance/Downloads/国产资产作业/qt-video-workbench/.workbench/release-macos-arm64-1.7.0/QtVideoWorkbench.app/Contents/Frameworks/QtQmlWorkerScript.framework/Versions/A/QtQmlWorkerScript
/Library/Developer/CommandLineTools/usr/bin/install_name_tool: warning: changes being made to the file will invalidate the code signature in: /Users/bytedance/Downloads/国产资产作业/qt-video-workbench/.workbench/release-macos-arm64-1.7.0/QtVideoWorkbench.app/Contents/Frameworks/QtQuick.framework/Versions/A/QtQuick
/Library/Developer/CommandLineTools/usr/bin/install_name_tool: warning: changes being made to the file will invalidate the code signature in: /Users/bytedance/Downloads/国产资产作业/qt-video-workbench/.workbench/release-macos-arm64-1.7.0/QtVideoWorkbench.app/Contents/Frameworks/QtQuickWidgets.framework/Versions/A/QtQuickWidgets
/Library/Developer/CommandLineTools/usr/bin/install_name_tool: warning: changes being made to the file will invalidate the code signature in: /Users/bytedance/Downloads/国产资产作业/qt-video-workbench/.workbench/release-macos-arm64-1.7.0/QtVideoWorkbench.app/Contents/Frameworks/QtSerialPort.framework/Versions/A/QtSerialPort
/Library/Developer/CommandLineTools/usr/bin/install_name_tool: warning: changes being made to the file will invalidate the code signature in: /Users/bytedance/Downloads/国产资产作业/qt-video-workbench/.workbench/release-macos-arm64-1.7.0/QtVideoWorkbench.app/Contents/Frameworks/QtWebChannel.framework/Versions/A/QtWebChannel
/Library/Developer/CommandLineTools/usr/bin/install_name_tool: warning: changes being made to the file will invalidate the code signature in: /Users/bytedance/Downloads/国产资产作业/qt-video-workbench/.workbench/release-macos-arm64-1.7.0/QtVideoWorkbench.app/Contents/Frameworks/QtWebEngineCore.framework/Versions/A/Helpers/QtWebEngineProcess.app/Contents/MacOS/QtWebEngineProcess
/Library/Developer/CommandLineTools/usr/bin/install_name_tool: warning: changes being made to the file will invalidate the code signature in: /Users/bytedance/Downloads/国产资产作业/qt-video-workbench/.workbench/release-macos-arm64-1.7.0/QtVideoWorkbench.app/Contents/Frameworks/QtWebEngineCore.framework/Versions/A/QtWebEngineCore
/Library/Developer/CommandLineTools/usr/bin/install_name_tool: warning: changes being made to the file will invalidate the code signature in: /Users/bytedance/Downloads/国产资产作业/qt-video-workbench/.workbench/release-macos-arm64-1.7.0/QtVideoWorkbench.app/Contents/Frameworks/QtWebEngineWidgets.framework/Versions/A/QtWebEngineWidgets
/Library/Developer/CommandLineTools/usr/bin/install_name_tool: warning: changes being made to the file will invalidate the code signature in: /Users/bytedance/Downloads/国产资产作业/qt-video-workbench/.workbench/release-macos-arm64-1.7.0/QtVideoWorkbench.app/Contents/Frameworks/QtWidgets.framework/Versions/A/QtWidgets
/Library/Developer/CommandLineTools/usr/bin/install_name_tool: warning: changes being made to the file will invalidate the code signature in: /Users/bytedance/Downloads/国产资产作业/qt-video-workbench/.workbench/release-macos-arm64-1.7.0/QtVideoWorkbench.app/Contents/Frameworks/libb2.1.dylib
/Library/Developer/CommandLineTools/usr/bin/install_name_tool: warning: changes being made to the file will invalidate the code signature in: /Users/bytedance/Downloads/国产资产作业/qt-video-workbench/.workbench/release-macos-arm64-1.7.0/QtVideoWorkbench.app/Contents/Frameworks/libbrotlicommon.1.dylib
/Library/Developer/CommandLineTools/usr/bin/install_name_tool: warning: changes being made to the file will invalidate the code signature in: /Users/bytedance/Downloads/国产资产作业/qt-video-workbench/.workbench/release-macos-arm64-1.7.0/QtVideoWorkbench.app/Contents/Frameworks/libbrotlidec.1.dylib
/Library/Developer/CommandLineTools/usr/bin/install_name_tool: warning: changes being made to the file will invalidate the code signature in: /Users/bytedance/Downloads/国产资产作业/qt-video-workbench/.workbench/release-macos-arm64-1.7.0/QtVideoWorkbench.app/Contents/Frameworks/libcrypto.3.dylib
/Library/Developer/CommandLineTools/usr/bin/install_name_tool: warning: changes being made to the file will invalidate the code signature in: /Users/bytedance/Downloads/国产资产作业/qt-video-workbench/.workbench/release-macos-arm64-1.7.0/QtVideoWorkbench.app/Contents/Frameworks/libdbus-1.3.dylib
/Library/Developer/CommandLineTools/usr/bin/install_name_tool: warning: changes being made to the file will invalidate the code signature in: /Users/bytedance/Downloads/国产资产作业/qt-video-workbench/.workbench/release-macos-arm64-1.7.0/QtVideoWorkbench.app/Contents/Frameworks/libdouble-conversion.3.dylib
/Library/Developer/CommandLineTools/usr/bin/install_name_tool: warning: changes being made to the file will invalidate the code signature in: /Users/bytedance/Downloads/国产资产作业/qt-video-workbench/.workbench/release-macos-arm64-1.7.0/QtVideoWorkbench.app/Contents/Frameworks/libfreetype.6.dylib
/Library/Developer/CommandLineTools/usr/bin/install_name_tool: warning: changes being made to the file will invalidate the code signature in: /Users/bytedance/Downloads/国产资产作业/qt-video-workbench/.workbench/release-macos-arm64-1.7.0/QtVideoWorkbench.app/Contents/Frameworks/libgio-2.0.0.dylib
/Library/Developer/CommandLineTools/usr/bin/install_name_tool: warning: changes being made to the file will invalidate the code signature in: /Users/bytedance/Downloads/国产资产作业/qt-video-workbench/.workbench/release-macos-arm64-1.7.0/QtVideoWorkbench.app/Contents/Frameworks/libglib-2.0.0.dylib
/Library/Developer/CommandLineTools/usr/bin/install_name_tool: warning: changes being made to the file will invalidate the code signature in: /Users/bytedance/Downloads/国产资产作业/qt-video-workbench/.workbench/release-macos-arm64-1.7.0/QtVideoWorkbench.app/Contents/Frameworks/libgmodule-2.0.0.dylib
/Library/Developer/CommandLineTools/usr/bin/install_name_tool: warning: changes being made to the file will invalidate the code signature in: /Users/bytedance/Downloads/国产资产作业/qt-video-workbench/.workbench/release-macos-arm64-1.7.0/QtVideoWorkbench.app/Contents/Frameworks/libgobject-2.0.0.dylib
/Library/Developer/CommandLineTools/usr/bin/install_name_tool: warning: changes being made to the file will invalidate the code signature in: /Users/bytedance/Downloads/国产资产作业/qt-video-workbench/.workbench/release-macos-arm64-1.7.0/QtVideoWorkbench.app/Contents/Frameworks/libgraphite2.3.dylib
/Library/Developer/CommandLineTools/usr/bin/install_name_tool: warning: changes being made to the file will invalidate the code signature in: /Users/bytedance/Downloads/国产资产作业/qt-video-workbench/.workbench/release-macos-arm64-1.7.0/QtVideoWorkbench.app/Contents/Frameworks/libgthread-2.0.0.dylib
/Library/Developer/CommandLineTools/usr/bin/install_name_tool: warning: changes being made to the file will invalidate the code signature in: /Users/bytedance/Downloads/国产资产作业/qt-video-workbench/.workbench/release-macos-arm64-1.7.0/QtVideoWorkbench.app/Contents/Frameworks/libharfbuzz.0.dylib
/Library/Developer/CommandLineTools/usr/bin/install_name_tool: warning: changes being made to the file will invalidate the code signature in: /Users/bytedance/Downloads/国产资产作业/qt-video-workbench/.workbench/release-macos-arm64-1.7.0/QtVideoWorkbench.app/Contents/Frameworks/libicudata.78.dylib
/Library/Developer/CommandLineTools/usr/bin/install_name_tool: warning: changes being made to the file will invalidate the code signature in: /Users/bytedance/Downloads/国产资产作业/qt-video-workbench/.workbench/release-macos-arm64-1.7.0/QtVideoWorkbench.app/Contents/Frameworks/libicui18n.78.dylib
/Library/Developer/CommandLineTools/usr/bin/install_name_tool: warning: changes being made to the file will invalidate the code signature in: /Users/bytedance/Downloads/国产资产作业/qt-video-workbench/.workbench/release-macos-arm64-1.7.0/QtVideoWorkbench.app/Contents/Frameworks/libicuuc.78.dylib
/Library/Developer/CommandLineTools/usr/bin/install_name_tool: warning: changes being made to the file will invalidate the code signature in: /Users/bytedance/Downloads/国产资产作业/qt-video-workbench/.workbench/release-macos-arm64-1.7.0/QtVideoWorkbench.app/Contents/Frameworks/libintl.8.dylib
/Library/Developer/CommandLineTools/usr/bin/install_name_tool: warning: changes being made to the file will invalidate the code signature in: /Users/bytedance/Downloads/国产资产作业/qt-video-workbench/.workbench/release-macos-arm64-1.7.0/QtVideoWorkbench.app/Contents/Frameworks/libjasper.7.dylib
/Library/Developer/CommandLineTools/usr/bin/install_name_tool: warning: changes being made to the file will invalidate the code signature in: /Users/bytedance/Downloads/国产资产作业/qt-video-workbench/.workbench/release-macos-arm64-1.7.0/QtVideoWorkbench.app/Contents/Frameworks/libjpeg.8.dylib
/Library/Developer/CommandLineTools/usr/bin/install_name_tool: warning: changes being made to the file will invalidate the code signature in: /Users/bytedance/Downloads/国产资产作业/qt-video-workbench/.workbench/release-macos-arm64-1.7.0/QtVideoWorkbench.app/Contents/Frameworks/liblcms2.2.dylib
/Library/Developer/CommandLineTools/usr/bin/install_name_tool: warning: changes being made to the file will invalidate the code signature in: /Users/bytedance/Downloads/国产资产作业/qt-video-workbench/.workbench/release-macos-arm64-1.7.0/QtVideoWorkbench.app/Contents/Frameworks/liblzma.5.dylib
/Library/Developer/CommandLineTools/usr/bin/install_name_tool: warning: changes being made to the file will invalidate the code signature in: /Users/bytedance/Downloads/国产资产作业/qt-video-workbench/.workbench/release-macos-arm64-1.7.0/QtVideoWorkbench.app/Contents/Frameworks/libmd4c.0.dylib
/Library/Developer/CommandLineTools/usr/bin/install_name_tool: warning: changes being made to the file will invalidate the code signature in: /Users/bytedance/Downloads/国产资产作业/qt-video-workbench/.workbench/release-macos-arm64-1.7.0/QtVideoWorkbench.app/Contents/Frameworks/libmng.2.dylib
/Library/Developer/CommandLineTools/usr/bin/install_name_tool: warning: changes being made to the file will invalidate the code signature in: /Users/bytedance/Downloads/国产资产作业/qt-video-workbench/.workbench/release-macos-arm64-1.7.0/QtVideoWorkbench.app/Contents/Frameworks/libpcre2-16.0.dylib
/Library/Developer/CommandLineTools/usr/bin/install_name_tool: warning: changes being made to the file will invalidate the code signature in: /Users/bytedance/Downloads/国产资产作业/qt-video-workbench/.workbench/release-macos-arm64-1.7.0/QtVideoWorkbench.app/Contents/Frameworks/libpcre2-8.0.dylib
/Library/Developer/CommandLineTools/usr/bin/install_name_tool: warning: changes being made to the file will invalidate the code signature in: /Users/bytedance/Downloads/国产资产作业/qt-video-workbench/.workbench/release-macos-arm64-1.7.0/QtVideoWorkbench.app/Contents/Frameworks/libpng16.16.dylib
/Library/Developer/CommandLineTools/usr/bin/install_name_tool: warning: changes being made to the file will invalidate the code signature in: /Users/bytedance/Downloads/国产资产作业/qt-video-workbench/.workbench/release-macos-arm64-1.7.0/QtVideoWorkbench.app/Contents/Frameworks/libsharpyuv.0.dylib
/Library/Developer/CommandLineTools/usr/bin/install_name_tool: warning: changes being made to the file will invalidate the code signature in: /Users/bytedance/Downloads/国产资产作业/qt-video-workbench/.workbench/release-macos-arm64-1.7.0/QtVideoWorkbench.app/Contents/Frameworks/libssl.3.dylib
/Library/Developer/CommandLineTools/usr/bin/install_name_tool: warning: changes being made to the file will invalidate the code signature in: /Users/bytedance/Downloads/国产资产作业/qt-video-workbench/.workbench/release-macos-arm64-1.7.0/QtVideoWorkbench.app/Contents/Frameworks/libtiff.6.dylib
/Library/Developer/CommandLineTools/usr/bin/install_name_tool: warning: changes being made to the file will invalidate the code signature in: /Users/bytedance/Downloads/国产资产作业/qt-video-workbench/.workbench/release-macos-arm64-1.7.0/QtVideoWorkbench.app/Contents/Frameworks/libwebp.7.dylib
/Library/Developer/CommandLineTools/usr/bin/install_name_tool: warning: changes being made to the file will invalidate the code signature in: /Users/bytedance/Downloads/国产资产作业/qt-video-workbench/.workbench/release-macos-arm64-1.7.0/QtVideoWorkbench.app/Contents/Frameworks/libwebpdemux.2.dylib
/Library/Developer/CommandLineTools/usr/bin/install_name_tool: warning: changes being made to the file will invalidate the code signature in: /Users/bytedance/Downloads/国产资产作业/qt-video-workbench/.workbench/release-macos-arm64-1.7.0/QtVideoWorkbench.app/Contents/Frameworks/libwebpmux.3.dylib
/Library/Developer/CommandLineTools/usr/bin/install_name_tool: warning: changes being made to the file will invalidate the code signature in: /Users/bytedance/Downloads/国产资产作业/qt-video-workbench/.workbench/release-macos-arm64-1.7.0/QtVideoWorkbench.app/Contents/Frameworks/libzstd.1.dylib
/Library/Developer/CommandLineTools/usr/bin/install_name_tool: warning: changes being made to the file will invalidate the code signature in: /Users/bytedance/Downloads/国产资产作业/qt-video-workbench/.workbench/release-macos-arm64-1.7.0/QtVideoWorkbench.app/Contents/MacOS/qt-video-workbench
/Library/Developer/CommandLineTools/usr/bin/install_name_tool: warning: changes being made to the file will invalidate the code signature in: /Users/bytedance/Downloads/国产资产作业/qt-video-workbench/.workbench/release-macos-arm64-1.7.0/QtVideoWorkbench.app/Contents/PlugIns/iconengines/libqsvgicon.dylib
/Library/Developer/CommandLineTools/usr/bin/install_name_tool: warning: changes being made to the file will invalidate the code signature in: /Users/bytedance/Downloads/国产资产作业/qt-video-workbench/.workbench/release-macos-arm64-1.7.0/QtVideoWorkbench.app/Contents/PlugIns/imageformats/libqgif.dylib
/Library/Developer/CommandLineTools/usr/bin/install_name_tool: warning: changes being made to the file will invalidate the code signature in: /Users/bytedance/Downloads/国产资产作业/qt-video-workbench/.workbench/release-macos-arm64-1.7.0/QtVideoWorkbench.app/Contents/PlugIns/imageformats/libqicns.dylib
/Library/Developer/CommandLineTools/usr/bin/install_name_tool: warning: changes being made to the file will invalidate the code signature in: /Users/bytedance/Downloads/国产资产作业/qt-video-workbench/.workbench/release-macos-arm64-1.7.0/QtVideoWorkbench.app/Contents/PlugIns/imageformats/libqico.dylib
/Library/Developer/CommandLineTools/usr/bin/install_name_tool: warning: changes being made to the file will invalidate the code signature in: /Users/bytedance/Downloads/国产资产作业/qt-video-workbench/.workbench/release-macos-arm64-1.7.0/QtVideoWorkbench.app/Contents/PlugIns/imageformats/libqjp2.dylib
/Library/Developer/CommandLineTools/usr/bin/install_name_tool: warning: changes being made to the file will invalidate the code signature in: /Users/bytedance/Downloads/国产资产作业/qt-video-workbench/.workbench/release-macos-arm64-1.7.0/QtVideoWorkbench.app/Contents/PlugIns/imageformats/libqjpeg.dylib
/Library/Developer/CommandLineTools/usr/bin/install_name_tool: warning: changes being made to the file will invalidate the code signature in: /Users/bytedance/Downloads/国产资产作业/qt-video-workbench/.workbench/release-macos-arm64-1.7.0/QtVideoWorkbench.app/Contents/PlugIns/imageformats/libqmacheif.dylib
/Library/Developer/CommandLineTools/usr/bin/install_name_tool: warning: changes being made to the file will invalidate the code signature in: /Users/bytedance/Downloads/国产资产作业/qt-video-workbench/.workbench/release-macos-arm64-1.7.0/QtVideoWorkbench.app/Contents/PlugIns/imageformats/libqmng.dylib
/Library/Developer/CommandLineTools/usr/bin/install_name_tool: warning: changes being made to the file will invalidate the code signature in: /Users/bytedance/Downloads/国产资产作业/qt-video-workbench/.workbench/release-macos-arm64-1.7.0/QtVideoWorkbench.app/Contents/PlugIns/imageformats/libqpdf.dylib
/Library/Developer/CommandLineTools/usr/bin/install_name_tool: warning: changes being made to the file will invalidate the code signature in: /Users/bytedance/Downloads/国产资产作业/qt-video-workbench/.workbench/release-macos-arm64-1.7.0/QtVideoWorkbench.app/Contents/PlugIns/imageformats/libqtga.dylib
/Library/Developer/CommandLineTools/usr/bin/install_name_tool: warning: changes being made to the file will invalidate the code signature in: /Users/bytedance/Downloads/国产资产作业/qt-video-workbench/.workbench/release-macos-arm64-1.7.0/QtVideoWorkbench.app/Contents/PlugIns/imageformats/libqtiff.dylib
/Library/Developer/CommandLineTools/usr/bin/install_name_tool: warning: changes being made to the file will invalidate the code signature in: /Users/bytedance/Downloads/国产资产作业/qt-video-workbench/.workbench/release-macos-arm64-1.7.0/QtVideoWorkbench.app/Contents/PlugIns/imageformats/libqwbmp.dylib
/Library/Developer/CommandLineTools/usr/bin/install_name_tool: warning: changes being made to the file will invalidate the code signature in: /Users/bytedance/Downloads/国产资产作业/qt-video-workbench/.workbench/release-macos-arm64-1.7.0/QtVideoWorkbench.app/Contents/PlugIns/imageformats/libqwebp.dylib
/Library/Developer/CommandLineTools/usr/bin/install_name_tool: warning: changes being made to the file will invalidate the code signature in: /Users/bytedance/Downloads/国产资产作业/qt-video-workbench/.workbench/release-macos-arm64-1.7.0/QtVideoWorkbench.app/Contents/PlugIns/networkinformation/libqapplenetworkinformation.dylib
/Library/Developer/CommandLineTools/usr/bin/install_name_tool: warning: changes being made to the file will invalidate the code signature in: /Users/bytedance/Downloads/国产资产作业/qt-video-workbench/.workbench/release-macos-arm64-1.7.0/QtVideoWorkbench.app/Contents/PlugIns/networkinformation/libqglib.dylib
/Library/Developer/CommandLineTools/usr/bin/install_name_tool: warning: changes being made to the file will invalidate the code signature in: /Users/bytedance/Downloads/国产资产作业/qt-video-workbench/.workbench/release-macos-arm64-1.7.0/QtVideoWorkbench.app/Contents/PlugIns/platforminputcontexts/libqtvirtualkeyboardplugin.dylib
/Library/Developer/CommandLineTools/usr/bin/install_name_tool: warning: changes being made to the file will invalidate the code signature in: /Users/bytedance/Downloads/国产资产作业/qt-video-workbench/.workbench/release-macos-arm64-1.7.0/QtVideoWorkbench.app/Contents/PlugIns/platforms/libqcocoa.dylib
/Library/Developer/CommandLineTools/usr/bin/install_name_tool: warning: changes being made to the file will invalidate the code signature in: /Users/bytedance/Downloads/国产资产作业/qt-video-workbench/.workbench/release-macos-arm64-1.7.0/QtVideoWorkbench.app/Contents/PlugIns/position/libqtposition_cl.dylib
/Library/Developer/CommandLineTools/usr/bin/install_name_tool: warning: changes being made to the file will invalidate the code signature in: /Users/bytedance/Downloads/国产资产作业/qt-video-workbench/.workbench/release-macos-arm64-1.7.0/QtVideoWorkbench.app/Contents/PlugIns/position/libqtposition_nmea.dylib
/Library/Developer/CommandLineTools/usr/bin/install_name_tool: warning: changes being made to the file will invalidate the code signature in: /Users/bytedance/Downloads/国产资产作业/qt-video-workbench/.workbench/release-macos-arm64-1.7.0/QtVideoWorkbench.app/Contents/PlugIns/position/libqtposition_positionpoll.dylib
/Library/Developer/CommandLineTools/usr/bin/install_name_tool: warning: changes being made to the file will invalidate the code signature in: /Users/bytedance/Downloads/国产资产作业/qt-video-workbench/.workbench/release-macos-arm64-1.7.0/QtVideoWorkbench.app/Contents/PlugIns/styles/libqmacstyle.dylib
/Library/Developer/CommandLineTools/usr/bin/install_name_tool: warning: changes being made to the file will invalidate the code signature in: /Users/bytedance/Downloads/国产资产作业/qt-video-workbench/.workbench/release-macos-arm64-1.7.0/QtVideoWorkbench.app/Contents/PlugIns/tls/libqcertonlybackend.dylib
/Library/Developer/CommandLineTools/usr/bin/install_name_tool: warning: changes being made to the file will invalidate the code signature in: /Users/bytedance/Downloads/国产资产作业/qt-video-workbench/.workbench/release-macos-arm64-1.7.0/QtVideoWorkbench.app/Contents/PlugIns/tls/libqopensslbackend.dylib
/Library/Developer/CommandLineTools/usr/bin/install_name_tool: warning: changes being made to the file will invalidate the code signature in: /Users/bytedance/Downloads/国产资产作业/qt-video-workbench/.workbench/release-macos-arm64-1.7.0/QtVideoWorkbench.app/Contents/PlugIns/tls/libqsecuretransportbackend.dylib
/Library/Developer/CommandLineTools/usr/bin/install_name_tool: warning: changes being made to the file will invalidate the code signature in: /Users/bytedance/Downloads/国产资产作业/qt-video-workbench/.workbench/release-macos-arm64-1.7.0/QtVideoWorkbench.app/Contents/Frameworks/QtSvg.framework/Versions/A/QtSvg
/Library/Developer/CommandLineTools/usr/bin/install_name_tool: warning: changes being made to the file will invalidate the code signature in: /Users/bytedance/Downloads/国产资产作业/qt-video-workbench/.workbench/release-macos-arm64-1.7.0/QtVideoWorkbench.app/Contents/Frameworks/QtVirtualKeyboard.framework/Versions/A/QtVirtualKeyboard
/Library/Developer/CommandLineTools/usr/bin/install_name_tool: warning: changes being made to the file will invalidate the code signature in: /Users/bytedance/Downloads/国产资产作业/qt-video-workbench/.workbench/release-macos-arm64-1.7.0/QtVideoWorkbench.app/Contents/Frameworks/QtVirtualKeyboardQml.framework/Versions/A/QtVirtualKeyboardQml
/Library/Developer/CommandLineTools/usr/bin/install_name_tool: warning: changes being made to the file will invalidate the code signature in: /Users/bytedance/Downloads/国产资产作业/qt-video-workbench/.workbench/release-macos-arm64-1.7.0/QtVideoWorkbench.app/Contents/Frameworks/libdbus-1.3.dylib
/Library/Developer/CommandLineTools/usr/bin/install_name_tool: warning: changes being made to the file will invalidate the code signature in: /Users/bytedance/Downloads/国产资产作业/qt-video-workbench/.workbench/release-macos-arm64-1.7.0/QtVideoWorkbench.app/Contents/Frameworks/libjasper.7.dylib
/Library/Developer/CommandLineTools/usr/bin/install_name_tool: warning: changes being made to the file will invalidate the code signature in: /Users/bytedance/Downloads/国产资产作业/qt-video-workbench/.workbench/release-macos-arm64-1.7.0/QtVideoWorkbench.app/Contents/Frameworks/libjpeg.8.dylib
/Library/Developer/CommandLineTools/usr/bin/install_name_tool: warning: changes being made to the file will invalidate the code signature in: /Users/bytedance/Downloads/国产资产作业/qt-video-workbench/.workbench/release-macos-arm64-1.7.0/QtVideoWorkbench.app/Contents/MacOS/qt-video-workbench
/Users/bytedance/Downloads/国产资产作业/qt-video-workbench/.workbench/release-macos-arm64-1.7.0/QtVideoWorkbench.app/Contents/Frameworks/QtCore.framework/Versions/A/QtCore: replacing existing signature
/Users/bytedance/Downloads/国产资产作业/qt-video-workbench/.workbench/release-macos-arm64-1.7.0/QtVideoWorkbench.app/Contents/Frameworks/QtDBus.framework/Versions/A/QtDBus: replacing existing signature
/Users/bytedance/Downloads/国产资产作业/qt-video-workbench/.workbench/release-macos-arm64-1.7.0/QtVideoWorkbench.app/Contents/Frameworks/QtGui.framework/Versions/A/QtGui: replacing existing signature
/Users/bytedance/Downloads/国产资产作业/qt-video-workbench/.workbench/release-macos-arm64-1.7.0/QtVideoWorkbench.app/Contents/Frameworks/QtNetwork.framework/Versions/A/QtNetwork: replacing existing signature
/Users/bytedance/Downloads/国产资产作业/qt-video-workbench/.workbench/release-macos-arm64-1.7.0/QtVideoWorkbench.app/Contents/Frameworks/QtOpenGL.framework/Versions/A/QtOpenGL: replacing existing signature
/Users/bytedance/Downloads/国产资产作业/qt-video-workbench/.workbench/release-macos-arm64-1.7.0/QtVideoWorkbench.app/Contents/Frameworks/QtPdf.framework/Versions/A/QtPdf: replacing existing signature
/Users/bytedance/Downloads/国产资产作业/qt-video-workbench/.workbench/release-macos-arm64-1.7.0/QtVideoWorkbench.app/Contents/Frameworks/QtPositioning.framework/Versions/A/QtPositioning: replacing existing signature
/Users/bytedance/Downloads/国产资产作业/qt-video-workbench/.workbench/release-macos-arm64-1.7.0/QtVideoWorkbench.app/Contents/Frameworks/QtPrintSupport.framework/Versions/A/QtPrintSupport: replacing existing signature
/Users/bytedance/Downloads/国产资产作业/qt-video-workbench/.workbench/release-macos-arm64-1.7.0/QtVideoWorkbench.app/Contents/Frameworks/QtQml.framework/Versions/A/QtQml: replacing existing signature
/Users/bytedance/Downloads/国产资产作业/qt-video-workbench/.workbench/release-macos-arm64-1.7.0/QtVideoWorkbench.app/Contents/Frameworks/QtQmlMeta.framework/Versions/A/QtQmlMeta: replacing existing signature
/Users/bytedance/Downloads/国产资产作业/qt-video-workbench/.workbench/release-macos-arm64-1.7.0/QtVideoWorkbench.app/Contents/Frameworks/QtQmlModels.framework/Versions/A/QtQmlModels: replacing existing signature
/Users/bytedance/Downloads/国产资产作业/qt-video-workbench/.workbench/release-macos-arm64-1.7.0/QtVideoWorkbench.app/Contents/Frameworks/QtQmlWorkerScript.framework/Versions/A/QtQmlWorkerScript: replacing existing signature
/Users/bytedance/Downloads/国产资产作业/qt-video-workbench/.workbench/release-macos-arm64-1.7.0/QtVideoWorkbench.app/Contents/Frameworks/QtQuick.framework/Versions/A/QtQuick: replacing existing signature
/Users/bytedance/Downloads/国产资产作业/qt-video-workbench/.workbench/release-macos-arm64-1.7.0/QtVideoWorkbench.app/Contents/Frameworks/QtQuickWidgets.framework/Versions/A/QtQuickWidgets: replacing existing signature
/Users/bytedance/Downloads/国产资产作业/qt-video-workbench/.workbench/release-macos-arm64-1.7.0/QtVideoWorkbench.app/Contents/Frameworks/QtSerialPort.framework/Versions/A/QtSerialPort: replacing existing signature
/Users/bytedance/Downloads/国产资产作业/qt-video-workbench/.workbench/release-macos-arm64-1.7.0/QtVideoWorkbench.app/Contents/Frameworks/QtSvg.framework/Versions/A/QtSvg: replacing existing signature
/Users/bytedance/Downloads/国产资产作业/qt-video-workbench/.workbench/release-macos-arm64-1.7.0/QtVideoWorkbench.app/Contents/Frameworks/QtVirtualKeyboard.framework/Versions/A/QtVirtualKeyboard: replacing existing signature
/Users/bytedance/Downloads/国产资产作业/qt-video-workbench/.workbench/release-macos-arm64-1.7.0/QtVideoWorkbench.app/Contents/Frameworks/QtVirtualKeyboardQml.framework/Versions/A/QtVirtualKeyboardQml: replacing existing signature
/Users/bytedance/Downloads/国产资产作业/qt-video-workbench/.workbench/release-macos-arm64-1.7.0/QtVideoWorkbench.app/Contents/Frameworks/QtWebChannel.framework/Versions/A/QtWebChannel: replacing existing signature
/Users/bytedance/Downloads/国产资产作业/qt-video-workbench/.workbench/release-macos-arm64-1.7.0/QtVideoWorkbench.app/Contents/Frameworks/QtWebEngineCore.framework/Versions/A/QtWebEngineCore: replacing existing signature
/Users/bytedance/Downloads/国产资产作业/qt-video-workbench/.workbench/release-macos-arm64-1.7.0/QtVideoWorkbench.app/Contents/Frameworks/QtWebEngineWidgets.framework/Versions/A/QtWebEngineWidgets: replacing existing signature
/Users/bytedance/Downloads/国产资产作业/qt-video-workbench/.workbench/release-macos-arm64-1.7.0/QtVideoWorkbench.app/Contents/Frameworks/QtWidgets.framework/Versions/A/QtWidgets: replacing existing signature
/Users/bytedance/Downloads/国产资产作业/qt-video-workbench/.workbench/release-macos-arm64-1.7.0/QtVideoWorkbench.app/Contents/Frameworks/libb2.1.dylib: replacing existing signature
/Users/bytedance/Downloads/国产资产作业/qt-video-workbench/.workbench/release-macos-arm64-1.7.0/QtVideoWorkbench.app/Contents/Frameworks/libbrotlicommon.1.dylib: replacing existing signature
/Users/bytedance/Downloads/国产资产作业/qt-video-workbench/.workbench/release-macos-arm64-1.7.0/QtVideoWorkbench.app/Contents/Frameworks/libbrotlidec.1.dylib: replacing existing signature
/Users/bytedance/Downloads/国产资产作业/qt-video-workbench/.workbench/release-macos-arm64-1.7.0/QtVideoWorkbench.app/Contents/Frameworks/libcrypto.3.dylib: replacing existing signature
/Users/bytedance/Downloads/国产资产作业/qt-video-workbench/.workbench/release-macos-arm64-1.7.0/QtVideoWorkbench.app/Contents/Frameworks/libdbus-1.3.dylib: replacing existing signature
/Users/bytedance/Downloads/国产资产作业/qt-video-workbench/.workbench/release-macos-arm64-1.7.0/QtVideoWorkbench.app/Contents/Frameworks/libdouble-conversion.3.dylib: replacing existing signature
/Users/bytedance/Downloads/国产资产作业/qt-video-workbench/.workbench/release-macos-arm64-1.7.0/QtVideoWorkbench.app/Contents/Frameworks/libfreetype.6.dylib: replacing existing signature
/Users/bytedance/Downloads/国产资产作业/qt-video-workbench/.workbench/release-macos-arm64-1.7.0/QtVideoWorkbench.app/Contents/Frameworks/libgio-2.0.0.dylib: replacing existing signature
/Users/bytedance/Downloads/国产资产作业/qt-video-workbench/.workbench/release-macos-arm64-1.7.0/QtVideoWorkbench.app/Contents/Frameworks/libglib-2.0.0.dylib: replacing existing signature
/Users/bytedance/Downloads/国产资产作业/qt-video-workbench/.workbench/release-macos-arm64-1.7.0/QtVideoWorkbench.app/Contents/Frameworks/libgmodule-2.0.0.dylib: replacing existing signature
/Users/bytedance/Downloads/国产资产作业/qt-video-workbench/.workbench/release-macos-arm64-1.7.0/QtVideoWorkbench.app/Contents/Frameworks/libgobject-2.0.0.dylib: replacing existing signature
/Users/bytedance/Downloads/国产资产作业/qt-video-workbench/.workbench/release-macos-arm64-1.7.0/QtVideoWorkbench.app/Contents/Frameworks/libgraphite2.3.dylib: replacing existing signature
/Users/bytedance/Downloads/国产资产作业/qt-video-workbench/.workbench/release-macos-arm64-1.7.0/QtVideoWorkbench.app/Contents/Frameworks/libgthread-2.0.0.dylib: replacing existing signature
/Users/bytedance/Downloads/国产资产作业/qt-video-workbench/.workbench/release-macos-arm64-1.7.0/QtVideoWorkbench.app/Contents/Frameworks/libharfbuzz.0.dylib: replacing existing signature
/Users/bytedance/Downloads/国产资产作业/qt-video-workbench/.workbench/release-macos-arm64-1.7.0/QtVideoWorkbench.app/Contents/Frameworks/libicudata.78.dylib: replacing existing signature
/Users/bytedance/Downloads/国产资产作业/qt-video-workbench/.workbench/release-macos-arm64-1.7.0/QtVideoWorkbench.app/Contents/Frameworks/libicui18n.78.dylib: replacing existing signature
/Users/bytedance/Downloads/国产资产作业/qt-video-workbench/.workbench/release-macos-arm64-1.7.0/QtVideoWorkbench.app/Contents/Frameworks/libicuuc.78.dylib: replacing existing signature
/Users/bytedance/Downloads/国产资产作业/qt-video-workbench/.workbench/release-macos-arm64-1.7.0/QtVideoWorkbench.app/Contents/Frameworks/libintl.8.dylib: replacing existing signature
/Users/bytedance/Downloads/国产资产作业/qt-video-workbench/.workbench/release-macos-arm64-1.7.0/QtVideoWorkbench.app/Contents/Frameworks/libjasper.7.dylib: replacing existing signature
/Users/bytedance/Downloads/国产资产作业/qt-video-workbench/.workbench/release-macos-arm64-1.7.0/QtVideoWorkbench.app/Contents/Frameworks/libjpeg.8.dylib: replacing existing signature
/Users/bytedance/Downloads/国产资产作业/qt-video-workbench/.workbench/release-macos-arm64-1.7.0/QtVideoWorkbench.app/Contents/Frameworks/liblcms2.2.dylib: replacing existing signature
/Users/bytedance/Downloads/国产资产作业/qt-video-workbench/.workbench/release-macos-arm64-1.7.0/QtVideoWorkbench.app/Contents/Frameworks/liblzma.5.dylib: replacing existing signature
/Users/bytedance/Downloads/国产资产作业/qt-video-workbench/.workbench/release-macos-arm64-1.7.0/QtVideoWorkbench.app/Contents/Frameworks/libmd4c.0.dylib: replacing existing signature
/Users/bytedance/Downloads/国产资产作业/qt-video-workbench/.workbench/release-macos-arm64-1.7.0/QtVideoWorkbench.app/Contents/Frameworks/libmng.2.dylib: replacing existing signature
/Users/bytedance/Downloads/国产资产作业/qt-video-workbench/.workbench/release-macos-arm64-1.7.0/QtVideoWorkbench.app/Contents/Frameworks/libpcre2-16.0.dylib: replacing existing signature
/Users/bytedance/Downloads/国产资产作业/qt-video-workbench/.workbench/release-macos-arm64-1.7.0/QtVideoWorkbench.app/Contents/Frameworks/libpcre2-8.0.dylib: replacing existing signature
/Users/bytedance/Downloads/国产资产作业/qt-video-workbench/.workbench/release-macos-arm64-1.7.0/QtVideoWorkbench.app/Contents/Frameworks/libpng16.16.dylib: replacing existing signature
/Users/bytedance/Downloads/国产资产作业/qt-video-workbench/.workbench/release-macos-arm64-1.7.0/QtVideoWorkbench.app/Contents/Frameworks/libsharpyuv.0.dylib: replacing existing signature
/Users/bytedance/Downloads/国产资产作业/qt-video-workbench/.workbench/release-macos-arm64-1.7.0/QtVideoWorkbench.app/Contents/Frameworks/libssl.3.dylib: replacing existing signature
/Users/bytedance/Downloads/国产资产作业/qt-video-workbench/.workbench/release-macos-arm64-1.7.0/QtVideoWorkbench.app/Contents/Frameworks/libtiff.6.dylib: replacing existing signature
/Users/bytedance/Downloads/国产资产作业/qt-video-workbench/.workbench/release-macos-arm64-1.7.0/QtVideoWorkbench.app/Contents/Frameworks/libwebp.7.dylib: replacing existing signature
/Users/bytedance/Downloads/国产资产作业/qt-video-workbench/.workbench/release-macos-arm64-1.7.0/QtVideoWorkbench.app/Contents/Frameworks/libwebpdemux.2.dylib: replacing existing signature
/Users/bytedance/Downloads/国产资产作业/qt-video-workbench/.workbench/release-macos-arm64-1.7.0/QtVideoWorkbench.app/Contents/Frameworks/libwebpmux.3.dylib: replacing existing signature
/Users/bytedance/Downloads/国产资产作业/qt-video-workbench/.workbench/release-macos-arm64-1.7.0/QtVideoWorkbench.app/Contents/Frameworks/libzstd.1.dylib: replacing existing signature
/Users/bytedance/Downloads/国产资产作业/qt-video-workbench/.workbench/release-macos-arm64-1.7.0/QtVideoWorkbench.app/Contents/MacOS/qt-video-workbench: replacing existing signature
/Users/bytedance/Downloads/国产资产作业/qt-video-workbench/.workbench/release-macos-arm64-1.7.0/QtVideoWorkbench.app/Contents/PlugIns/iconengines/libqsvgicon.dylib: replacing existing signature
/Users/bytedance/Downloads/国产资产作业/qt-video-workbench/.workbench/release-macos-arm64-1.7.0/QtVideoWorkbench.app/Contents/PlugIns/imageformats/libqgif.dylib: replacing existing signature
/Users/bytedance/Downloads/国产资产作业/qt-video-workbench/.workbench/release-macos-arm64-1.7.0/QtVideoWorkbench.app/Contents/PlugIns/imageformats/libqicns.dylib: replacing existing signature
/Users/bytedance/Downloads/国产资产作业/qt-video-workbench/.workbench/release-macos-arm64-1.7.0/QtVideoWorkbench.app/Contents/PlugIns/imageformats/libqico.dylib: replacing existing signature
/Users/bytedance/Downloads/国产资产作业/qt-video-workbench/.workbench/release-macos-arm64-1.7.0/QtVideoWorkbench.app/Contents/PlugIns/imageformats/libqjp2.dylib: replacing existing signature
/Users/bytedance/Downloads/国产资产作业/qt-video-workbench/.workbench/release-macos-arm64-1.7.0/QtVideoWorkbench.app/Contents/PlugIns/imageformats/libqjpeg.dylib: replacing existing signature
/Users/bytedance/Downloads/国产资产作业/qt-video-workbench/.workbench/release-macos-arm64-1.7.0/QtVideoWorkbench.app/Contents/PlugIns/imageformats/libqmacheif.dylib: replacing existing signature
/Users/bytedance/Downloads/国产资产作业/qt-video-workbench/.workbench/release-macos-arm64-1.7.0/QtVideoWorkbench.app/Contents/PlugIns/imageformats/libqmng.dylib: replacing existing signature
/Users/bytedance/Downloads/国产资产作业/qt-video-workbench/.workbench/release-macos-arm64-1.7.0/QtVideoWorkbench.app/Contents/PlugIns/imageformats/libqpdf.dylib: replacing existing signature
/Users/bytedance/Downloads/国产资产作业/qt-video-workbench/.workbench/release-macos-arm64-1.7.0/QtVideoWorkbench.app/Contents/PlugIns/imageformats/libqtga.dylib: replacing existing signature
/Users/bytedance/Downloads/国产资产作业/qt-video-workbench/.workbench/release-macos-arm64-1.7.0/QtVideoWorkbench.app/Contents/PlugIns/imageformats/libqtiff.dylib: replacing existing signature
/Users/bytedance/Downloads/国产资产作业/qt-video-workbench/.workbench/release-macos-arm64-1.7.0/QtVideoWorkbench.app/Contents/PlugIns/imageformats/libqwbmp.dylib: replacing existing signature
/Users/bytedance/Downloads/国产资产作业/qt-video-workbench/.workbench/release-macos-arm64-1.7.0/QtVideoWorkbench.app/Contents/PlugIns/imageformats/libqwebp.dylib: replacing existing signature
/Users/bytedance/Downloads/国产资产作业/qt-video-workbench/.workbench/release-macos-arm64-1.7.0/QtVideoWorkbench.app/Contents/PlugIns/networkinformation/libqapplenetworkinformation.dylib: replacing existing signature
/Users/bytedance/Downloads/国产资产作业/qt-video-workbench/.workbench/release-macos-arm64-1.7.0/QtVideoWorkbench.app/Contents/PlugIns/networkinformation/libqglib.dylib: replacing existing signature
/Users/bytedance/Downloads/国产资产作业/qt-video-workbench/.workbench/release-macos-arm64-1.7.0/QtVideoWorkbench.app/Contents/PlugIns/platforminputcontexts/libqtvirtualkeyboardplugin.dylib: replacing existing signature
/Users/bytedance/Downloads/国产资产作业/qt-video-workbench/.workbench/release-macos-arm64-1.7.0/QtVideoWorkbench.app/Contents/PlugIns/platforms/libqcocoa.dylib: replacing existing signature
/Users/bytedance/Downloads/国产资产作业/qt-video-workbench/.workbench/release-macos-arm64-1.7.0/QtVideoWorkbench.app/Contents/PlugIns/position/libqtposition_cl.dylib: replacing existing signature
/Users/bytedance/Downloads/国产资产作业/qt-video-workbench/.workbench/release-macos-arm64-1.7.0/QtVideoWorkbench.app/Contents/PlugIns/position/libqtposition_nmea.dylib: replacing existing signature
/Users/bytedance/Downloads/国产资产作业/qt-video-workbench/.workbench/release-macos-arm64-1.7.0/QtVideoWorkbench.app/Contents/PlugIns/position/libqtposition_positionpoll.dylib: replacing existing signature
/Users/bytedance/Downloads/国产资产作业/qt-video-workbench/.workbench/release-macos-arm64-1.7.0/QtVideoWorkbench.app/Contents/PlugIns/styles/libqmacstyle.dylib: replacing existing signature
/Users/bytedance/Downloads/国产资产作业/qt-video-workbench/.workbench/release-macos-arm64-1.7.0/QtVideoWorkbench.app/Contents/PlugIns/tls/libqcertonlybackend.dylib: replacing existing signature
/Users/bytedance/Downloads/国产资产作业/qt-video-workbench/.workbench/release-macos-arm64-1.7.0/QtVideoWorkbench.app/Contents/PlugIns/tls/libqopensslbackend.dylib: replacing existing signature
/Users/bytedance/Downloads/国产资产作业/qt-video-workbench/.workbench/release-macos-arm64-1.7.0/QtVideoWorkbench.app/Contents/PlugIns/tls/libqsecuretransportbackend.dylib: replacing existing signature
/Users/bytedance/Downloads/国产资产作业/qt-video-workbench/.workbench/release-macos-arm64-1.7.0/QtVideoWorkbench.app/Contents/Frameworks/QtWebEngineCore.framework/Versions/A/Helpers/QtWebEngineProcess.app: replacing existing signature
/Users/bytedance/Downloads/国产资产作业/qt-video-workbench/.workbench/release-macos-arm64-1.7.0/QtVideoWorkbench.app/Contents/Frameworks/QtCore.framework: replacing existing signature
/Users/bytedance/Downloads/国产资产作业/qt-video-workbench/.workbench/release-macos-arm64-1.7.0/QtVideoWorkbench.app/Contents/Frameworks/QtDBus.framework: replacing existing signature
/Users/bytedance/Downloads/国产资产作业/qt-video-workbench/.workbench/release-macos-arm64-1.7.0/QtVideoWorkbench.app/Contents/Frameworks/QtGui.framework: replacing existing signature
/Users/bytedance/Downloads/国产资产作业/qt-video-workbench/.workbench/release-macos-arm64-1.7.0/QtVideoWorkbench.app/Contents/Frameworks/QtNetwork.framework: replacing existing signature
/Users/bytedance/Downloads/国产资产作业/qt-video-workbench/.workbench/release-macos-arm64-1.7.0/QtVideoWorkbench.app/Contents/Frameworks/QtOpenGL.framework: replacing existing signature
/Users/bytedance/Downloads/国产资产作业/qt-video-workbench/.workbench/release-macos-arm64-1.7.0/QtVideoWorkbench.app/Contents/Frameworks/QtPdf.framework: replacing existing signature
/Users/bytedance/Downloads/国产资产作业/qt-video-workbench/.workbench/release-macos-arm64-1.7.0/QtVideoWorkbench.app/Contents/Frameworks/QtPositioning.framework: replacing existing signature
/Users/bytedance/Downloads/国产资产作业/qt-video-workbench/.workbench/release-macos-arm64-1.7.0/QtVideoWorkbench.app/Contents/Frameworks/QtPrintSupport.framework: replacing existing signature
/Users/bytedance/Downloads/国产资产作业/qt-video-workbench/.workbench/release-macos-arm64-1.7.0/QtVideoWorkbench.app/Contents/Frameworks/QtQml.framework: replacing existing signature
/Users/bytedance/Downloads/国产资产作业/qt-video-workbench/.workbench/release-macos-arm64-1.7.0/QtVideoWorkbench.app/Contents/Frameworks/QtQmlMeta.framework: replacing existing signature
/Users/bytedance/Downloads/国产资产作业/qt-video-workbench/.workbench/release-macos-arm64-1.7.0/QtVideoWorkbench.app/Contents/Frameworks/QtQmlModels.framework: replacing existing signature
/Users/bytedance/Downloads/国产资产作业/qt-video-workbench/.workbench/release-macos-arm64-1.7.0/QtVideoWorkbench.app/Contents/Frameworks/QtQmlWorkerScript.framework: replacing existing signature
/Users/bytedance/Downloads/国产资产作业/qt-video-workbench/.workbench/release-macos-arm64-1.7.0/QtVideoWorkbench.app/Contents/Frameworks/QtQuick.framework: replacing existing signature
/Users/bytedance/Downloads/国产资产作业/qt-video-workbench/.workbench/release-macos-arm64-1.7.0/QtVideoWorkbench.app/Contents/Frameworks/QtQuickWidgets.framework: replacing existing signature
/Users/bytedance/Downloads/国产资产作业/qt-video-workbench/.workbench/release-macos-arm64-1.7.0/QtVideoWorkbench.app/Contents/Frameworks/QtSerialPort.framework: replacing existing signature
/Users/bytedance/Downloads/国产资产作业/qt-video-workbench/.workbench/release-macos-arm64-1.7.0/QtVideoWorkbench.app/Contents/Frameworks/QtSvg.framework: replacing existing signature
/Users/bytedance/Downloads/国产资产作业/qt-video-workbench/.workbench/release-macos-arm64-1.7.0/QtVideoWorkbench.app/Contents/Frameworks/QtVirtualKeyboard.framework: replacing existing signature
/Users/bytedance/Downloads/国产资产作业/qt-video-workbench/.workbench/release-macos-arm64-1.7.0/QtVideoWorkbench.app/Contents/Frameworks/QtVirtualKeyboardQml.framework: replacing existing signature
/Users/bytedance/Downloads/国产资产作业/qt-video-workbench/.workbench/release-macos-arm64-1.7.0/QtVideoWorkbench.app/Contents/Frameworks/QtWebChannel.framework: replacing existing signature
/Users/bytedance/Downloads/国产资产作业/qt-video-workbench/.workbench/release-macos-arm64-1.7.0/QtVideoWorkbench.app/Contents/Frameworks/QtWebEngineCore.framework: replacing existing signature
/Users/bytedance/Downloads/国产资产作业/qt-video-workbench/.workbench/release-macos-arm64-1.7.0/QtVideoWorkbench.app/Contents/Frameworks/QtWebEngineWidgets.framework: replacing existing signature
/Users/bytedance/Downloads/国产资产作业/qt-video-workbench/.workbench/release-macos-arm64-1.7.0/QtVideoWorkbench.app/Contents/Frameworks/QtWidgets.framework: replacing existing signature
/Users/bytedance/Downloads/国产资产作业/qt-video-workbench/.workbench/release-macos-arm64-1.7.0/QtVideoWorkbench.app: replacing existing signature
--prepared:/Users/bytedance/Downloads/国产资产作业/qt-video-workbench/.workbench/release-macos-arm64-1.7.0/QtVideoWorkbench.app/Contents/PlugIns/position/libqtposition_cl.dylib
--prepared:/Users/bytedance/Downloads/国产资产作业/qt-video-workbench/.workbench/release-macos-arm64-1.7.0/QtVideoWorkbench.app/Contents/PlugIns/imageformats/libqgif.dylib
--prepared:/Users/bytedance/Downloads/国产资产作业/qt-video-workbench/.workbench/release-macos-arm64-1.7.0/QtVideoWorkbench.app/Contents/PlugIns/position/libqtposition_positionpoll.dylib
--validated:/Users/bytedance/Downloads/国产资产作业/qt-video-workbench/.workbench/release-macos-arm64-1.7.0/QtVideoWorkbench.app/Contents/PlugIns/position/libqtposition_positionpoll.dylib
--validated:/Users/bytedance/Downloads/国产资产作业/qt-video-workbench/.workbench/release-macos-arm64-1.7.0/QtVideoWorkbench.app/Contents/PlugIns/imageformats/libqgif.dylib
--prepared:/Users/bytedance/Downloads/国产资产作业/qt-video-workbench/.workbench/release-macos-arm64-1.7.0/QtVideoWorkbench.app/Contents/PlugIns/imageformats/libqwbmp.dylib
--prepared:/Users/bytedance/Downloads/国产资产作业/qt-video-workbench/.workbench/release-macos-arm64-1.7.0/QtVideoWorkbench.app/Contents/PlugIns/styles/libqmacstyle.dylib
--validated:/Users/bytedance/Downloads/国产资产作业/qt-video-workbench/.workbench/release-macos-arm64-1.7.0/QtVideoWorkbench.app/Contents/PlugIns/position/libqtposition_cl.dylib--prepared:/Users/bytedance/Downloads/国产资产作业/qt-video-workbench/.workbench/release-macos-arm64-1.7.0/QtVideoWorkbench.app/Contents/PlugIns/iconengines/libqsvgicon.dylib
--validated:/Users/bytedance/Downloads/国产资产作业/qt-video-workbench/.workbench/release-macos-arm64-1.7.0/QtVideoWorkbench.app/Contents/PlugIns/imageformats/libqwbmp.dylib

--validated:/Users/bytedance/Downloads/国产资产作业/qt-video-workbench/.workbench/release-macos-arm64-1.7.0/QtVideoWorkbench.app/Contents/PlugIns/iconengines/libqsvgicon.dylib
--prepared:/Users/bytedance/Downloads/国产资产作业/qt-video-workbench/.workbench/release-macos-arm64-1.7.0/QtVideoWorkbench.app/Contents/PlugIns/position/libqtposition_nmea.dylib
--prepared:/Users/bytedance/Downloads/国产资产作业/qt-video-workbench/.workbench/release-macos-arm64-1.7.0/QtVideoWorkbench.app/Contents/PlugIns/tls/libqcertonlybackend.dylib
--validated:/Users/bytedance/Downloads/国产资产作业/qt-video-workbench/.workbench/release-macos-arm64-1.7.0/QtVideoWorkbench.app/Contents/PlugIns/styles/libqmacstyle.dylib--validated:/Users/bytedance/Downloads/国产资产作业/qt-video-workbench/.workbench/release-macos-arm64-1.7.0/QtVideoWorkbench.app/Contents/PlugIns/position/libqtposition_nmea.dylib

--prepared:/Users/bytedance/Downloads/国产资产作业/qt-video-workbench/.workbench/release-macos-arm64-1.7.0/QtVideoWorkbench.app/Contents/PlugIns/platforminputcontexts/libqtvirtualkeyboardplugin.dylib
--validated:/Users/bytedance/Downloads/国产资产作业/qt-video-workbench/.workbench/release-macos-arm64-1.7.0/QtVideoWorkbench.app/Contents/PlugIns/tls/libqcertonlybackend.dylib
--prepared:/Users/bytedance/Downloads/国产资产作业/qt-video-workbench/.workbench/release-macos-arm64-1.7.0/QtVideoWorkbench.app/Contents/PlugIns/tls/libqsecuretransportbackend.dylib
--validated:/Users/bytedance/Downloads/国产资产作业/qt-video-workbench/.workbench/release-macos-arm64-1.7.0/QtVideoWorkbench.app/Contents/PlugIns/platforminputcontexts/libqtvirtualkeyboardplugin.dylib
--validated:/Users/bytedance/Downloads/国产资产作业/qt-video-workbench/.workbench/release-macos-arm64-1.7.0/QtVideoWorkbench.app/Contents/PlugIns/tls/libqsecuretransportbackend.dylib
--prepared:/Users/bytedance/Downloads/国产资产作业/qt-video-workbench/.workbench/release-macos-arm64-1.7.0/QtVideoWorkbench.app/Contents/PlugIns/tls/libqopensslbackend.dylib
--prepared:/Users/bytedance/Downloads/国产资产作业/qt-video-workbench/.workbench/release-macos-arm64-1.7.0/QtVideoWorkbench.app/Contents/PlugIns/imageformats/libqtiff.dylib
--validated:/Users/bytedance/Downloads/国产资产作业/qt-video-workbench/.workbench/release-macos-arm64-1.7.0/QtVideoWorkbench.app/Contents/PlugIns/tls/libqopensslbackend.dylib
--prepared:/Users/bytedance/Downloads/国产资产作业/qt-video-workbench/.workbench/release-macos-arm64-1.7.0/QtVideoWorkbench.app/Contents/PlugIns/imageformats/libqico.dylib--prepared:/Users/bytedance/Downloads/国产资产作业/qt-video-workbench/.workbench/release-macos-arm64-1.7.0/QtVideoWorkbench.app/Contents/PlugIns/imageformats/libqmacheif.dylib

--validated:/Users/bytedance/Downloads/国产资产作业/qt-video-workbench/.workbench/release-macos-arm64-1.7.0/QtVideoWorkbench.app/Contents/PlugIns/imageformats/libqtiff.dylib--validated:/Users/bytedance/Downloads/国产资产作业/qt-video-workbench/.workbench/release-macos-arm64-1.7.0/QtVideoWorkbench.app/Contents/PlugIns/imageformats/libqmacheif.dylib
--prepared:/Users/bytedance/Downloads/国产资产作业/qt-video-workbench/.workbench/release-macos-arm64-1.7.0/QtVideoWorkbench.app/Contents/PlugIns/platforms/libqcocoa.dylib
--prepared:/Users/bytedance/Downloads/国产资产作业/qt-video-workbench/.workbench/release-macos-arm64-1.7.0/QtVideoWorkbench.app/Contents/PlugIns/imageformats/libqwebp.dylib

--validated:/Users/bytedance/Downloads/国产资产作业/qt-video-workbench/.workbench/release-macos-arm64-1.7.0/QtVideoWorkbench.app/Contents/PlugIns/platforms/libqcocoa.dylib
--validated:/Users/bytedance/Downloads/国产资产作业/qt-video-workbench/.workbench/release-macos-arm64-1.7.0/QtVideoWorkbench.app/Contents/PlugIns/imageformats/libqico.dylib
--prepared:/Users/bytedance/Downloads/国产资产作业/qt-video-workbench/.workbench/release-macos-arm64-1.7.0/QtVideoWorkbench.app/Contents/PlugIns/imageformats/libqjpeg.dylib
--validated:/Users/bytedance/Downloads/国产资产作业/qt-video-workbench/.workbench/release-macos-arm64-1.7.0/QtVideoWorkbench.app/Contents/PlugIns/imageformats/libqwebp.dylib
--validated:/Users/bytedance/Downloads/国产资产作业/qt-video-workbench/.workbench/release-macos-arm64-1.7.0/QtVideoWorkbench.app/Contents/PlugIns/imageformats/libqjpeg.dylib
--prepared:/Users/bytedance/Downloads/国产资产作业/qt-video-workbench/.workbench/release-macos-arm64-1.7.0/QtVideoWorkbench.app/Contents/PlugIns/imageformats/libqmng.dylib
--prepared:/Users/bytedance/Downloads/国产资产作业/qt-video-workbench/.workbench/release-macos-arm64-1.7.0/QtVideoWorkbench.app/Contents/PlugIns/imageformats/libqjp2.dylib
--validated:/Users/bytedance/Downloads/国产资产作业/qt-video-workbench/.workbench/release-macos-arm64-1.7.0/QtVideoWorkbench.app/Contents/PlugIns/imageformats/libqmng.dylib
--validated:/Users/bytedance/Downloads/国产资产作业/qt-video-workbench/.workbench/release-macos-arm64-1.7.0/QtVideoWorkbench.app/Contents/PlugIns/imageformats/libqjp2.dylib
--prepared:/Users/bytedance/Downloads/国产资产作业/qt-video-workbench/.workbench/release-macos-arm64-1.7.0/QtVideoWorkbench.app/Contents/PlugIns/imageformats/libqpdf.dylib
--prepared:/Users/bytedance/Downloads/国产资产作业/qt-video-workbench/.workbench/release-macos-arm64-1.7.0/QtVideoWorkbench.app/Contents/PlugIns/imageformats/libqtga.dylib
--validated:/Users/bytedance/Downloads/国产资产作业/qt-video-workbench/.workbench/release-macos-arm64-1.7.0/QtVideoWorkbench.app/Contents/PlugIns/imageformats/libqpdf.dylib
--prepared:/Users/bytedance/Downloads/国产资产作业/qt-video-workbench/.workbench/release-macos-arm64-1.7.0/QtVideoWorkbench.app/Contents/PlugIns/imageformats/libqicns.dylib
--validated:/Users/bytedance/Downloads/国产资产作业/qt-video-workbench/.workbench/release-macos-arm64-1.7.0/QtVideoWorkbench.app/Contents/PlugIns/imageformats/libqtga.dylib
--validated:/Users/bytedance/Downloads/国产资产作业/qt-video-workbench/.workbench/release-macos-arm64-1.7.0/QtVideoWorkbench.app/Contents/PlugIns/imageformats/libqicns.dylib
--prepared:/Users/bytedance/Downloads/国产资产作业/qt-video-workbench/.workbench/release-macos-arm64-1.7.0/QtVideoWorkbench.app/Contents/PlugIns/networkinformation/libqapplenetworkinformation.dylib
--prepared:/Users/bytedance/Downloads/国产资产作业/qt-video-workbench/.workbench/release-macos-arm64-1.7.0/QtVideoWorkbench.app/Contents/PlugIns/networkinformation/libqglib.dylib
--validated:/Users/bytedance/Downloads/国产资产作业/qt-video-workbench/.workbench/release-macos-arm64-1.7.0/QtVideoWorkbench.app/Contents/PlugIns/networkinformation/libqapplenetworkinformation.dylib
--validated:/Users/bytedance/Downloads/国产资产作业/qt-video-workbench/.workbench/release-macos-arm64-1.7.0/QtVideoWorkbench.app/Contents/PlugIns/networkinformation/libqglib.dylib
--prepared:/Users/bytedance/Downloads/国产资产作业/qt-video-workbench/.workbench/release-macos-arm64-1.7.0/QtVideoWorkbench.app/Contents/Frameworks/libgraphite2.3.dylib
--prepared:/Users/bytedance/Downloads/国产资产作业/qt-video-workbench/.workbench/release-macos-arm64-1.7.0/QtVideoWorkbench.app/Contents/Frameworks/libbrotlidec.1.dylib
--prepared:/Users/bytedance/Downloads/国产资产作业/qt-video-workbench/.workbench/release-macos-arm64-1.7.0/QtVideoWorkbench.app/Contents/Frameworks/libbrotlicommon.1.dylib
--validated:/Users/bytedance/Downloads/国产资产作业/qt-video-workbench/.workbench/release-macos-arm64-1.7.0/QtVideoWorkbench.app/Contents/Frameworks/libbrotlidec.1.dylib
--validated:/Users/bytedance/Downloads/国产资产作业/qt-video-workbench/.workbench/release-macos-arm64-1.7.0/QtVideoWorkbench.app/Contents/Frameworks/libgraphite2.3.dylib
--prepared:/Users/bytedance/Downloads/国产资产作业/qt-video-workbench/.workbench/release-macos-arm64-1.7.0/QtVideoWorkbench.app/Contents/Frameworks/libmd4c.0.dylib
--validated:/Users/bytedance/Downloads/国产资产作业/qt-video-workbench/.workbench/release-macos-arm64-1.7.0/QtVideoWorkbench.app/Contents/Frameworks/libbrotlicommon.1.dylib
--validated:/Users/bytedance/Downloads/国产资产作业/qt-video-workbench/.workbench/release-macos-arm64-1.7.0/QtVideoWorkbench.app/Contents/Frameworks/libmd4c.0.dylib
--prepared:/Users/bytedance/Downloads/国产资产作业/qt-video-workbench/.workbench/release-macos-arm64-1.7.0/QtVideoWorkbench.app/Contents/Frameworks/libpcre2-16.0.dylib
--validated:/Users/bytedance/Downloads/国产资产作业/qt-video-workbench/.workbench/release-macos-arm64-1.7.0/QtVideoWorkbench.app/Contents/Frameworks/libpcre2-16.0.dylib
--prepared:/Users/bytedance/Downloads/国产资产作业/qt-video-workbench/.workbench/release-macos-arm64-1.7.0/QtVideoWorkbench.app/Contents/Frameworks/libpcre2-8.0.dylib
--validated:/Users/bytedance/Downloads/国产资产作业/qt-video-workbench/.workbench/release-macos-arm64-1.7.0/QtVideoWorkbench.app/Contents/Frameworks/libpcre2-8.0.dylib
--prepared:/Users/bytedance/Downloads/国产资产作业/qt-video-workbench/.workbench/release-macos-arm64-1.7.0/QtVideoWorkbench.app/Contents/Frameworks/QtVirtualKeyboardQml.framework/Versions/Current/.
--prepared:/Users/bytedance/Downloads/国产资产作业/qt-video-workbench/.workbench/release-macos-arm64-1.7.0/QtVideoWorkbench.app/Contents/Frameworks/QtQmlMeta.framework/Versions/Current/.
--prepared:/Users/bytedance/Downloads/国产资产作业/qt-video-workbench/.workbench/release-macos-arm64-1.7.0/QtVideoWorkbench.app/Contents/Frameworks/QtQuickWidgets.framework/Versions/Current/.
--prepared:/Users/bytedance/Downloads/国产资产作业/qt-video-workbench/.workbench/release-macos-arm64-1.7.0/QtVideoWorkbench.app/Contents/Frameworks/QtWebEngineWidgets.framework/Versions/Current/.
--validated:/Users/bytedance/Downloads/国产资产作业/qt-video-workbench/.workbench/release-macos-arm64-1.7.0/QtVideoWorkbench.app/Contents/Frameworks/QtQuickWidgets.framework/Versions/Current/.
--validated:/Users/bytedance/Downloads/国产资产作业/qt-video-workbench/.workbench/release-macos-arm64-1.7.0/QtVideoWorkbench.app/Contents/Frameworks/QtQmlMeta.framework/Versions/Current/.
--validated:/Users/bytedance/Downloads/国产资产作业/qt-video-workbench/.workbench/release-macos-arm64-1.7.0/QtVideoWorkbench.app/Contents/Frameworks/QtWebEngineWidgets.framework/Versions/Current/.
--validated:/Users/bytedance/Downloads/国产资产作业/qt-video-workbench/.workbench/release-macos-arm64-1.7.0/QtVideoWorkbench.app/Contents/Frameworks/QtVirtualKeyboardQml.framework/Versions/Current/.
--prepared:/Users/bytedance/Downloads/国产资产作业/qt-video-workbench/.workbench/release-macos-arm64-1.7.0/QtVideoWorkbench.app/Contents/Frameworks/QtPdf.framework/Versions/Current/.
--validated:/Users/bytedance/Downloads/国产资产作业/qt-video-workbench/.workbench/release-macos-arm64-1.7.0/QtVideoWorkbench.app/Contents/Frameworks/QtPdf.framework/Versions/Current/.
--prepared:/Users/bytedance/Downloads/国产资产作业/qt-video-workbench/.workbench/release-macos-arm64-1.7.0/QtVideoWorkbench.app/Contents/Frameworks/libpng16.16.dylib
--validated:/Users/bytedance/Downloads/国产资产作业/qt-video-workbench/.workbench/release-macos-arm64-1.7.0/QtVideoWorkbench.app/Contents/Frameworks/libpng16.16.dylib
--prepared:/Users/bytedance/Downloads/国产资产作业/qt-video-workbench/.workbench/release-macos-arm64-1.7.0/QtVideoWorkbench.app/Contents/Frameworks/liblcms2.2.dylib
--validated:/Users/bytedance/Downloads/国产资产作业/qt-video-workbench/.workbench/release-macos-arm64-1.7.0/QtVideoWorkbench.app/Contents/Frameworks/liblcms2.2.dylib
--prepared:/Users/bytedance/Downloads/国产资产作业/qt-video-workbench/.workbench/release-macos-arm64-1.7.0/QtVideoWorkbench.app/Contents/Frameworks/libgobject-2.0.0.dylib
--prepared:/Users/bytedance/Downloads/国产资产作业/qt-video-workbench/.workbench/release-macos-arm64-1.7.0/QtVideoWorkbench.app/Contents/Frameworks/libfreetype.6.dylib
--validated:/Users/bytedance/Downloads/国产资产作业/qt-video-workbench/.workbench/release-macos-arm64-1.7.0/QtVideoWorkbench.app/Contents/Frameworks/libgobject-2.0.0.dylib
--validated:/Users/bytedance/Downloads/国产资产作业/qt-video-workbench/.workbench/release-macos-arm64-1.7.0/QtVideoWorkbench.app/Contents/Frameworks/libfreetype.6.dylib
--prepared:/Users/bytedance/Downloads/国产资产作业/qt-video-workbench/.workbench/release-macos-arm64-1.7.0/QtVideoWorkbench.app/Contents/Frameworks/libglib-2.0.0.dylib
--validated:/Users/bytedance/Downloads/国产资产作业/qt-video-workbench/.workbench/release-macos-arm64-1.7.0/QtVideoWorkbench.app/Contents/Frameworks/libglib-2.0.0.dylib
--prepared:/Users/bytedance/Downloads/国产资产作业/qt-video-workbench/.workbench/release-macos-arm64-1.7.0/QtVideoWorkbench.app/Contents/Frameworks/QtSerialPort.framework/Versions/Current/.
--prepared:/Users/bytedance/Downloads/国产资产作业/qt-video-workbench/.workbench/release-macos-arm64-1.7.0/QtVideoWorkbench.app/Contents/Frameworks/libssl.3.dylib
--validated:/Users/bytedance/Downloads/国产资产作业/qt-video-workbench/.workbench/release-macos-arm64-1.7.0/QtVideoWorkbench.app/Contents/Frameworks/libssl.3.dylib
--prepared:/Users/bytedance/Downloads/国产资产作业/qt-video-workbench/.workbench/release-macos-arm64-1.7.0/QtVideoWorkbench.app/Contents/Frameworks/QtPrintSupport.framework/Versions/Current/.
--prepared:/Users/bytedance/Downloads/国产资产作业/qt-video-workbench/.workbench/release-macos-arm64-1.7.0/QtVideoWorkbench.app/Contents/Frameworks/QtWebChannel.framework/Versions/Current/.
--prepared:/Users/bytedance/Downloads/国产资产作业/qt-video-workbench/.workbench/release-macos-arm64-1.7.0/QtVideoWorkbench.app/Contents/Frameworks/QtDBus.framework/Versions/Current/.
--validated:/Users/bytedance/Downloads/国产资产作业/qt-video-workbench/.workbench/release-macos-arm64-1.7.0/QtVideoWorkbench.app/Contents/Frameworks/QtPrintSupport.framework/Versions/Current/.
--validated:/Users/bytedance/Downloads/国产资产作业/qt-video-workbench/.workbench/release-macos-arm64-1.7.0/QtVideoWorkbench.app/Contents/Frameworks/QtSerialPort.framework/Versions/Current/.
--validated:/Users/bytedance/Downloads/国产资产作业/qt-video-workbench/.workbench/release-macos-arm64-1.7.0/QtVideoWorkbench.app/Contents/Frameworks/QtDBus.framework/Versions/Current/.
--validated:/Users/bytedance/Downloads/国产资产作业/qt-video-workbench/.workbench/release-macos-arm64-1.7.0/QtVideoWorkbench.app/Contents/Frameworks/QtWebChannel.framework/Versions/Current/.
--prepared:/Users/bytedance/Downloads/国产资产作业/qt-video-workbench/.workbench/release-macos-arm64-1.7.0/QtVideoWorkbench.app/Contents/Frameworks/libsharpyuv.0.dylib
--validated:/Users/bytedance/Downloads/国产资产作业/qt-video-workbench/.workbench/release-macos-arm64-1.7.0/QtVideoWorkbench.app/Contents/Frameworks/libsharpyuv.0.dylib
--prepared:/Users/bytedance/Downloads/国产资产作业/qt-video-workbench/.workbench/release-macos-arm64-1.7.0/QtVideoWorkbench.app/Contents/Frameworks/libjasper.7.dylib
--validated:/Users/bytedance/Downloads/国产资产作业/qt-video-workbench/.workbench/release-macos-arm64-1.7.0/QtVideoWorkbench.app/Contents/Frameworks/libjasper.7.dylib
--prepared:/Users/bytedance/Downloads/国产资产作业/qt-video-workbench/.workbench/release-macos-arm64-1.7.0/QtVideoWorkbench.app/Contents/Frameworks/QtQmlWorkerScript.framework/Versions/Current/.
--prepared:/Users/bytedance/Downloads/国产资产作业/qt-video-workbench/.workbench/release-macos-arm64-1.7.0/QtVideoWorkbench.app/Contents/Frameworks/libharfbuzz.0.dylib
--validated:/Users/bytedance/Downloads/国产资产作业/qt-video-workbench/.workbench/release-macos-arm64-1.7.0/QtVideoWorkbench.app/Contents/Frameworks/libharfbuzz.0.dylib
--prepared:/Users/bytedance/Downloads/国产资产作业/qt-video-workbench/.workbench/release-macos-arm64-1.7.0/QtVideoWorkbench.app/Contents/Frameworks/QtOpenGL.framework/Versions/Current/.
--prepared:/Users/bytedance/Downloads/国产资产作业/qt-video-workbench/.workbench/release-macos-arm64-1.7.0/QtVideoWorkbench.app/Contents/Frameworks/libcrypto.3.dylib
--validated:/Users/bytedance/Downloads/国产资产作业/qt-video-workbench/.workbench/release-macos-arm64-1.7.0/QtVideoWorkbench.app/Contents/Frameworks/libcrypto.3.dylib
--validated:/Users/bytedance/Downloads/国产资产作业/qt-video-workbench/.workbench/release-macos-arm64-1.7.0/QtVideoWorkbench.app/Contents/Frameworks/QtQmlWorkerScript.framework/Versions/Current/.
--validated:/Users/bytedance/Downloads/国产资产作业/qt-video-workbench/.workbench/release-macos-arm64-1.7.0/QtVideoWorkbench.app/Contents/Frameworks/QtOpenGL.framework/Versions/Current/.
--prepared:/Users/bytedance/Downloads/国产资产作业/qt-video-workbench/.workbench/release-macos-arm64-1.7.0/QtVideoWorkbench.app/Contents/Frameworks/QtVirtualKeyboard.framework/Versions/Current/.
--prepared:/Users/bytedance/Downloads/国产资产作业/qt-video-workbench/.workbench/release-macos-arm64-1.7.0/QtVideoWorkbench.app/Contents/Frameworks/QtQuick.framework/Versions/Current/.
--prepared:/Users/bytedance/Downloads/国产资产作业/qt-video-workbench/.workbench/release-macos-arm64-1.7.0/QtVideoWorkbench.app/Contents/Frameworks/libgmodule-2.0.0.dylib
--validated:/Users/bytedance/Downloads/国产资产作业/qt-video-workbench/.workbench/release-macos-arm64-1.7.0/QtVideoWorkbench.app/Contents/Frameworks/libgmodule-2.0.0.dylib
--prepared:/Users/bytedance/Downloads/国产资产作业/qt-video-workbench/.workbench/release-macos-arm64-1.7.0/QtVideoWorkbench.app/Contents/Frameworks/libintl.8.dylib
--validated:/Users/bytedance/Downloads/国产资产作业/qt-video-workbench/.workbench/release-macos-arm64-1.7.0/QtVideoWorkbench.app/Contents/Frameworks/QtQuick.framework/Versions/Current/.
--validated:/Users/bytedance/Downloads/国产资产作业/qt-video-workbench/.workbench/release-macos-arm64-1.7.0/QtVideoWorkbench.app/Contents/Frameworks/libintl.8.dylib
--prepared:/Users/bytedance/Downloads/国产资产作业/qt-video-workbench/.workbench/release-macos-arm64-1.7.0/QtVideoWorkbench.app/Contents/Frameworks/libwebp.7.dylib
--validated:/Users/bytedance/Downloads/国产资产作业/qt-video-workbench/.workbench/release-macos-arm64-1.7.0/QtVideoWorkbench.app/Contents/Frameworks/libwebp.7.dylib
--prepared:/Users/bytedance/Downloads/国产资产作业/qt-video-workbench/.workbench/release-macos-arm64-1.7.0/QtVideoWorkbench.app/Contents/Frameworks/QtGui.framework/Versions/Current/.
--prepared:/Users/bytedance/Downloads/国产资产作业/qt-video-workbench/.workbench/release-macos-arm64-1.7.0/QtVideoWorkbench.app/Contents/Frameworks/QtQml.framework/Versions/Current/.
--validated:/Users/bytedance/Downloads/国产资产作业/qt-video-workbench/.workbench/release-macos-arm64-1.7.0/QtVideoWorkbench.app/Contents/Frameworks/QtGui.framework/Versions/Current/.
--prepared:/Users/bytedance/Downloads/国产资产作业/qt-video-workbench/.workbench/release-macos-arm64-1.7.0/QtVideoWorkbench.app/Contents/Frameworks/QtCore.framework/Versions/Current/.
--validated:/Users/bytedance/Downloads/国产资产作业/qt-video-workbench/.workbench/release-macos-arm64-1.7.0/QtVideoWorkbench.app/Contents/Frameworks/QtQml.framework/Versions/Current/.
--validated:/Users/bytedance/Downloads/国产资产作业/qt-video-workbench/.workbench/release-macos-arm64-1.7.0/QtVideoWorkbench.app/Contents/Frameworks/QtCore.framework/Versions/Current/.
--validated:/Users/bytedance/Downloads/国产资产作业/qt-video-workbench/.workbench/release-macos-arm64-1.7.0/QtVideoWorkbench.app/Contents/Frameworks/QtVirtualKeyboard.framework/Versions/Current/.
--prepared:/Users/bytedance/Downloads/国产资产作业/qt-video-workbench/.workbench/release-macos-arm64-1.7.0/QtVideoWorkbench.app/Contents/Frameworks/QtWidgets.framework/Versions/Current/.
--validated:/Users/bytedance/Downloads/国产资产作业/qt-video-workbench/.workbench/release-macos-arm64-1.7.0/QtVideoWorkbench.app/Contents/Frameworks/QtWidgets.framework/Versions/Current/.
--prepared:/Users/bytedance/Downloads/国产资产作业/qt-video-workbench/.workbench/release-macos-arm64-1.7.0/QtVideoWorkbench.app/Contents/Frameworks/libwebpmux.3.dylib
--validated:/Users/bytedance/Downloads/国产资产作业/qt-video-workbench/.workbench/release-macos-arm64-1.7.0/QtVideoWorkbench.app/Contents/Frameworks/libwebpmux.3.dylib
--prepared:/Users/bytedance/Downloads/国产资产作业/qt-video-workbench/.workbench/release-macos-arm64-1.7.0/QtVideoWorkbench.app/Contents/Frameworks/libwebpdemux.2.dylib
--prepared:/Users/bytedance/Downloads/国产资产作业/qt-video-workbench/.workbench/release-macos-arm64-1.7.0/QtVideoWorkbench.app/Contents/Frameworks/libgthread-2.0.0.dylib
--validated:/Users/bytedance/Downloads/国产资产作业/qt-video-workbench/.workbench/release-macos-arm64-1.7.0/QtVideoWorkbench.app/Contents/Frameworks/libwebpdemux.2.dylib
--validated:/Users/bytedance/Downloads/国产资产作业/qt-video-workbench/.workbench/release-macos-arm64-1.7.0/QtVideoWorkbench.app/Contents/Frameworks/libgthread-2.0.0.dylib
--prepared:/Users/bytedance/Downloads/国产资产作业/qt-video-workbench/.workbench/release-macos-arm64-1.7.0/QtVideoWorkbench.app/Contents/Frameworks/liblzma.5.dylib
--prepared:/Users/bytedance/Downloads/国产资产作业/qt-video-workbench/.workbench/release-macos-arm64-1.7.0/QtVideoWorkbench.app/Contents/Frameworks/libdbus-1.3.dylib
--validated:/Users/bytedance/Downloads/国产资产作业/qt-video-workbench/.workbench/release-macos-arm64-1.7.0/QtVideoWorkbench.app/Contents/Frameworks/libdbus-1.3.dylib
--validated:/Users/bytedance/Downloads/国产资产作业/qt-video-workbench/.workbench/release-macos-arm64-1.7.0/QtVideoWorkbench.app/Contents/Frameworks/liblzma.5.dylib
--prepared:/Users/bytedance/Downloads/国产资产作业/qt-video-workbench/.workbench/release-macos-arm64-1.7.0/QtVideoWorkbench.app/Contents/Frameworks/libmng.2.dylib
--validated:/Users/bytedance/Downloads/国产资产作业/qt-video-workbench/.workbench/release-macos-arm64-1.7.0/QtVideoWorkbench.app/Contents/Frameworks/libmng.2.dylib
--prepared:/Users/bytedance/Downloads/国产资产作业/qt-video-workbench/.workbench/release-macos-arm64-1.7.0/QtVideoWorkbench.app/Contents/Frameworks/QtPositioning.framework/Versions/Current/.
--prepared:/Users/bytedance/Downloads/国产资产作业/qt-video-workbench/.workbench/release-macos-arm64-1.7.0/QtVideoWorkbench.app/Contents/Frameworks/QtSvg.framework/Versions/Current/.
--prepared:/Users/bytedance/Downloads/国产资产作业/qt-video-workbench/.workbench/release-macos-arm64-1.7.0/QtVideoWorkbench.app/Contents/Frameworks/libzstd.1.dylib
--validated:/Users/bytedance/Downloads/国产资产作业/qt-video-workbench/.workbench/release-macos-arm64-1.7.0/QtVideoWorkbench.app/Contents/Frameworks/libzstd.1.dylib
--prepared:/Users/bytedance/Downloads/国产资产作业/qt-video-workbench/.workbench/release-macos-arm64-1.7.0/QtVideoWorkbench.app/Contents/Frameworks/libdouble-conversion.3.dylib
--validated:/Users/bytedance/Downloads/国产资产作业/qt-video-workbench/.workbench/release-macos-arm64-1.7.0/QtVideoWorkbench.app/Contents/Frameworks/libdouble-conversion.3.dylib
--prepared:/Users/bytedance/Downloads/国产资产作业/qt-video-workbench/.workbench/release-macos-arm64-1.7.0/QtVideoWorkbench.app/Contents/Frameworks/libb2.1.dylib
--validated:/Users/bytedance/Downloads/国产资产作业/qt-video-workbench/.workbench/release-macos-arm64-1.7.0/QtVideoWorkbench.app/Contents/Frameworks/libb2.1.dylib
--validated:/Users/bytedance/Downloads/国产资产作业/qt-video-workbench/.workbench/release-macos-arm64-1.7.0/QtVideoWorkbench.app/Contents/Frameworks/QtPositioning.framework/Versions/Current/.
--prepared:/Users/bytedance/Downloads/国产资产作业/qt-video-workbench/.workbench/release-macos-arm64-1.7.0/QtVideoWorkbench.app/Contents/Frameworks/QtNetwork.framework/Versions/Current/.
--prepared:/Users/bytedance/Downloads/国产资产作业/qt-video-workbench/.workbench/release-macos-arm64-1.7.0/QtVideoWorkbench.app/Contents/Frameworks/libjpeg.8.dylib
--prepared:/Users/bytedance/Downloads/国产资产作业/qt-video-workbench/.workbench/release-macos-arm64-1.7.0/QtVideoWorkbench.app/Contents/Frameworks/libtiff.6.dylib
--validated:/Users/bytedance/Downloads/国产资产作业/qt-video-workbench/.workbench/release-macos-arm64-1.7.0/QtVideoWorkbench.app/Contents/Frameworks/libjpeg.8.dylib
--validated:/Users/bytedance/Downloads/国产资产作业/qt-video-workbench/.workbench/release-macos-arm64-1.7.0/QtVideoWorkbench.app/Contents/Frameworks/libtiff.6.dylib
--prepared:/Users/bytedance/Downloads/国产资产作业/qt-video-workbench/.workbench/release-macos-arm64-1.7.0/QtVideoWorkbench.app/Contents/Frameworks/QtQmlModels.framework/Versions/Current/.
--prepared:/Users/bytedance/Downloads/国产资产作业/qt-video-workbench/.workbench/release-macos-arm64-1.7.0/QtVideoWorkbench.app/Contents/Frameworks/libicuuc.78.dylib
--validated:/Users/bytedance/Downloads/国产资产作业/qt-video-workbench/.workbench/release-macos-arm64-1.7.0/QtVideoWorkbench.app/Contents/Frameworks/libicuuc.78.dylib
--validated:/Users/bytedance/Downloads/国产资产作业/qt-video-workbench/.workbench/release-macos-arm64-1.7.0/QtVideoWorkbench.app/Contents/Frameworks/QtNetwork.framework/Versions/Current/.
--validated:/Users/bytedance/Downloads/国产资产作业/qt-video-workbench/.workbench/release-macos-arm64-1.7.0/QtVideoWorkbench.app/Contents/Frameworks/QtQmlModels.framework/Versions/Current/.
--validated:/Users/bytedance/Downloads/国产资产作业/qt-video-workbench/.workbench/release-macos-arm64-1.7.0/QtVideoWorkbench.app/Contents/Frameworks/QtSvg.framework/Versions/Current/.
--prepared:/Users/bytedance/Downloads/国产资产作业/qt-video-workbench/.workbench/release-macos-arm64-1.7.0/QtVideoWorkbench.app/Contents/Frameworks/libicui18n.78.dylib
--prepared:/Users/bytedance/Downloads/国产资产作业/qt-video-workbench/.workbench/release-macos-arm64-1.7.0/QtVideoWorkbench.app/Contents/Frameworks/libgio-2.0.0.dylib
--validated:/Users/bytedance/Downloads/国产资产作业/qt-video-workbench/.workbench/release-macos-arm64-1.7.0/QtVideoWorkbench.app/Contents/Frameworks/libicui18n.78.dylib
--validated:/Users/bytedance/Downloads/国产资产作业/qt-video-workbench/.workbench/release-macos-arm64-1.7.0/QtVideoWorkbench.app/Contents/Frameworks/libgio-2.0.0.dylib
--prepared:/Users/bytedance/Downloads/国产资产作业/qt-video-workbench/.workbench/release-macos-arm64-1.7.0/QtVideoWorkbench.app/Contents/Frameworks/libicudata.78.dylib
--validated:/Users/bytedance/Downloads/国产资产作业/qt-video-workbench/.workbench/release-macos-arm64-1.7.0/QtVideoWorkbench.app/Contents/Frameworks/libicudata.78.dylib
--prepared:/Users/bytedance/Downloads/国产资产作业/qt-video-workbench/.workbench/release-macos-arm64-1.7.0/QtVideoWorkbench.app/Contents/Frameworks/QtWebEngineCore.framework/Versions/Current/.
--prepared:/Users/bytedance/Downloads/国产资产作业/qt-video-workbench/.workbench/release-macos-arm64-1.7.0/QtVideoWorkbench.app/Contents/Frameworks/QtWebEngineCore.framework/Versions/Current/Helpers/QtWebEngineProcess.app
--validated:/Users/bytedance/Downloads/国产资产作业/qt-video-workbench/.workbench/release-macos-arm64-1.7.0/QtVideoWorkbench.app/Contents/Frameworks/QtWebEngineCore.framework/Versions/Current/Helpers/QtWebEngineProcess.app
--validated:/Users/bytedance/Downloads/国产资产作业/qt-video-workbench/.workbench/release-macos-arm64-1.7.0/QtVideoWorkbench.app/Contents/Frameworks/QtWebEngineCore.framework/Versions/Current/.
/Users/bytedance/Downloads/国产资产作业/qt-video-workbench/.workbench/release-macos-arm64-1.7.0/QtVideoWorkbench.app: valid on disk
/Users/bytedance/Downloads/国产资产作业/qt-video-workbench/.workbench/release-macos-arm64-1.7.0/QtVideoWorkbench.app: satisfies its Designated Requirement
{"format": "qvw.release-artifact@1", "version": "Qt Video Workbench 1.7.0", "app": "/Users/bytedance/Downloads/\u56fd\u4ea7\u8d44\u4ea7\u4f5c\u4e1a/qt-video-workbench/.workbench/release-macos-arm64-1.7.0/QtVideoWorkbench.app", "archive": "/Users/bytedance/Downloads/\u56fd\u4ea7\u8d44\u4ea7\u4f5c\u4e1a/qt-video-workbench/.workbench/release-macos-arm64-1.7.0/FrameLab-1.7.0-macOS-arm64.zip", "sha256": "5e3f72f871bd4f927d00ceea1ba168a421a8391735902fa17eba28ad94593fde", "signing": "ad-hoc; not notarized", "platform": "macOS arm64; minimum 15.0", "externalDependencies": ["Hypit 0.2.10", "Node >=22.15", "FFmpeg/ffprobe", "Runtime-selected rendering browser", "Codex CLI with current login (Agent creation)"], "machOBinaries": 82}
